Time,F1,F2,F1
0,0,0.5,0
0.0001,0.0936906572928623,0.484291580564316,0.374762629171449
0.0002,0.184062276342339,0.438153340021932,0.736249105369356
0.0003,0.267913397489498,0.364484313710706,1.07165358995799
0.0004,0.342273552964344,0.267913397489498,1.36909421185738
0.0005,0.404508497187474,0.154508497187474,1.6180339887499
0.0006,0.45241352623301,0.0313952597646566,1.80965410493204
0.0007,0.484291580564316,-0.0936906572928624,1.93716632225726
0.0008,0.499013364214136,-0.212889645782537,1.99605345685654
0.0009,0.496057350657239,-0.318711994874345,1.98422940262896
0.001,0.475528258147577,-0.404508497187474,1.90211303259031
0.0011,0.438153340021932,-0.464888242944126,1.75261336008773
0.0012,0.385256621387894,-0.496057350657239,1.54102648555158
0.0013,0.318711994874345,-0.496057350657239,1.27484797949738
0.0014,0.240876837050857,-0.464888242944125,0.963507348203431
0.0015,0.154508497187473,-0.404508497187473,0.618033988749895
0.0016,0.0626666167821518,-0.318711994874344,0.250666467128608
0.0017,-0.0313952597646571,-0.212889645782536,-0.125581039058626
0.0018,-0.124344943582428,-0.0936906572928614,-0.497379774329709
0.0019,-0.212889645782537,0.0313952597646573,-0.851558583130145
0.002,-0.293892626146237,0.154508497187474,-1.17557050458495
0.0021,-0.364484313710706,0.267913397489499,-1.45793725484282
0.0022,-0.422163962751008,0.364484313710706,-1.68865585100403
0.0023,-0.464888242944126,0.438153340021932,-1.8595529717765
0.0024,-0.491143625364344,0.484291580564315,-1.96457450145738
0.0025,-0.5,0.5,-2
0.0026,-0.491143625364344,0.484291580564316,-1.96457450145738
0.0027,-0.464888242944126,0.438153340021932,-1.8595529717765
0.0028,-0.422163962751008,0.364484313710706,-1.68865585100403
0.0029,-0.364484313710707,0.267913397489499,-1.45793725484282
0.003,-0.293892626146238,0.154508497187475,-1.17557050458495
0.0031,-0.212889645782538,0.0313952597646584,-0.851558583130146
0.0032,-0.124344943582429,-0.0936906572928608,-0.497379774329709
0.0033,-0.0313952597646584,-0.212889645782534,-0.125581039058628
0.0034,0.0626666167821503,-0.318711994874343,0.250666467128607
0.0035,0.154508497187471,-0.404508497187472,0.618033988749894
0.0036,0.240876837050855,-0.464888242944125,0.96350734820343
0.0037,0.318711994874343,-0.496057350657239,1.27484797949738
0.0038,0.385256621387893,-0.496057350657239,1.54102648555158
0.0039,0.43815334002193,-0.464888242944127,1.75261336008773
0.004,0.475528258147576,-0.404508497187475,1.90211303259031
0.0041,0.496057350657239,-0.318711994874347,1.98422940262896
0.0042,0.499013364214136,-0.212889645782539,1.99605345685654
0.0043,0.484291580564316,-0.0936906572928646,1.93716632225726
0.0044,0.45241352623301,0.0313952597646545,1.80965410493204
0.0045,0.404508497187474,0.154508497187473,1.6180339887499
0.0046,0.342273552964345,0.267913397489497,1.36909421185738
0.0047,0.267913397489499,0.364484313710705,1.07165358995799
0.0048,0.18406227634234,0.438153340021932,0.736249105369359
0.0049,0.0936906572928628,0.484291580564315,0.374762629171451
0.005,1.83697019872103E-16,0.5,7.34788079488412E-16
0.0051,-0.0936906572928625,0.484291580564315,-0.37476262917145
0.0052,-0.184062276342339,0.438153340021931,-0.736249105369355
0.0053,-0.267913397489499,0.364484313710705,-1.07165358995799
0.0054,-0.342273552964345,0.267913397489497,-1.36909421185738
0.0055,-0.404508497187474,0.154508497187472,-1.61803398874989
0.0056,-0.45241352623301,0.0313952597646541,-1.80965410493204
0.0057,-0.484291580564316,-0.093690657292865,-1.93716632225726
0.0058,-0.499013364214136,-0.212889645782539,-1.99605345685654
0.0059,-0.496057350657239,-0.318711994874347,-1.98422940262896
0.006,-0.475528258147576,-0.404508497187476,-1.90211303259031
0.0061,-0.43815334002193,-0.464888242944127,-1.75261336008773
0.0062,-0.385256621387893,-0.49605735065724,-1.54102648555158
0.0063,-0.318711994874343,-0.496057350657238,-1.27484797949738
0.0064,-0.240876837050855,-0.464888242944124,-0.96350734820343
0.0065,-0.154508497187471,-0.404508497187471,-0.618033988749896
0.0066,-0.0626666167821485,-0.31871199487434,-0.250666467128612
0.0067,0.0313952597646607,-0.212889645782531,0.125581039058625
0.0068,0.124344943582432,-0.093690657292856,0.497379774329706
0.00690000000000001,0.212889645782541,0.0313952597646624,0.851558583130178
0.00700000000000001,0.293892626146241,0.15450849718748,1.17557050458497
0.00710000000000001,0.364484313710709,0.267913397489505,1.45793725484285
0.00720000000000001,0.42216396275101,0.364484313710711,1.68865585100405
0.00730000000000001,0.464888242944128,0.438153340021936,1.85955297177652
0.00740000000000001,0.491143625364345,0.484291580564317,1.96457450145738
0.00750000000000001,0.5,0.5,2
0.00760000000000001,0.491143625364343,0.484291580564313,1.96457450145737
0.00770000000000001,0.464888242944123,0.438153340021928,1.85955297177649
0.00780000000000001,0.422163962751004,0.364484313710699,1.68865585100401
0.00790000000000001,0.364484313710701,0.267913397489491,1.4579372548428
0.00800000000000001,0.293892626146232,0.154508497187466,1.17557050458492
0.00810000000000001,0.212889645782531,0.0313952597646489,0.851558583130113
0.00820000000000001,0.124344943582423,-0.0936906572928693,0.497379774329677
0.0083,0.0313952597646524,-0.212889645782542,0.125581039058627
0.0084,-0.0626666167821559,-0.318711994874349,-0.250666467128606
0.0085,-0.154508497187478,-0.404508497187477,-0.618033988749897
0.0086,-0.240876837050861,-0.464888242944127,-0.963507348203431
0.0087,-0.318711994874347,-0.496057350657239,-1.27484797949738
0.0088,-0.385256621387896,-0.496057350657239,-1.54102648555158
0.0089,-0.438153340021933,-0.464888242944125,-1.75261336008773
0.009,-0.475528258147577,-0.404508497187473,-1.90211303259031
0.0091,-0.496057350657239,-0.318711994874344,-1.98422940262896
0.0092,-0.499013364214136,-0.212889645782536,-1.99605345685654
0.0093,-0.484291580564316,-0.0936906572928631,-1.93716632225726
0.0094,-0.452413526233011,0.0313952597646552,-1.80965410493204
0.0095,-0.404508497187476,0.154508497187472,-1.6180339887499
0.0096,-0.342273552964347,0.267913397489496,-1.36909421185738
0.0097,-0.267913397489502,0.364484313710703,-1.071653589958
0.0098,-0.184062276342343,0.43815334002193,-0.73624910536936
0.0099,-0.0936906572928674,0.484291580564314,-0.374762629171449
0.01,-5.69646455794496E-15,0.5,-1.46957615897682E-15
0.0101,0.0936906572928562,0.484291580564317,0.374762629171446
0.0102,0.184062276342333,0.438153340021935,0.736249105369357
0.0103,0.267913397489492,0.364484313710711,1.07165358995799
0.0104,0.342273552964339,0.267913397489506,1.36909421185738
0.0105,0.404508497187469,0.154508497187483,1.6180339887499
0.0106,0.452413526233006,0.0313952597646668,1.80965410493204
0.0107,0.484291580564313,-0.0936906572928517,1.93716632225726
0.0108,0.499013364214135,-0.212889645782526,1.99605345685654
0.0109,0.49605735065724,-0.318711994874335,1.98422940262896
0.011,0.47552825814758,-0.404508497187466,1.90211303259031
0.0111,0.438153340021937,-0.464888242944121,1.75261336008773
0.0112,0.385256621387902,-0.496057350657237,1.54102648555158
0.0113,0.318711994874355,-0.496057350657241,1.27484797949739
0.0114,0.240876837050869,-0.464888242944132,0.963507348203433
0.0115,0.154508497187487,-0.404508497187485,0.6180339887499
0.0116,0.0626666167821663,-0.31871199487436,0.250666467128616
0.0117,-0.0313952597646419,-0.212889645782554,-0.125581039058624
0.0118,-0.124344943582413,-0.0936906572928824,-0.497379774329705
0.0119,-0.212889645782522,0.0313952597646355,-0.851558583130146
0.012,-0.293892626146223,0.154508497187453,-1.17557050458495
0.0121,-0.364484313710694,0.267913397489479,-1.45793725484282
0.0122,-0.422163962750998,0.36448431371069,-1.68865585100403
0.0123,-0.464888242944119,0.43815334002192,-1.8595529717765
0.0124,-0.491143625364341,0.484291580564309,-1.96457450145738
0.0125,-0.5,0.5,-2
0.0126,-0.491143625364348,0.484291580564322,-1.96457450145738
0.0127,-0.464888242944133,0.438153340021945,-1.8595529717765
0.0128,-0.422163962751019,0.364484313710725,-1.68865585100403
0.0129,-0.36448431371072,0.267913397489522,-1.45793725484282
0.013,-0.293892626146254,0.154508497187501,-1.17557050458495
0.0131,-0.212889645782557,0.0313952597646864,-0.851558583130149
0.0132,-0.12434494358245,-0.0936906572928324,-0.497379774329716
0.0133,-0.03139525976468,-0.212889645782508,-0.125581039058635
0.0134,0.0626666167821284,-0.31871199487432,0.250666467128605
0.0135,0.15450849718745,-0.404508497187454,0.61803398874989
0.0136,0.240876837050834,-0.464888242944113,0.963507348203424
0.0137,0.318711994874324,-0.496057350657235,1.27484797949738
0.0138,0.385256621387877,-0.496057350657243,1.54102648555158
0.0139,0.438153340021918,-0.464888242944139,1.75261336008772
0.014,0.475528258147568,-0.404508497187495,1.90211303259031
0.0141,0.496057350657235,-0.318711994874373,1.98422940262896
0.0142,0.499013364214138,-0.21288964578257,1.99605345685654
0.0143,0.484291580564323,-0.0936906572929,1.93716632225726
0.0144,0.452413526233023,0.0313952597646177,1.80965410493204
0.0145,0.404508497187492,0.154508497187436,1.61803398874989
0.0146,0.342273552964368,0.267913397489464,1.36909421185738
0.0147,0.267913397489526,0.364484313710677,1.071653589958
0.0148,0.18406227634237,0.438153340021912,0.736249105369354
0.0149,0.0936906572928955,0.484291580564305,0.374762629171449
0.015,3.43018710082211E-14,0.5,2.20436423846524E-15
0.0151,-0.0936906572928281,0.484291580564326,-0.374762629171445
0.0152,-0.184062276342306,0.438153340021953,-0.73624910536935
0.0153,-0.267913397489468,0.364484313710737,-1.07165358995799
0.0154,-0.342273552964318,0.267913397489537,-1.36909421185737
0.0155,-0.404508497187452,0.154508497187518,-1.61803398874989
0.0156,-0.452413526232994,0.0313952597647043,-1.80965410493204
0.0157,-0.484291580564306,-0.0936906572928148,-1.93716632225726
0.0158,-0.499013364214133,-0.212889645782492,-1.99605345685654
0.0159,-0.496057350657244,-0.318711994874306,-1.98422940262896
0.016,-0.475528258147589,-0.404508497187444,-1.90211303259031
0.0161,-0.438153340021951,-0.464888242944107,-1.75261336008773
0.0162,-0.385256621387921,-0.496057350657232,-1.54102648555158
0.0163,-0.318711994874377,-0.496057350657246,-1.27484797949739
0.0164,-0.240876837050894,-0.464888242944145,-0.963507348203428
0.0165,-0.154508497187514,-0.404508497187506,-0.618033988749894
0.0166,-0.0626666167821947,-0.318711994874387,-0.250666467128609
0.0167,0.0313952597646133,-0.212889645782587,0.125581039058624
0.0168,0.124344943582385,-0.0936906572929176,0.497379774329704
0.0169,0.212889645782496,0.0313952597645998,0.851558583130139
0.017,0.2938926261462,0.154508497187419,1.17557050458495
0.0171,0.364484313710673,0.267913397489449,1.45793725484282
0.0172,0.422163962750983,0.364484313710663,1.68865585100403
0.0173,0.464888242944108,0.438153340021901,1.8595529717765
0.0174,0.491143625364335,0.4842915805643,1.96457450145738
0.0175,0.5,0.5,2
0.0175999999999999,0.491143625364353,0.484291580564332,1.96457450145745
0.0177,0.464888242944144,0.438153340021964,1.8595529717765
0.0177999999999999,0.422163962751034,0.364484313710752,1.68865585100424
0.0178999999999999,0.364484313710741,0.267913397489555,1.45793725484309
0.0179999999999999,0.293892626146277,0.154508497187539,1.17557050458525
0.0180999999999999,0.212889645782584,0.0313952597647257,0.85155858313049
0.0181999999999999,0.124344943582477,-0.0936906572927937,0.497379774330074
0.0182999999999999,0.0313952597647104,-0.212889645782472,0.125581039059012
0.0183999999999999,-0.0626666167821,-0.31871199487429,-0.250666467128231
0.0184999999999999,-0.154508497187422,-0.404508497187431,-0.618033988749524
0.0185999999999999,-0.240876837050811,-0.464888242944099,-0.963507348203106
0.0186999999999999,-0.318711994874302,-0.49605735065723,-1.27484797949709
0.0187999999999999,-0.38525662138786,-0.496057350657248,-1.54102648555134
0.0188999999999999,-0.438153340021904,-0.464888242944153,-1.75261336008754
0.0189999999999999,-0.47552825814756,-0.404508497187518,-1.90211303259019
0.0190999999999999,-0.496057350657232,-0.318711994874404,-1.98422940262891
0.0191999999999999,-0.499013364214139,-0.212889645782606,-1.99605345685657
0.0192999999999999,-0.48429158056433,-0.0936906572929386,-1.93716632225736
0.0193999999999999,-0.452413526233034,0.0313952597645784,-1.8096541049322
0.0194999999999999,-0.404508497187509,0.154508497187398,-1.61803398875012
0.0195999999999999,-0.342273552964387,0.267913397489431,-1.36909421185766
0.0196999999999999,-0.26791339748955,0.364484313710651,-1.07165358995831
0.0197999999999999,-0.184062276342395,0.438153340021893,-0.736249105369711
0.0198999999999999,-0.0936906572929236,0.484291580564295,-0.37476262917182
0.0199999999999999,-6.11309206190969E-14,0.5,-3.86632229628408E-13
0.0200999999999999,0.0936906572928,0.484291580564336,0.374762629171074
0.0201999999999999,0.184062276342281,0.438153340021972,0.736249105368992
0.0202999999999999,0.267913397489444,0.364484313710764,1.07165358995768
0.0203999999999999,0.342273552964296,0.267913397489571,1.3690942118571
0.0204999999999999,0.404508497187435,0.154508497187556,1.61803398874967
0.0205999999999999,0.452413526232981,0.0313952597647435,1.80965410493188
0.0206999999999999,0.484291580564299,-0.0936906572927762,1.93716632225717
0.0207999999999999,0.499013364214131,-0.212889645782456,1.99605345685652
0.0208999999999999,0.496057350657247,-0.318711994874276,1.984229402629
0.0209999999999999,0.475528258147598,-0.404508497187421,1.90211303259042
0.0210999999999999,0.438153340021965,-0.464888242944092,1.75261336008791
0.0211999999999999,0.38525662138794,-0.496057350657228,1.54102648555182
0.0212999999999999,0.318711994874399,-0.49605735065725,1.27484797949767
0.0213999999999999,0.240876837050921,-0.46488824294416,0.963507348203771
0.0214999999999999,0.154508497187541,-0.404508497187529,0.618033988750259
0.0215999999999999,0.0626666167822248,-0.318711994874417,0.250666467128984
0.0216999999999999,-0.0313952597645848,-0.212889645782622,-0.12558103905824
0.0217999999999999,-0.124344943582355,-0.0936906572929562,-0.497379774329339
0.0218999999999999,-0.21288964578247,0.0313952597645606,-0.851558583129791
0.0219999999999999,-0.293892626146176,0.154508497187381,-1.17557050458464
0.0220999999999999,-0.364484313710655,0.267913397489416,-1.45793725484256
0.0221999999999999,-0.422163962750967,0.364484313710638,-1.68865585100383
0.0222999999999999,-0.464888242944098,0.438153340021884,-1.85955297177636
0.0223999999999999,-0.49114362536433,0.484291580564291,-1.96457450145731
0.0224999999999999,-0.5,0.5,-2
0.0225999999999999,-0.491143625364359,0.484291580564341,-1.96457450145745
0.0226999999999999,-0.464888242944154,0.438153340021981,-1.85955297177664
0.0227999999999999,-0.42216396275105,0.364484313710776,-1.68865585100423
0.0228999999999999,-0.364484313710759,0.267913397489586,-1.45793725484309
0.0229999999999999,-0.293892626146302,0.154508497187573,-1.17557050458525
0.0230999999999999,-0.212889645782608,0.0313952597647614,-0.851558583130498
0.0231999999999999,-0.124344943582507,-0.0936906572927586,-0.497379774330068
0.0232999999999999,-0.0313952597647371,-0.21288964578244,-0.125581039059005
0.0233999999999999,0.0626666167820699,-0.318711994874262,0.250666467128223
0.0234999999999999,0.154508497187396,-0.40450849718741,0.61803398874953
0.0235999999999999,0.240876837050784,-0.464888242944086,0.963507348203086
0.0236999999999999,0.318711994874281,-0.496057350657225,1.27484797949709
0.0237999999999999,0.38525662138784,-0.496057350657253,1.54102648555133
0.0238999999999999,0.438153340021891,-0.464888242944166,1.75261336008755
0.0239999999999999,0.47552825814755,-0.404508497187539,1.90211303259019
0.0240999999999999,0.496057350657228,-0.318711994874431,1.98422940262891
0.0241999999999999,0.499013364214141,-0.212889645782638,1.99605345685657
0.0242999999999999,0.484291580564337,-0.0936906572929738,1.93716632225735
0.0243999999999999,0.452413526233047,0.0313952597645427,1.8096541049322
0.0244999999999999,0.404508497187525,0.154508497187364,1.61803398875012
0.0245999999999999,0.342273552964409,0.267913397489401,1.36909421185766
0.0246999999999999,0.267913397489573,0.364484313710626,1.07165358995831
0.0247999999999999,0.184062276342423,0.438153340021875,0.736249105369719
0.0248999999999999,0.0936906572929499,0.484291580564286,0.374762629171814
0.0249999999999999,9.15126839087733E-14,0.5,3.80261590350295E-13
0.0250999999999999,-0.0936906572927702,0.484291580564345,-0.374762629171081
0.0251999999999999,-0.184062276342253,0.43815334002199,-0.736249105368998
0.0252999999999999,-0.267913397489418,0.364484313710791,-1.07165358995767
0.0253999999999999,-0.342273552964276,0.267913397489604,-1.36909421185709
0.0254999999999999,-0.404508497187417,0.154508497187593,-1.61803398874967
0.0255999999999999,-0.452413526232969,0.0313952597647827,-1.80965410493188
0.0256999999999999,-0.484291580564291,-0.0936906572927375,-1.93716632225717
0.0257999999999999,-0.49901336421413,-0.212889645782421,-1.99605345685652
0.0258999999999999,-0.496057350657251,-0.318711994874246,-1.984229402629
0.0259999999999999,-0.475528258147607,-0.404508497187398,-1.90211303259042
0.0260999999999999,-0.43815334002198,-0.464888242944078,-1.75261336008791
0.0261999999999999,-0.385256621387957,-0.496057350657223,-1.54102648555182
0.0262999999999999,-0.318711994874422,-0.496057350657255,-1.27484797949768
0.0263999999999999,-0.240876837050944,-0.464888242944174,-0.963507348203765
0.0264999999999999,-0.15450849718757,-0.404508497187552,-0.618033988750267
0.0265999999999999,-0.0626666167822514,-0.318711994874448,-0.250666467128978
0.0266999999999999,0.0313952597645545,-0.212889645782658,0.125581039058246
0.0267999999999999,0.124344943582329,-0.0936906572929948,0.497379774329345
0.0268999999999999,0.212889645782443,0.0313952597645213,0.851558583129796
0.0269999999999999,0.293892626146154,0.154508497187344,1.17557050458464
0.0270999999999999,0.364484313710634,0.267913397489383,1.45793725484256
0.0271999999999999,0.422163962750952,0.364484313710611,1.68865585100383
0.0272999999999999,0.464888242944087,0.438153340021865,1.85955297177636
0.0273999999999999,0.491143625364325,0.484291580564281,1.9645745014573
0.0274999999999999,0.5,0.5,2
0.0275999999999999,0.491143625364364,0.48429158056435,1.96457450145745
0.0276999999999999,0.464888242944165,0.438153340022,1.85955297177665
0.0277999999999999,0.422163962751065,0.364484313710803,1.68865585100424
0.0278999999999999,0.36448431371078,0.267913397489619,1.45793725484308
0.0279999999999999,0.293892626146324,0.15450849718761,1.17557050458526
0.0280999999999999,0.212889645782636,0.0313952597648006,0.851558583130492
0.0281999999999999,0.124344943582533,-0.09369065729272,0.497379774330089
0.0282999999999999,0.0313952597647675,-0.212889645782405,0.125581039058999
0.0283999999999999,-0.0626666167820432,-0.318711994874232,-0.250666467128229
0.0284999999999999,-0.154508497187367,-0.404508497187387,-0.618033988749536
0.0285999999999999,-0.24087683705076,-0.464888242944071,-0.963507348203092
0.0286999999999999,-0.318711994874258,-0.49605735065722,-1.27484797949709
0.0287999999999999,-0.385256621387823,-0.496057350657258,-1.54102648555133
0.0288999999999999,-0.438153340021877,-0.464888242944181,-1.75261336008755
0.0289999999999999,-0.475528258147542,-0.404508497187562,-1.90211303259019
0.0290999999999999,-0.496057350657224,-0.318711994874461,-1.98422940262891
0.0291999999999999,-0.499013364214143,-0.212889645782674,-1.99605345685657
0.0292999999999999,-0.484291580564345,-0.0936906572930124,-1.93716632225736
0.0293999999999999,-0.452413526233059,0.0313952597645035,-1.8096541049322
0.0294999999999999,-0.404508497187543,0.154508497187327,-1.61803398875012
0.0295999999999999,-0.342273552964432,0.267913397489367,-1.36909421185765
0.0296999999999999,-0.267913397489598,0.364484313710599,-1.07165358995832
0.0297999999999999,-0.184062276342451,0.438153340021856,-0.736249105369713
0.0298999999999999,-0.0936906572929798,0.484291580564276,-0.374762629171835
0.0299999999999999,-1.2189444719845E-13,0.5,-3.88101805787385E-13
0.0300999999999999,0.0936906572927438,0.484291580564355,0.374762629171073
0.0301999999999999,0.184062276342225,0.438153340022009,0.736249105369004
0.0302999999999999,0.267913397489395,0.364484313710815,1.07165358995767
0.0303999999999999,0.342273552964254,0.267913397489634,1.3690942118571
0.0304999999999999,0.404508497187402,0.154508497187627,1.61803398874966
0.0305999999999999,0.452413526232956,0.0313952597648184,1.80965410493188
0.0306999999999999,0.484291580564285,-0.0936906572927024,1.93716632225717
0.0307999999999999,0.499013364214128,-0.212889645782388,1.99605345685652
0.0308999999999999,0.496057350657255,-0.318711994874218,1.984229402629
0.0309999999999999,0.475528258147616,-0.404508497187377,1.90211303259043
0.0310999999999999,0.438153340021993,-0.464888242944065,1.75261336008792
0.0311999999999999,0.385256621387976,-0.496057350657218,1.54102648555182
0.0312999999999999,0.31871199487444,-0.49605735065726,1.27484797949768
0.0313999999999999,0.240876837050965,-0.464888242944185,0.96350734820376
0.0314999999999999,0.154508497187585,-0.404508497187564,0.618033988750247
0.0315999999999999,0.0626666167822675,-0.318711994874464,0.250666467128999
0.0316999999999999,-0.0313952597645419,-0.212889645782671,-0.125581039058253
0.0317999999999999,-0.124344943582321,-0.093690657293002,-0.497379774329324
0.0318999999999999,-0.212889645782438,0.031395259764514,-0.851558583129802
0.0319999999999999,-0.293892626146152,0.154508497187344,-1.17557050458462
0.0320999999999999,-0.364484313710635,0.267913397489382,-1.45793725484256
0.0321999999999999,-0.422163962750953,0.364484313710616,-1.68865585100383
0.0322999999999999,-0.46488824294409,0.438153340021872,-1.85955297177636
0.0323999999999999,-0.491143625364326,0.484291580564284,-1.96457450145731
0.0324999999999999,-0.5,0.5,-2
0.0325999999999999,-0.491143625364361,0.484291580564345,-1.96457450145745
0.0326999999999999,-0.464888242944158,0.438153340021986,-1.85955297177664
0.0327999999999999,-0.422163962751052,0.364484313710779,-1.68865585100424
0.0328999999999999,-0.364484313710762,0.267913397489589,-1.45793725484308
0.0329999999999999,-0.293892626146299,0.15450849718757,-1.17557050458527
0.0330999999999999,-0.212889645782605,0.0313952597647583,-0.851558583130486
0.0331999999999999,-0.124344943582497,-0.0936906572927686,-0.497379774330069
0.0332999999999999,-0.0313952597647269,-0.212889645782456,-0.125581039059007
0.0333999999999999,0.0626666167820836,-0.318711994874276,0.250666467128236
0.0334999999999999,0.154508497187413,-0.404508497187425,0.618033988749529
0.0335999999999999,0.240876837050802,-0.464888242944095,0.963507348203097
0.0336999999999999,0.3187119948743,-0.496057350657229,1.27484797949708
0.0337999999999999,0.385256621387858,-0.496057350657248,1.54102648555133
0.0338999999999999,0.438153340021905,-0.464888242944152,1.75261336008754
0.0339999999999999,0.47552825814756,-0.404508497187512,1.90211303259019
0.0340999999999999,0.496057350657233,-0.318711994874396,1.98422940262891
0.0341999999999999,0.499013364214139,-0.212889645782591,1.99605345685657
0.0343,0.484291580564326,-0.0936906572929149,1.93716632225727
0.0344,0.452413526233028,0.0313952597646025,1.80965410493204
0.0345,0.404508497187496,0.154508497187428,1.6180339887499
0.0346,0.342273552964368,0.267913397489463,1.36909421185739
0.0347,0.267913397489528,0.364484313710677,1.07165358995799
0.0348,0.184062276342367,0.438153340021915,0.736249105369363
0.0349,0.0936906572928875,0.484291580564307,0.374762629171466
0.035,2.79312317301085E-14,0.5,-1.96191080118212E-15
0.0351,-0.0936906572928396,0.484291580564322,-0.374762629171442
0.0352,-0.184062276342322,0.438153340021944,-0.736249105369367
0.0353,-0.267913397489487,0.364484313710718,-1.07165358995797
0.0354,-0.342273552964333,0.267913397489514,-1.36909421185737
0.0355,-0.404508497187467,0.154508497187486,-1.61803398874989
0.0356,-0.452413526233007,0.0313952597646627,-1.80965410493204
0.0357,-0.484291580564313,-0.0936906572928557,-1.93716632225726
0.0358,-0.499013364214136,-0.212889645782536,-1.99605345685654
0.0359,-0.496057350657239,-0.318711994874344,-1.98422940262896
0.036,-0.475528258147577,-0.404508497187477,-1.90211303259031
0.0361,-0.43815334002193,-0.46488824294413,-1.75261336008773
0.0362,-0.385256621387889,-0.49605735065724,-1.54102648555158
0.0363,-0.318711994874335,-0.496057350657237,-1.27484797949738
0.0364,-0.240876837050848,-0.46488824294412,-0.963507348203443
0.0365,-0.154508497187459,-0.40450849718746,-0.618033988749917
0.0366,-0.062666616782132,-0.318711994874322,-0.250666467128612
0.0367,0.0313952597646747,-0.21288964578251,0.125581039058642
0.0368,0.124344943582449,-0.0936906572928278,0.497379774329688
0.0369,0.212889645782561,0.0313952597646981,0.851558583130142
0.037,0.293892626146263,0.154508497187513,1.17557050458494
0.0371,0.364484313710726,0.267913397489538,1.45793725484283
0.0372,0.422163962751026,0.364484313710738,1.68865585100401
0.0373,0.46488824294414,0.438153340021957,1.8595529717765
0.0374,0.491143625364351,0.48429158056433,1.96457450145738
0.0375,0.5,0.5,2
0.0376000000000001,0.491143625364336,0.484291580564299,1.96457450145731
0.0377000000000001,0.464888242944109,0.438153340021901,1.85955297177636
0.0378000000000001,0.422163962750981,0.364484313710657,1.68865585100383
0.0379000000000001,0.364484313710669,0.267913397489433,1.45793725484258
0.0380000000000001,0.293892626146189,0.154508497187401,1.17557050458464
0.0381000000000001,0.212889645782485,0.0313952597645742,0.851558583129811
0.0382000000000001,0.124344943582368,-0.0936906572929428,0.497379774329334
0.0383000000000001,0.0313952597645905,-0.212889645782616,0.125581039058277
0.0384000000000001,-0.0626666167822156,-0.318711994874418,-0.250666467128975
0.0385000000000001,-0.154508497187539,-0.404508497187529,-0.618033988750238
0.0386000000000001,-0.240876837050922,-0.464888242944163,-0.963507348203763
0.0387000000000001,-0.318711994874405,-0.496057350657251,-1.27484797949766
0.0388000000000001,-0.385256621387943,-0.496057350657226,-1.54102648555181
0.0389000000000001,-0.438153340021971,-0.464888242944084,-1.75261336008791
0.0390000000000001,-0.475528258147603,-0.404508497187408,-1.90211303259042
0.0391000000000001,-0.496057350657249,-0.318711994874254,-1.984229402629
0.0392000000000001,-0.49901336421413,-0.21288964578243,-1.99605345685652
0.0393000000000001,-0.484291580564292,-0.0936906572927407,-1.93716632225717
0.0394000000000001,-0.452413526232971,0.0313952597647867,-1.80965410493188
0.0395000000000001,-0.404508497187418,0.154508497187597,-1.61803398874969
0.0396000000000001,-0.342273552964271,0.267913397489613,-1.36909421185711
0.0397000000000001,-0.26791339748941,0.364484313710803,-1.07165358995766
0.0398000000000001,-0.184062276342244,0.438153340022,-0.736249105369027
0.0399000000000001,-0.0936906572927568,0.484291580564352,-0.374762629171083
0.0400000000000001,1.12217261562639E-13,0.5,3.63603917959345E-13
0.0401000000000001,0.0936906572929703,0.484291580564277,0.374762629171825
0.0402000000000001,0.184062276342446,0.438153340021855,0.736249105369677
0.0403000000000001,0.267913397489599,0.364484313710597,1.0716535899583
0.0404000000000001,0.34227355296443,0.267913397489358,1.36909421185766
0.0405000000000001,0.404508497187545,0.154508497187317,1.61803398875011
0.0406000000000001,0.452413526233064,0.0313952597644856,1.80965410493219
0.0407000000000001,0.484291580564348,-0.0936906572930369,1.93716632225735
0.0408000000000001,0.499013364214144,-0.212889645782697,1.99605345685657
0.0409000000000001,0.496057350657222,-0.318711994874486,1.98422940262891
0.0410000000000002,0.475528258147534,-0.404508497187581,1.90211303259007
0.0411000000000001,0.438153340021866,-0.464888242944195,1.75261336008755
0.0412000000000002,0.385256621387804,-0.496057350657263,1.54102648555109
0.0413000000000002,0.318711994874232,-0.496057350657215,1.27484797949682
0.0414000000000002,0.240876837050725,-0.464888242944052,0.963507348202777
0.0415000000000002,0.154508497187332,-0.404508497187356,0.618033988749168
0.0416000000000002,0.062666616782,-0.318711994874185,0.250666467127859
0.0417000000000002,-0.0313952597648145,-0.212889645782343,-0.125581039059372
0.0418000000000002,-0.124344943582578,-0.0936906572926535,-0.497379774330424
0.0419000000000002,-0.212889645782682,0.0313952597648752,-0.85155858313083
0.0420000000000002,-0.29389262614637,0.154508497187681,-1.17557050458555
0.0421000000000002,-0.364484313710817,0.267913397489688,-1.45793725484333
0.0422000000000002,-0.422163962751098,0.364484313710864,-1.68865585100444
0.0423000000000002,-0.464888242944189,0.438153340022043,-1.85955297177678
0.0424000000000002,-0.491143625364378,0.484291580564374,-1.96457450145752
0.0425000000000002,-0.5,0.5,-2
0.0426000000000002,-0.491143625364311,0.484291580564255,-1.96457450145724
0.0427000000000002,-0.464888242944058,0.438153340021812,-1.85955297177622
0.0428000000000002,-0.42216396275091,0.364484313710536,-1.68865585100364
0.0429000000000002,-0.364484313710578,0.267913397489283,-1.45793725484231
0.0430000000000002,-0.293892626146081,0.154508497187226,-1.17557050458435
0.0431000000000002,-0.212889645782358,0.0313952597643971,-0.851558583129459
0.0432000000000002,-0.124344943582239,-0.0936906572931241,-0.497379774329011
0.0433000000000002,-0.0313952597644578,-0.212889645782777,-0.125581039057888
0.0434000000000002,0.0626666167823546,-0.318711994874555,0.250666467129362
0.0435000000000002,0.154508497187666,-0.404508497187637,0.618033988750608
0.0436000000000002,0.240876837051039,-0.464888242944228,0.96350734820408
0.0437000000000002,0.318711994874508,-0.496057350657275,1.27484797949794
0.0438000000000002,0.385256621388028,-0.496057350657203,1.54102648555206
0.0439000000000002,0.438153340022035,-0.464888242944019,1.75261336008808
0.0440000000000002,0.475528258147644,-0.4045084971873,1.90211303259053
0.0441000000000002,0.496057350657267,-0.318711994874117,1.98422940262905
0.0442000000000002,0.499013364214122,-0.212889645782263,1.9960534568565
0.0443000000000002,0.484291580564259,-0.0936906572925664,1.93716632225708
0.0444000000000002,0.452413526232912,0.0313952597649637,1.80965410493172
0.0445000000000003,0.404508497187339,0.154508497187772,1.61803398874922
0.0446000000000003,0.342273552964174,0.267913397489763,1.36909421185655
0.0447000000000003,0.267913397489297,0.364484313710925,1.07165358995705
0.0448000000000003,0.184062276342113,0.438153340022085,0.736249105368321
0.0449000000000003,0.0936906572926261,0.484291580564396,0.374762629170337
0.0450000000000003,-2.45260327497786E-13,0.5,-1.12314985714316E-12
0.0451000000000003,-0.0936906572931079,0.484291580564233,-0.374762629172543
0.0452000000000003,-0.184062276342569,0.438153340021769,-0.736249105370409
0.0453000000000003,-0.267913397489712,0.36448431371047,-1.07165358995894
0.0454000000000003,-0.342273552964532,0.267913397489209,-1.36909421185819
0.0455000000000003,-0.404508497187624,0.154508497187141,-1.61803398875054
0.0456000000000003,-0.45241352623312,0.0313952597643086,-1.80965410493252
0.0457000000000003,-0.484291580564381,-0.0936906572932112,-1.93716632225755
0.0458000000000003,-0.499013364214153,-0.212889645782863,-1.99605345685661
0.0459000000000003,-0.496057350657205,-0.318711994874623,-1.98422940262881
0.0460000000000003,-0.475528258147493,-0.40450849718769,-1.90211303258996
0.0461000000000003,-0.438153340021799,-0.464888242944261,-1.75261336008718
0.0462000000000003,-0.38525662138772,-0.496057350657286,-1.54102648555086
0.0463000000000003,-0.31871199487413,-0.496057350657191,-1.27484797949652
0.0464000000000003,-0.240876837050609,-0.464888242943986,-0.963507348202435
0.0465000000000003,-0.154508497187206,-0.404508497187247,-0.618033988748824
0.0466000000000003,-0.062666616781868,-0.318711994874049,-0.2506664671275
0.0467000000000003,0.0313952597649473,-0.212889645782183,0.125581039059733
0.0468000000000003,0.124344943582714,-0.0936906572924723,0.497379774330801
0.0469000000000003,0.212889645782802,0.0313952597650522,0.851558583131157
0.0470000000000003,0.293892626146478,0.154508497187857,1.17557050458584
0.0471000000000003,0.364484313710913,0.267913397489838,1.4579372548436
0.0472000000000003,0.422163962751169,0.364484313710985,1.68865585100463
0.0473000000000003,0.464888242944238,0.438153340022132,1.85955297177691
0.0474000000000003,0.491143625364403,0.484291580564419,1.96457450145759
0.0475000000000003,0.5,0.5,2
0.0476000000000003,0.491143625364286,0.484291580564211,1.96457450145716
0.0477000000000003,0.464888242944009,0.438153340021727,1.8595529717761
0.0478000000000003,0.422163962750835,0.36448431371041,1.68865585100343
0.0479000000000004,0.364484313710486,0.267913397489134,1.45793725484179
0.0480000000000003,0.293892626145974,0.154508497187057,1.17557050458403
0.0481000000000004,0.212889645782238,0.031395259764213,0.851558583128797
0.0482000000000004,0.12434494358211,-0.0936906572932983,0.497379774328248
0.0483000000000004,0.031395259764325,-0.212889645782944,0.12558103905713
0.0484000000000004,-0.0626666167824866,-0.318711994874691,-0.250666467130087
0.0485000000000004,-0.154508497187799,-0.404508497187742,-0.618033988751304
0.0486000000000004,-0.240876837051155,-0.464888242944296,-0.963507348204745
0.0487000000000004,-0.31871199487461,-0.496057350657297,-1.27484797949855
0.0488000000000004,-0.385256621388117,-0.49605735065718,-1.54102648555252
0.0489000000000004,-0.438153340022099,-0.464888242943954,-1.75261336008845
0.0490000000000004,-0.475528258147685,-0.404508497187195,-1.90211303259077
0.0491000000000004,-0.496057350657284,-0.318711994873975,-1.98422940262915
0.0492000000000004,-0.499013364214113,-0.212889645782103,-1.99605345685645
0.0493000000000004,-0.484291580564226,-0.0936906572923852,-1.93716632225689
0.0494000000000004,-0.452413526232855,0.0313952597651407,-1.8096541049314
0.0495000000000004,-0.404508497187257,0.154508497187941,-1.61803398874901
0.0496000000000004,-0.342273552964077,0.267913397489919,-1.36909421185629
0.0497000000000004,-0.267913397489185,0.364484313711046,-1.07165358995674
0.0498000000000004,-0.18406227634199,0.438153340022174,-0.736249105367958
0.0499000000000004,-0.0936906572924954,0.484291580564441,-0.374762629169982
0.0500000000000004,3.78303393432933E-13,0.5,1.48479186430133E-12
0.0501000000000004,0.0936906572932386,0.484291580564187,0.374762629172927
0.0502000000000004,0.1840622763427,0.438153340021684,0.736249105370746
0.0503000000000004,0.267913397489824,0.364484313710349,1.07165358995925
0.0504000000000004,0.342273552964629,0.267913397489059,1.36909421185847
0.0505000000000004,0.404508497187706,0.154508497186973,1.61803398875077
0.0506000000000004,0.452413526233177,0.0313952597641245,1.80965410493268
0.0507000000000004,0.484291580564414,-0.0936906572933854,1.93716632225763
0.0508000000000004,0.499013364214161,-0.212889645783024,1.99605345685664
0.0509000000000004,0.496057350657189,-0.318711994874765,1.98422940262877
0.0510000000000004,0.475528258147452,-0.404508497187794,1.90211303258984
0.0511000000000004,0.438153340021734,-0.464888242944329,1.75261336008701
0.0512000000000004,0.38525662138763,-0.496057350657309,1.54102648555063
0.0513000000000004,0.318711994874027,-0.49605735065717,1.27484797949622
0.0514000000000004,0.240876837050492,-0.464888242943921,0.963507348202118
0.0515000000000005,0.154508497187073,-0.404508497187143,0.618033988748128
0.0516000000000005,0.062666616781736,-0.318711994873907,0.250666467126746
0.0517000000000005,-0.0313952597650801,-0.212889645782016,-0.125581039060519
0.0518000000000005,-0.124344943582843,-0.0936906572922911,-0.497379774331509
0.0519000000000005,-0.212889645782929,0.0313952597652293,-0.851558583131844
0.0520000000000005,-0.293892626146586,0.154508497188025,-1.17557050458646
0.0521000000000005,-0.364484313711004,0.267913397489993,-1.45793725484412
0.0522000000000005,-0.422163962751244,0.364484313711112,-1.68865585100504
0.0523000000000005,-0.464888242944287,0.438153340022221,-1.85955297177719
0.0524000000000005,-0.491143625364427,0.484291580564463,-1.96457450145773
0.0525000000000005,-0.5,0.5,-2
0.0526000000000005,-0.491143625364261,0.484291580564165,-1.96457450145703
0.0527000000000005,-0.46488824294396,0.438153340021638,-1.85955297177581
0.0528000000000005,-0.422163962750763,0.364484313710283,-1.68865585100302
0.0529000000000005,-0.364484313710391,0.267913397488984,-1.45793725484154
0.0530000000000005,-0.293892626145866,0.154508497186888,-1.17557050458344
0.0531000000000005,-0.212889645782117,0.0313952597640359,-0.851558583128444
0.0532000000000005,-0.124344943581974,-0.0936906572934795,-0.497379774327897
0.0533000000000005,-0.0313952597641922,-0.212889645783111,-0.125581039056769
0.0534000000000005,0.0626666167826186,-0.318711994874828,0.250666467130474
0.0535000000000005,0.154508497187925,-0.404508497187846,0.618033988751675
0.0536000000000005,0.240876837051278,-0.464888242944361,0.963507348205087
0.0537000000000005,0.318711994874713,-0.49605735065732,1.27484797949881
0.0538000000000005,0.385256621388202,-0.496057350657157,1.54102648555277
0.0539000000000005,0.438153340022166,-0.464888242943888,1.75261336008864
0.0540000000000005,0.475528258147727,-0.404508497187091,1.90211303259089
0.0541000000000005,0.4960573506573,-0.318711994873838,1.98422940262919
0.0542000000000005,0.499013364214105,-0.212889645781936,1.99605345685643
0.0543000000000005,0.484291580564193,-0.093690657292204,1.93716632225679
0.0544000000000005,0.452413526232798,0.0313952597653178,1.80965410493124
0.0545000000000005,0.404508497187179,0.15450849718811,1.6180339887488
0.0546000000000005,0.342273552963975,0.267913397490068,1.369094211856
0.0547000000000005,0.267913397489073,0.364484313711172,1.07165358995641
0.0548000000000005,0.184062276341866,0.438153340022263,0.736249105367622
0.0549000000000005,0.0936906572923578,0.484291580564485,0.374762629169626
0.0550000000000006,-5.11346459368079E-13,0.5,-2.24433780348514E-12
0.0551000000000006,-0.0936906572933693,0.484291580564143,-0.374762629173673
0.0552000000000006,-0.184062276342823,0.438153340021595,-0.736249105371452
0.0553000000000006,-0.267913397489942,0.364484313710223,-1.07165358995989
0.0554000000000006,-0.342273552964726,0.267913397488909,-1.36909421185903
0.0555000000000006,-0.404508497187784,0.154508497186804,-1.61803398875122
0.0556000000000006,-0.452413526233237,0.0313952597639474,-1.809654104933
0.0557000000000006,-0.484291580564448,-0.0936906572935667,-1.93716632225783
0.0558000000000006,-0.499013364214169,-0.212889645783191,-1.99605345685668
0.0559000000000006,-0.496057350657171,-0.318711994874896,-1.98422940262867
0.0560000000000006,-0.475528258147411,-0.404508497187898,-1.90211303258962
0.0561000000000006,-0.43815334002167,-0.464888242944394,-1.75261336008664
0.0562000000000006,-0.385256621387546,-0.496057350657331,-1.54102648555015
0.0563000000000006,-0.318711994873919,-0.496057350657146,-1.27484797949566
0.0564000000000006,-0.240876837050376,-0.464888242943856,-0.963507348201453
0.0565000000000006,-0.154508497186946,-0.404508497187039,-0.618033988747757
0.0566000000000006,-0.0626666167815969,-0.31871199487377,-0.25066646712636
0.0567000000000006,0.0313952597652129,-0.212889645781855,0.125581039060852
0.0568000000000006,0.124344943582972,-0.0936906572921168,0.497379774331887
0.0569000000000006,0.212889645783049,0.0313952597654063,0.851558583132197
0.0570000000000006,0.293892626146693,0.154508497188194,1.17557050458677
0.0571000000000006,0.364484313711095,0.267913397490143,1.45793725484436
0.0572000000000006,0.422163962751315,0.364484313711233,1.68865585100523
0.0573000000000006,0.464888242944339,0.438153340022306,1.85955297177733
0.0574000000000006,0.491143625364452,0.48429158056451,1.9645745014578
0.0575000000000006,0.5,0.5,2
0.0576000000000006,0.491143625364234,0.484291580564121,1.96457450145695
0.0577000000000006,0.464888242943911,0.438153340021552,1.85955297177567
0.0578000000000006,0.422163962750692,0.364484313710162,1.68865585100283
0.0579000000000006,0.364484313710299,0.267913397488822,1.4579372548413
0.0580000000000006,0.293892626145753,0.15450849718672,1.17557050458313
0.0581000000000006,0.212889645781997,0.0313952597638589,0.851558583128091
0.0582000000000006,0.124344943581846,-0.0936906572936538,0.497379774327547
0.0583000000000006,0.0313952597640523,-0.212889645783271,0.12558103905638
0.0584000000000007,-0.0626666167827506,-0.318711994874976,-0.250666467131228
0.0585000000000006,-0.154508497188052,-0.40450849718795,-0.618033988752046
0.0586000000000007,-0.240876837051395,-0.464888242944426,-0.963507348205728
0.0587000000000007,-0.318711994874815,-0.496057350657342,-1.27484797949941
0.0588000000000007,-0.385256621388287,-0.496057350657135,-1.54102648555326
0.0589000000000007,-0.438153340022231,-0.464888242943818,-1.75261336008899
0.0590000000000007,-0.47552825814777,-0.404508497186987,-1.90211303259111
0.0591000000000007,-0.496057350657317,-0.318711994873702,-1.98422940262929
0.0592000000000007,-0.499013364214096,-0.212889645781775,-1.99605345685638
0.0593000000000007,-0.484291580564158,-0.0936906572920297,-1.93716632225661
0.0594000000000007,-0.452413526232742,0.031395259765509,-1.80965410493092
0.0595000000000007,-0.404508497187101,0.154508497188278,-1.61803398874835
0.0596000000000007,-0.342273552963878,0.267913397490218,-1.36909421185545
0.0597000000000007,-0.267913397488954,0.364484313711294,-1.07165358995579
0.0598000000000007,-0.184062276341742,0.438153340022349,-0.736249105366916
0.0599000000000007,-0.0936906572922271,0.484291580564532,-0.374762629168852
0.0600000000000007,6.51494952660827E-13,0.5,2.63440152007371E-12
0.0601000000000007,0.0936906572935,0.484291580564099,0.374762629174028
0.0602000000000007,0.184062276342947,0.438153340021509,0.736249105371788
0.0603000000000007,0.267913397490055,0.364484313710101,1.07165358996022
0.0604000000000007,0.342273552964823,0.267913397488747,1.36909421185929
0.0605000000000007,0.404508497187862,0.154508497186635,1.61803398875143
0.0606000000000007,0.452413526233293,0.0313952597637704,1.80965410493316
0.0607000000000007,0.484291580564482,-0.0936906572937409,1.93716632225792
0.0608000000000007,0.499013364214178,-0.212889645783351,1.99605345685671
0.0609000000000007,0.496057350657155,-0.318711994875044,1.98422940262863
0.0610000000000007,0.475528258147367,-0.404508497188002,1.9021130325895
0.0611000000000007,0.438153340021606,-0.464888242944459,1.75261336008645
0.0612000000000007,0.385256621387461,-0.496057350657353,1.54102648554992
0.0613000000000007,0.318711994873817,-0.496057350657124,1.27484797949535
0.0614000000000007,0.240876837050259,-0.464888242943785,0.963507348201136
0.0615000000000007,0.15450849718682,-0.404508497186935,0.618033988747386
0.0616000000000007,0.0626666167814649,-0.318711994873633,0.250666467126001
0.0617000000000007,-0.0313952597653528,-0.212889645781695,-0.125581039061241
0.0618000000000007,-0.124344943583101,-0.0936906572919426,-0.497379774332265
0.0619000000000007,-0.21288964578317,0.0313952597655975,-0.851558583132524
0.0620000000000008,-0.293892626146807,0.154508497188363,-1.17557050458736
0.0621000000000008,-0.364484313711187,0.267913397490293,-1.45793725484488
0.0622000000000008,-0.422163962751386,0.364484313711354,-1.68865585100565
0.0623000000000008,-0.464888242944388,0.438153340022391,-1.8595529717776
0.0624000000000008,-0.491143625364479,0.484291580564554,-1.96457450145794
0.0625000000000008,-0.5,0.5,-2
0.0626000000000008,-0.49114362536421,0.484291580564077,-1.96457450145682
0.0627000000000008,-0.464888242943859,0.438153340021467,-1.85955297177541
0.0628000000000008,-0.422163962750621,0.36448431371004,-1.68865585100242
0.0629000000000008,-0.364484313710208,0.267913397488672,-1.45793725484076
0.0630000000000008,-0.293892626145645,0.154508497186537,-1.17557050458251
0.0631000000000008,-0.212889645781877,0.0313952597636819,-0.851558583127455
0.0632000000000008,-0.124344943581717,-0.093690657293828,-0.497379774326812
0.0633000000000008,-0.0313952597639196,-0.212889645783432,-0.125581039055621
0.0634000000000008,0.0626666167828896,-0.318711994875112,0.250666467131587
0.0635000000000008,0.154508497188179,-0.404508497188063,0.618033988752768
0.0636000000000008,0.240876837051511,-0.464888242944492,0.963507348206045
0.0637000000000008,0.318711994874923,-0.496057350657364,1.27484797949969
0.0638000000000008,0.385256621388372,-0.496057350657113,1.54102648555349
0.0639000000000008,0.438153340022295,-0.464888242943753,1.75261336008918
0.0640000000000008,0.475528258147811,-0.404508497186874,1.90211303259124
0.0641000000000008,0.496057350657335,-0.318711994873565,1.98422940262933
0.0642000000000008,0.499013364214088,-0.212889645781615,1.99605345685636
0.0643000000000008,0.484291580564125,-0.0936906572918555,1.93716632225652
0.0644000000000008,0.452413526232682,0.031395259765686,1.80965410493075
0.0645000000000008,0.404508497187022,0.154508497188461,1.61803398874812
0.0646000000000008,0.342273552963781,0.267913397490368,1.36909421185521
0.0647000000000008,0.267913397488842,0.364484313711415,1.07165358995546
0.0648000000000008,0.184062276341618,0.438153340022434,0.736249105366553
0.0649000000000008,0.0936906572920964,0.484291580564577,0.374762629168497
0.0650000000000008,-7.84538018595974E-13,0.5,-2.96762181780147E-12
0.0651000000000008,-0.0936906572936377,0.484291580564055,-0.374762629174383
0.0652000000000008,-0.184062276343071,0.438153340021424,-0.736249105372151
0.0653000000000008,-0.267913397490167,0.36448431370998,-1.07165358996052
0.0654000000000008,-0.342273552964925,0.267913397488597,-1.36909421185958
0.0655000000000009,-0.404508497187941,0.154508497186453,-1.6180339887519
0.0656000000000009,-0.45241352623335,0.0313952597635933,-1.80965410493347
0.0657000000000009,-0.484291580564515,-0.0936906572939152,-1.9371663222581
0.0658000000000009,-0.499013364214186,-0.212889645783512,-1.99605345685676
0.0659000000000009,-0.496057350657138,-0.318711994875181,-1.98422940262853
0.0660000000000009,-0.475528258147326,-0.404508497188115,-1.90211303258926
0.0661000000000009,-0.438153340021539,-0.464888242944524,-1.75261336008611
0.0662000000000009,-0.385256621387376,-0.496057350657375,-1.54102648554943
0.0663000000000009,-0.318711994873714,-0.496057350657102,-1.27484797949477
0.0664000000000009,-0.240876837050136,-0.46488824294372,-0.96350734820047
0.0665000000000009,-0.154508497186693,-0.404508497186822,-0.618033988746664
0.0666000000000009,-0.0626666167813329,-0.318711994873497,-0.250666467125275
0.0667000000000009,0.0313952597654855,-0.212889645781534,0.125581039061999
0.0668000000000009,0.124344943583236,-0.0936906572917683,0.497379774332973
0.0669000000000009,0.21288964578329,0.0313952597657746,0.851558583133211
0.0670000000000009,0.293892626146914,0.154508497188545,1.1755705045877
0.0671000000000009,0.364484313711283,0.267913397490443,1.45793725484513
0.0672000000000009,0.422163962751458,0.364484313711476,1.68865585100583
0.0673000000000009,0.464888242944437,0.438153340022477,1.85955297177775
0.0674000000000009,0.491143625364504,0.484291580564599,1.96457450145801
0.0675000000000009,0.5,0.5,2
0.0676000000000009,0.491143625364185,0.484291580564033,1.96457450145675
0.0677000000000009,0.46488824294381,0.438153340021381,1.85955297177526
0.0678000000000009,0.422163962750546,0.364484313709919,1.68865585100221
0.0679000000000009,0.364484313710117,0.267913397488523,1.45793725484051
0.0680000000000009,0.293892626145531,0.154508497186369,1.17557050458222
0.0681000000000009,0.212889645781756,0.0313952597634906,0.851558583127077
0.0682000000000009,0.124344943581588,-0.0936906572940023,0.497379774326461
0.0683000000000009,0.0313952597637868,-0.212889645783592,0.125581039055261
0.0684000000000009,-0.0626666167830216,-0.318711994875249,-0.250666467131974
0.0685000000000009,-0.154508497188312,-0.404508497188167,-0.618033988753085
0.0686000000000009,-0.240876837051634,-0.464888242944562,-0.963507348206387
0.0687000000000009,-0.31871199487502,-0.496057350657387,-1.27484797949999
0.0688000000000009,-0.385256621388456,-0.49605735065709,-1.54102648555375
0.068900000000001,-0.438153340022359,-0.464888242943687,-1.75261336008954
0.0690000000000009,-0.475528258147852,-0.40450849718677,-1.90211303259134
0.069100000000001,-0.496057350657351,-0.318711994873417,-1.98422940262943
0.069200000000001,-0.499013364214079,-0.212889645781454,-1.99605345685631
0.069300000000001,-0.48429158056409,-0.0936906572916812,-1.93716632225633
0.069400000000001,-0.452413526232628,0.0313952597658631,-1.80965410493044
0.069500000000001,-0.404508497186944,0.154508497188629,-1.61803398874768
0.069600000000001,-0.342273552963684,0.26791339749053,-1.36909421185465
0.069700000000001,-0.26791339748873,0.364484313711537,-1.07165358995482
0.069800000000001,-0.184062276341488,0.43815334002252,-0.736249105365847
0.069900000000001,-0.0936906572919587,0.484291580564621,-0.374762629167723
0.070000000000001,9.24686511888721E-13,0.5,3.75558946641569E-12
0.070100000000001,0.0936906572937614,0.484291580564007,0.374762629175101
0.070200000000001,0.184062276343194,0.438153340021339,0.736249105372831
0.070300000000001,0.267913397490279,0.364484313709858,1.07165358996116
0.070400000000001,0.342273552965022,0.267913397488448,1.36909421186013
0.070500000000001,0.404508497188023,0.154508497186284,1.61803398875213
0.070600000000001,0.45241352623341,0.0313952597634021,1.80965410493364
0.070700000000001,0.48429158056455,-0.0936906572940894,1.9371663222582
0.070800000000001,0.499013364214194,-0.212889645783672,1.99605345685678
0.070900000000001,0.496057350657121,-0.318711994875317,1.98422940262848
0.071000000000001,0.475528258147285,-0.404508497188219,1.90211303258914
0.071100000000001,0.438153340021475,-0.464888242944595,1.75261336008593
0.071200000000001,0.385256621387287,-0.496057350657398,1.54102648554918
0.071300000000001,0.318711994873606,-0.496057350657079,1.27484797949447
0.071400000000001,0.240876837050026,-0.464888242943655,0.963507348200104
0.071500000000001,0.154508497186566,-0.404508497186718,0.618033988746374
0.071600000000001,0.0626666167812009,-0.318711994873349,0.250666467124917
0.071700000000001,-0.0313952597656183,-0.212889645781374,-0.12558103906236
0.071800000000001,-0.124344943583365,-0.0936906572915941,-0.497379774333351
0.071900000000001,-0.212889645783417,0.0313952597659516,-0.851558583133564
0.072000000000001,-0.293892626147028,0.154508497188714,-1.17557050458797
0.072100000000001,-0.364484313711369,0.267913397490605,-1.4579372548454
0.072200000000001,-0.422163962751529,0.364484313711597,-1.68865585100606
0.072300000000001,-0.464888242944486,0.438153340022562,-1.85955297177788
0.072400000000001,-0.491143625364528,0.484291580564643,-1.96457450145808
0.0725000000000011,-0.5,0.5,-2
0.0726000000000011,-0.491143625364158,0.484291580563985,-1.96457450145661
0.0727000000000011,-0.464888242943759,0.438153340021296,-1.85955297177499
0.0728000000000011,-0.422163962750478,0.364484313709798,-1.68865585100182
0.0729000000000011,-0.364484313710026,0.267913397488373,-1.45793725483999
0.0730000000000011,-0.29389262614543,0.1545084971862,-1.17557050458158
0.0731000000000011,-0.212889645781629,0.0313952597633136,-0.851558583126415
0.0732000000000011,-0.124344943581452,-0.0936906572941765,-0.497379774325698
0.0733000000000011,-0.0313952597636469,-0.212889645783753,-0.125581039054474
0.0734000000000011,0.0626666167831607,-0.318711994875386,0.250666467132699
0.0735000000000011,0.154508497188432,-0.404508497188271,0.618033988753834
0.0736000000000011,0.240876837051744,-0.464888242944628,0.963507348207027
0.0737000000000011,0.318711994875128,-0.496057350657411,1.27484797950056
0.0738000000000011,0.385256621388546,-0.496057350657068,1.54102648555422
0.0739000000000011,0.438153340022426,-0.464888242943622,1.75261336008973
0.0740000000000011,0.475528258147895,-0.404508497186666,1.9021130325916
0.0741000000000011,0.496057350657367,-0.318711994873281,1.98422940262947
0.0742000000000011,0.499013364214071,-0.212889645781281,1.99605345685629
0.0743000000000011,0.484291580564059,-0.093690657291507,1.93716632225624
0.0744000000000011,0.452413526232569,0.0313952597660401,1.80965410493027
0.0745000000000011,0.404508497186862,0.154508497188798,1.61803398874748
0.0746000000000011,0.342273552963582,0.267913397490679,1.36909421185437
0.0747000000000011,0.267913397488611,0.364484313711668,1.07165358995449
0.0748000000000011,0.184062276341371,0.438153340022605,0.736249105365484
0.0749000000000011,0.093690657291835,0.484291580564665,0.374762629167396
0.0750000000000011,-1.05062415046627E-12,0.5,-4.08880976414345E-12
0.0751000000000011,-0.093690657293899,0.484291580563963,-0.374762629175484
0.0752000000000011,-0.184062276343325,0.438153340021246,-0.736249105373193
0.0753000000000011,-0.267913397490397,0.364484313709737,-1.07165358996149
0.0754000000000011,-0.342273552965124,0.267913397488298,-1.36909421186041
0.0755000000000011,-0.404508497188097,0.154508497186116,-1.61803398875232
0.0756000000000011,-0.452413526233463,0.0313952597632251,-1.80965410493381
0.0757000000000011,-0.484291580564582,-0.0936906572942776,-1.93716632225828
0.0758000000000011,-0.499013364214203,-0.212889645783833,-1.9960534568568
0.0759000000000011,-0.496057350657104,-0.318711994875454,-1.98422940262844
0.0760000000000012,-0.475528258147242,-0.404508497188324,-1.90211303258891
0.0761000000000012,-0.438153340021407,-0.46488824294466,-1.75261336008557
0.0762000000000012,-0.385256621387206,-0.496057350657422,-1.54102648554872
0.0763000000000012,-0.318711994873509,-0.496057350657057,-1.27484797949391
0.0764000000000012,-0.240876837049903,-0.464888242943589,-0.963507348199463
0.0765000000000012,-0.154508497186433,-0.404508497186613,-0.61803398874557
0.0766000000000012,-0.0626666167810619,-0.318711994873212,-0.250666467124135
0.0767000000000012,0.0313952597657582,-0.212889645781201,0.125581039063089
0.0768000000000012,0.124344943583501,-0.0936906572914199,0.497379774334059
0.0769000000000012,0.212889645783531,0.0313952597661286,0.851558583134226
0.0770000000000012,0.29389262614713,0.154508497188882,1.17557050458861
0.0771000000000012,0.364484313711465,0.267913397490754,1.4579372548459
0.0772000000000012,0.422163962751604,0.364484313711728,1.68865585100645
0.0773000000000012,0.464888242944537,0.438153340022648,1.85955297177817
0.0774000000000012,0.491143625364555,0.484291580564687,1.96457450145823
0.0775000000000012,0.5,0.5,2
0.0776000000000012,0.491143625364135,0.484291580563941,1.96457450145654
0.0777000000000012,0.464888242943712,0.438153340021203,1.85955297177485
0.0778000000000012,0.422163962750403,0.364484313709676,1.68865585100161
0.0779000000000012,0.36448431370993,0.267913397488223,1.45793725483972
0.0780000000000012,0.293892626145316,0.154508497186031,1.17557050458131
0.0781000000000012,0.212889645781503,0.0313952597631366,0.851558583126062
0.0782000000000012,0.12434494358133,-0.0936906572943647,0.49737977432532
0.0783000000000012,0.0313952597635212,-0.212889645783913,0.125581039054142
0.0784000000000012,-0.0626666167832856,-0.318711994875522,-0.250666467133086
0.0785000000000012,-0.154508497188565,-0.404508497188376,-0.618033988754151
0.0786000000000012,-0.240876837051867,-0.464888242944693,-0.963507348207369
0.0787000000000012,-0.318711994875236,-0.496057350657433,-1.27484797950086
0.0788000000000012,-0.385256621388635,-0.496057350657046,-1.54102648555447
0.0789000000000012,-0.438153340022487,-0.464888242943557,-1.75261336008992
0.0790000000000012,-0.475528258147934,-0.404508497186561,-1.9021130325917
0.0791000000000012,-0.496057350657385,-0.318711994873144,-1.98422940262952
0.0792000000000012,-0.499013364214062,-0.21288964578112,-1.99605345685626
0.0793000000000012,-0.484291580564024,-0.0936906572913188,-1.93716632225614
0.0794000000000013,-0.452413526232509,0.0313952597662172,-1.80965410492996
0.0795000000000012,-0.404508497186779,0.154508497188967,-1.61803398874725
0.0796000000000013,-0.34227355296349,0.267913397490829,-1.36909421185384
0.0797000000000013,-0.267913397488505,0.364484313711789,-1.07165358995388
0.0798000000000013,-0.184062276341241,0.438153340022697,-0.736249105364804
0.0799000000000013,-0.0936906572916973,0.484291580564709,-0.374762629166622
0.0800000000000013,1.19077264375901E-12,0.5,4.93362083161848E-12
0.0801000000000013,0.0936906572940367,0.484291580563919,0.374762629176203
0.0802000000000013,0.184062276343442,0.438153340021161,0.736249105373873
0.0803000000000013,0.267913397490504,0.364484313709606,1.07165358996211
0.0804000000000013,0.342273552965216,0.267913397488148,1.36909421186095
0.0805000000000013,0.404508497188179,0.154508497185947,1.61803398875278
0.0806000000000013,0.452413526233523,0.031395259763048,1.80965410493412
0.0807000000000013,0.484291580564616,-0.0936906572944519,1.93716632225848
0.0808000000000013,0.499013364214212,-0.212889645784006,1.99605345685685
0.0809000000000013,0.496057350657088,-0.318711994875591,1.98422940262834
0.0810000000000013,0.475528258147203,-0.404508497188428,1.90211303258881
0.0811000000000013,0.438153340021346,-0.464888242944726,1.75261336008539
0.0812000000000013,0.385256621387117,-0.496057350657444,1.54102648554847
0.0813000000000013,0.318711994873401,-0.496057350657033,1.27484797949361
0.0814000000000013,0.24087683704978,-0.464888242943524,0.963507348199121
0.0815000000000013,0.1545084971863,-0.404508497186509,0.618033988745254
0.0816000000000013,0.062666616780937,-0.318711994873076,0.250666467123748
0.0817000000000013,-0.0313952597658839,-0.21288964578104,-0.125581039063479
0.0818000000000013,-0.124344943583623,-0.0936906572912316,-0.497379774334437
0.0819000000000013,-0.212889645783658,0.0313952597663057,-0.851558583134579
0.0820000000000013,-0.293892626147243,0.154508497189051,-1.17557050458888
0.0821000000000013,-0.364484313711561,0.267913397490904,-1.45793725484616
0.0822000000000013,-0.422163962751679,0.36448431371185,-1.68865585100666
0.0823000000000013,-0.464888242944584,0.43815334002274,-1.85955297177831
0.0824000000000013,-0.491143625364578,0.484291580564731,-1.96457450145829
0.0825000000000013,-0.5,0.5,-2
0.0826000000000013,-0.491143625364108,0.484291580563897,-1.96457450145647
0.0827000000000013,-0.464888242943661,0.438153340021118,-1.85955297177471
0.0828000000000013,-0.422163962750328,0.364484313709545,-1.6886558510014
0.0829000000000013,-0.364484313709834,0.267913397488073,-1.45793725483945
0.0830000000000014,-0.293892626145214,0.154508497185862,-1.17557050458067
0.0831000000000014,-0.212889645781389,0.0313952597629595,-0.851558583125401
0.0832000000000014,-0.124344943581194,-0.093690657294539,-0.497379774324612
0.0833000000000014,-0.0313952597633813,-0.212889645784087,-0.125581039053355
0.0834000000000014,0.0626666167834247,-0.318711994875659,0.250666467133868
0.0835000000000014,0.154508497188698,-0.40450849718848,0.618033988754901
0.0836000000000014,0.240876837051978,-0.464888242944758,0.96350734820801
0.0837000000000014,0.318711994875333,-0.496057350657455,1.27484797950142
0.0838000000000014,0.385256621388715,-0.496057350657022,1.54102648555493
0.0839000000000014,0.438153340022554,-0.464888242943491,1.75261336009027
0.0840000000000014,0.475528258147978,-0.404508497186457,1.90211303259195
0.0841000000000014,0.496057350657402,-0.318711994873007,1.98422940262962
0.0842000000000014,0.499013364214054,-0.21288964578096,1.99605345685621
0.0843000000000014,0.484291580563993,-0.0936906572911445,1.93716632225596
0.0844000000000014,0.452413526232455,0.0313952597664084,1.8096541049298
0.0845000000000014,0.404508497186705,0.154508497189136,1.61803398874682
0.0846000000000014,0.342273552963388,0.267913397490979,1.36909421185355
0.0847000000000014,0.267913397488387,0.364484313711911,1.07165358995355
0.0848000000000014,0.18406227634111,0.438153340022783,0.736249105364442
0.0849000000000014,0.0936906572915597,0.484291580564756,0.374762629166239
0.0850000000000014,-1.31671028233656E-12,0.5,-5.20999771048543E-12
0.0851000000000014,-0.0936906572941604,0.484291580563875,-0.374762629176586
0.0852000000000014,-0.184062276343572,0.438153340021075,-0.736249105374236
0.0853000000000014,-0.267913397490622,0.364484313709484,-1.07165358996244
0.0854000000000014,-0.342273552965318,0.267913397487986,-1.36909421186123
0.0855000000000014,-0.404508497188262,0.154508497185778,-1.61803398875298
0.0856000000000014,-0.452413526233583,0.031395259762871,-1.80965410493428
0.0857000000000014,-0.484291580564648,-0.0936906572946261,-1.93716632225858
0.0858000000000014,-0.49901336421422,-0.212889645784167,-1.99605345685687
0.0859000000000014,-0.49605735065707,-0.318711994875738,-1.9842294026283
0.0860000000000014,-0.475528258147159,-0.404508497188532,-1.90211303258869
0.0861000000000014,-0.438153340021279,-0.464888242944791,-1.7526133600852
0.0862000000000015,-0.385256621387028,-0.496057350657466,-1.541026485548
0.0863000000000014,-0.318711994873304,-0.496057350657011,-1.2748479794933
0.0864000000000014,-0.24087683704967,-0.464888242943453,-0.963507348198779
0.0865000000000014,-0.15450849718618,-0.404508497186405,-0.618033988744883
0.0866000000000015,-0.0626666167807979,-0.318711994872939,-0.250666467123022
0.0867000000000015,0.0313952597660237,-0.212889645780879,0.125581039064265
0.0868000000000015,0.124344943583759,-0.0936906572910574,0.4973797743352
0.0869000000000015,0.212889645783784,0.0313952597664969,0.85155858313524
0.0870000000000015,0.293892626147345,0.15450849718922,1.17557050458952
0.0871000000000015,0.364484313711647,0.267913397491054,1.45793725484667
0.0872000000000015,0.422163962751747,0.364484313711971,1.68865585100705
0.0873000000000015,0.464888242944635,0.438153340022826,1.85955297177858
0.0874000000000015,0.491143625364605,0.484291580564778,1.96457450145844
0.0875000000000015,0.5,0.5,2
0.0876000000000015,0.491143625364082,0.484291580563853,1.96457450145633
0.0877000000000015,0.464888242943614,0.438153340021033,1.85955297177444
0.0878000000000015,0.422163962750261,0.364484313709424,1.68865585100101
0.0879000000000015,0.364484313709748,0.267913397487912,1.45793725483895
0.0880000000000015,0.293892626145101,0.154508497185694,1.1755705045804
0.0881000000000015,0.212889645781262,0.0313952597627825,0.851558583125048
0.0882000000000015,0.124344943581059,-0.0936906572947132,0.497379774324234
0.0883000000000015,0.0313952597632415,-0.212889645784247,0.125581039052966
0.0884000000000015,-0.0626666167835496,-0.318711994875807,-0.250666467134198
0.0885000000000015,-0.154508497188818,-0.404508497188584,-0.618033988755218
0.0886000000000015,-0.2408768370521,-0.464888242944824,-0.963507348208352
0.0887000000000015,-0.318711994875441,-0.496057350657477,-1.27484797950172
0.0888000000000015,-0.385256621388805,-0.496057350657,-1.54102648555518
0.0889000000000015,-0.438153340022622,-0.464888242943421,-1.75261336009046
0.0890000000000015,-0.475528258148017,-0.404508497186353,-1.90211303259205
0.0891000000000015,-0.496057350657418,-0.318711994872871,-1.98422940262966
0.0892000000000015,-0.499013364214046,-0.212889645780799,-1.99605345685619
0.0893000000000015,-0.484291580563958,-0.0936906572909703,-1.93716632225586
0.0894000000000015,-0.452413526232396,0.0313952597665854,-1.80965410492963
0.0895000000000015,-0.404508497186623,0.154508497189304,-1.61803398874659
0.0896000000000015,-0.342273552963286,0.267913397491129,-1.36909421185327
0.0897000000000015,-0.26791339748828,0.364484313712032,-1.07165358995322
0.0898000000000016,-0.184062276340993,0.438153340022868,-0.736249105363762
0.0899000000000016,-0.093690657291436,0.484291580564801,-0.374762629165521
0.0900000000000015,1.45685877562931E-12,0.5,5.600061427074E-12
0.0901000000000015,0.0936906572942981,0.484291580563831,0.374762629176969
0.0902000000000016,0.184062276343702,0.43815334002099,0.736249105374916
0.0903000000000016,0.26791339749074,0.364484313709363,1.07165358996306
0.0904000000000016,0.34227355296541,0.267913397487837,1.36909421186176
0.0905000000000016,0.404508497188336,0.154508497185596,1.61803398875344
0.0906000000000016,0.452413526233636,0.031395259762694,1.80965410493459
0.0907000000000016,0.484291580564683,-0.0936906572948004,1.93716632225876
0.0908000000000016,0.499013364214229,-0.212889645784327,1.99605345685692
0.0909000000000016,0.496057350657053,-0.318711994875875,1.9842294026282
0.0910000000000016,0.475528258147116,-0.404508497188645,1.90211303258846
0.0911000000000016,0.438153340021218,-0.464888242944856,1.75261336008485
0.0912000000000016,0.385256621386947,-0.496057350657488,1.54102648554775
0.0913000000000016,0.318711994873196,-0.496057350656989,1.27484797949274
0.0914000000000016,0.240876837049547,-0.464888242943388,0.963507348198139
0.0915000000000016,0.154508497186047,-0.404508497186292,0.618033988744187
0.0916000000000016,0.0626666167806589,-0.318711994872802,0.250666467122636
0.0917000000000016,-0.0313952597661636,-0.212889645780719,-0.125581039064654
0.0918000000000016,-0.124344943583881,-0.0936906572908831,-0.497379774335523
0.0919000000000016,-0.212889645783898,0.031395259766674,-0.851558583135593
0.0920000000000016,-0.293892626147458,0.154508497189402,-1.17557050458979
0.0921000000000016,-0.364484313711743,0.267913397491204,-1.45793725484693
0.0922000000000016,-0.422163962751822,0.364484313712093,-1.68865585100726
0.0923000000000016,-0.464888242944687,0.438153340022911,-1.85955297177873
0.0924000000000016,-0.491143625364628,0.484291580564823,-1.96457450145851
0.0925000000000016,-0.5,0.5,-2
0.0926000000000016,-0.491143625364059,0.484291580563809,-1.96457450145626
0.0927000000000016,-0.464888242943563,0.438153340020947,-1.85955297177429
0.0928000000000016,-0.422163962750185,0.364484313709302,-1.6886558510008
0.0929000000000016,-0.364484313709652,0.267913397487762,-1.45793725483869
0.0930000000000016,-0.293892626144988,0.154508497185512,-1.17557050458009
0.0931000000000016,-0.212889645781148,0.0313952597626054,-0.851558583124695
0.0932000000000016,-0.124344943580937,-0.0936906572948875,-0.497379774323856
0.0933000000000016,-0.0313952597631158,-0.212889645784408,-0.125581039052633
0.0934000000000017,0.0626666167836887,-0.318711994875943,0.25066646713498
0.0935000000000017,0.154508497188951,-0.404508497188697,0.618033988756021
0.0936000000000016,0.240876837052223,-0.464888242944889,0.963507348208694
0.0937000000000017,0.318711994875549,-0.4960573506575,1.27484797950228
0.0938000000000017,0.385256621388885,-0.496057350656978,1.54102648555565
0.0939000000000017,0.438153340022683,-0.464888242943356,1.75261336009081
0.0940000000000017,0.47552825814806,-0.40450849718624,1.90211303259227
0.0941000000000017,0.496057350657435,-0.318711994872734,1.98422940262976
0.0942000000000017,0.499013364214037,-0.212889645780639,1.99605345685614
0.0943000000000017,0.484291580563923,-0.093690657290796,1.93716632225566
0.0944000000000017,0.452413526232336,0.0313952597667625,1.80965410492932
0.0945000000000017,0.404508497186549,0.154508497189486,1.61803398874616
0.0946000000000017,0.342273552963194,0.267913397491279,1.36909421185274
0.0947000000000017,0.267913397488162,0.364484313712153,1.0716535899526
0.0948000000000017,0.184062276340863,0.438153340022954,0.736249105363399
0.0949000000000017,0.0936906572912983,0.484291580564845,0.374762629165137
0.0950000000000017,-1.59700726892206E-12,0.5,-6.38802907568822E-12
0.0951000000000017,-0.0936906572944218,0.484291580563787,-0.374762629177687
0.0952000000000017,-0.18406227634382,0.438153340020904,-0.736249105375278
0.0953000000000017,-0.267913397490847,0.364484313709241,-1.07165358996339
0.0954000000000017,-0.342273552965512,0.267913397487687,-1.36909421186205
0.0955000000000017,-0.404508497188418,0.154508497185427,-1.61803398875364
0.0956000000000017,-0.452413526233696,0.0313952597625027,-1.80965410493476
0.0957000000000017,-0.484291580564718,-0.0936906572949746,-1.93716632225886
0.0958000000000017,-0.499013364214237,-0.212889645784488,-1.99605345685695
0.0959000000000017,-0.496057350657037,-0.318711994876012,-1.98422940262815
0.0960000000000017,-0.475528258147077,-0.404508497188749,-1.90211303258834
0.0961000000000017,-0.438153340021151,-0.464888242944927,-1.75261336008466
0.0962000000000017,-0.385256621386858,-0.496057350657511,-1.54102648554751
0.0963000000000017,-0.318711994873088,-0.496057350656966,-1.27484797949244
0.0964000000000017,-0.240876837049424,-0.464888242943323,-0.963507348197797
0.0965000000000017,-0.154508497185927,-0.404508497186188,-0.618033988743816
0.0966000000000017,-0.0626666167805339,-0.318711994872655,-0.250666467122248
0.0967000000000017,0.0313952597662893,-0.212889645780558,0.125581039064987
0.0968000000000017,0.124344943584016,-0.0936906572907089,0.497379774335901
0.0969000000000018,0.212889645784025,0.031395259766851,0.851558583136306
0.0970000000000018,0.293892626147572,0.154508497189571,1.17557050459038
0.0971000000000018,0.364484313711839,0.267913397491365,1.45793725484743
0.0972000000000018,0.422163962751889,0.364484313712214,1.68865585100765
0.0973000000000018,0.464888242944733,0.438153340022996,1.859552971779
0.0974000000000018,0.491143625364655,0.484291580564867,1.96457450145865
0.0975000000000018,0.5,0.5,2
0.0976000000000018,0.491143625364032,0.484291580563761,1.96457450145611
0.0977000000000018,0.464888242943511,0.438153340020862,1.85955297177402
0.0978000000000018,0.42216396275011,0.364484313709181,1.68865585100041
0.0979000000000018,0.364484313709566,0.267913397487612,1.45793725483819
0.0980000000000018,0.293892626144886,0.154508497185343,1.1755705045795
0.0981000000000018,0.212889645781021,0.0313952597624142,0.851558583124033
0.0982000000000018,0.124344943580801,-0.0936906572950617,0.497379774323148
0.0983000000000018,0.0313952597629759,-0.212889645784568,0.125581039051847
0.0984000000000018,-0.0626666167838277,-0.31871199487608,-0.250666467135367
0.0985000000000018,-0.154508497189071,-0.404508497188801,-0.618033988756284
0.0986000000000018,-0.240876837052334,-0.464888242944959,-0.963507348209334
0.0987000000000018,-0.318711994875646,-0.496057350657522,-1.27484797950259
0.0988000000000018,-0.385256621388974,-0.496057350656955,-1.5410264855559
0.0989000000000018,-0.43815334002275,-0.46488824294329,-1.752613360091
0.0990000000000018,-0.475528258148103,-0.404508497186136,-1.9021130325924
0.0991000000000018,-0.496057350657453,-0.318711994872586,-1.9842294026298
0.0992000000000018,-0.499013364214029,-0.212889645780478,-1.99605345685612
0.0993000000000018,-0.484291580563892,-0.0936906572906218,-1.93716632225558
0.0994000000000018,-0.452413526232282,0.0313952597669395,-1.80965410492915
0.0995000000000018,-0.404508497186467,0.154508497189655,-1.61803398874593
0.0996000000000018,-0.342273552963092,0.26791339749144,-1.36909421185245
0.0997000000000018,-0.267913397488044,0.364484313712275,-1.07165358995227
0.0998000000000018,-0.184062276340733,0.438153340023039,-0.736249105363037
0.0999000000000018,-0.0936906572911746,0.484291580564889,-0.374762629164754
0.100000000000002,1.7229449074996E-12,0.5,7.51705723746729E-12
0.100100000000002,0.0936906572945594,0.484291580563739,0.374762629178852
0.100200000000002,0.18406227634395,0.438153340020819,0.736249105376328
0.100300000000002,0.267913397490965,0.36448431370912,1.07165358996434
0.100400000000002,0.342273552965614,0.267913397487537,1.36909421186287
0.100500000000002,0.4045084971885,0.154508497185259,1.61803398875434
0.100600000000002,0.45241352623375,0.0313952597623257,1.80965410493524
0.100700000000002,0.484291580564749,-0.0936906572951628,1.93716632225912
0.100800000000002,0.499013364214245,-0.212889645784648,1.99605345685701
0.100900000000002,0.496057350657019,-0.318711994876148,1.98422940262801
0.101000000000002,0.475528258147034,-0.404508497188853,1.90211303258798
0.101100000000002,0.438153340021083,-0.464888242944992,1.75261336008411
0.101200000000002,0.385256621386778,-0.496057350657535,1.54102648554679
0.101300000000002,0.318711994872991,-0.496057350656944,1.27484797949157
0.101400000000002,0.240876837049314,-0.464888242943258,0.963507348196857
0.101500000000002,0.154508497185794,-0.404508497186084,0.618033988742743
0.101600000000002,0.0626666167803949,-0.318711994872518,0.250666467121185
0.101700000000002,-0.0313952597664292,-0.212889645780385,-0.125581039066114
0.101800000000002,-0.124344943584152,-0.0936906572905346,-0.497379774336994
0.101900000000002,-0.212889645784139,0.0313952597670422,-0.851558583136968
0.102000000000002,-0.293892626147674,0.154508497189726,-1.17557050459106
0.102100000000002,-0.364484313711925,0.267913397491503,-1.45793725484797
0.102200000000002,-0.422163962751964,0.364484313712336,-1.68865585100804
0.102300000000002,-0.464888242944785,0.438153340023082,-1.85955297177927
0.102400000000002,-0.491143625364681,0.484291580564911,-1.96457450145879
0.102500000000002,-0.5,0.5,-2
0.102600000000002,-0.491143625364009,0.484291580563717,-1.96457450145597
0.102700000000002,-0.464888242943465,0.438153340020769,-1.85955297177373
0.102800000000002,-0.422163962750043,0.36448431370905,-1.68865585099999
0.102900000000002,-0.36448431370947,0.26791339748745,-1.45793725483765
0.103000000000002,-0.293892626144772,0.154508497185188,-1.17557050457886
0.103100000000002,-0.212889645780894,0.0313952597622514,-0.851558583123372
0.103200000000002,-0.124344943580665,-0.093690657295236,-0.49737977432244
0.103300000000002,-0.0313952597628502,-0.212889645784729,-0.125581039051117
0.103400000000002,0.0626666167839526,-0.318711994876217,0.250666467136093
0.103500000000002,0.154508497189204,-0.404508497188905,0.618033988757033
0.103600000000002,0.240876837052456,-0.464888242945025,0.963507348210025
0.103700000000002,0.318711994875754,-0.496057350657546,1.27484797950315
0.103800000000002,0.385256621389064,-0.496057350656931,1.54102648555636
0.103900000000002,0.438153340022818,-0.46488824294322,1.75261336009135
0.104000000000002,0.475528258148142,-0.404508497186023,1.90211303259262
0.104100000000002,0.496057350657469,-0.31871199487246,1.9842294026299
0.104200000000002,0.49901336421402,-0.212889645780318,1.99605345685607
0.104300000000002,0.484291580563857,-0.0936906572904475,1.93716632225539
0.104400000000002,0.452413526232223,0.0313952597671166,1.80965410492882
0.104500000000002,0.404508497186384,0.154508497189824,1.6180339887455
0.104600000000002,0.342273552963,0.26791339749159,1.36909421185192
0.104700000000002,0.267913397487937,0.364484313712406,1.07165358995165
0.104800000000002,0.184062276340616,0.438153340023132,0.736249105362357
0.104900000000002,0.0936906572910369,0.484291580564936,0.374762629164036
0.105000000000002,-1.86309340079235E-12,0.5,-7.50921702203021E-12
0.105100000000002,-0.0936906572946971,0.484291580563699,-0.374762629178844
0.105200000000002,-0.18406227634408,0.438153340020733,-0.736249105376373
0.105300000000002,-0.267913397491071,0.364484313708999,-1.07165358996433
0.105400000000002,-0.342273552965706,0.267913397487387,-1.36909421186287
0.105500000000002,-0.404508497188575,0.15450849718509,-1.6180339887543
0.105600000000002,-0.452413526233809,0.0313952597621487,-1.80965410493524
0.105700000000002,-0.484291580564784,-0.0936906572953371,-1.93716632225913
0.105800000000002,-0.499013364214254,-0.212889645784822,-1.99605345685702
0.105900000000002,-0.496057350657002,-0.318711994876296,-1.98422940262801
0.106000000000002,-0.475528258146995,-0.404508497188966,-1.902113032588
0.106100000000002,-0.438153340021023,-0.464888242945052,-1.75261336008412
0.106200000000002,-0.385256621386688,-0.496057350657555,-1.54102648554679
0.106300000000002,-0.318711994872883,-0.496057350656922,-1.27484797949158
0.106400000000002,-0.240876837049191,-0.464888242943192,-0.963507348196814
0.106500000000002,-0.15450849718566,-0.40450849718598,-0.61803398874275
0.106600000000002,-0.0626666167802558,-0.318711994872381,-0.250666467121136
0.106700000000002,0.0313952597665549,-0.212889645780225,0.125581039066163
0.106800000000002,0.124344943584274,-0.0936906572903464,0.497379774336987
0.106900000000002,0.212889645784266,0.0313952597672193,0.851558583136909
0.107000000000002,0.293892626147787,0.154508497189922,1.17557050459101
0.107100000000002,0.364484313712021,0.267913397491653,1.45793725484797
0.107200000000002,0.422163962752039,0.364484313712457,1.68865585100807
0.107300000000002,0.464888242944831,0.438153340023167,1.85955297177928
0.107400000000002,0.491143625364704,0.484291580564955,1.96457450145879
0.107500000000002,0.5,0.5,2
0.107600000000002,0.491143625363983,0.484291580563673,1.96457450145597
0.107700000000002,0.464888242943413,0.438153340020684,1.85955297177374
0.107800000000002,0.422163962749968,0.364484313708928,1.68865585099999
0.107900000000002,0.364484313709374,0.2679133974873,1.45793725483769
0.108000000000002,0.29389262614467,0.154508497184992,1.17557050457887
0.108100000000002,0.21288964578078,0.0313952597620743,0.851558583123327
0.108200000000002,0.124344943580543,-0.0936906572954102,0.497379774322393
0.108300000000002,0.0313952597627103,-0.212889645784889,0.125581039051125
0.108400000000002,-0.0626666167840917,-0.318711994876353,-0.250666467136028
0.108500000000002,-0.154508497189338,-0.40450849718901,-0.618033988757026
0.108600000000002,-0.240876837052579,-0.46488824294509,-0.963507348210018
0.108700000000002,-0.318711994875851,-0.496057350657568,-1.27484797950319
0.108800000000002,-0.385256621389144,-0.496057350656909,-1.54102648555639
0.108900000000002,-0.438153340022878,-0.464888242943154,-1.75261336009135
0.109000000000002,-0.475528258148185,-0.404508497185919,-1.90211303259264
0.109100000000002,-0.496057350657486,-0.318711994872302,-1.9842294026299
0.109200000000002,-0.499013364214011,-0.212889645780157,-1.99605345685607
0.109300000000002,-0.484291580563822,-0.0936906572902733,-1.93716632225539
0.109400000000002,-0.452413526232169,0.0313952597672936,-1.80965410492885
0.109500000000002,-0.40450849718631,0.154508497189993,-1.61803398874548
0.109600000000002,-0.342273552962898,0.26791339749174,-1.36909421185188
0.109700000000002,-0.267913397487819,0.364484313712528,-1.07165358995161
0.109800000000002,-0.184062276340485,0.438153340023217,-0.736249105362364
0.109900000000002,-0.0936906572908993,0.484291580564981,-0.3747626291641
0.110000000000002,1.9890310393699E-12,0.5,7.50137680659312E-12
0.110100000000002,0.0936906572948208,0.484291580563647,0.374762629178837
0.110200000000002,0.184062276344197,0.438153340020648,0.736249105376366
0.110300000000002,0.26791339749119,0.364484313708877,1.07165358996433
0.110400000000002,0.342273552965808,0.267913397487237,1.36909421186286
0.110500000000002,0.404508497188657,0.154508497184921,1.61803398875433
0.110600000000002,0.452413526233869,0.0313952597619716,1.80965410493523
0.110700000000002,0.484291580564815,-0.0936906572955113,1.93716632225913
0.110800000000002,0.499013364214262,-0.212889645784982,1.99605345685701
0.110900000000002,0.496057350656986,-0.318711994876433,1.98422940262802
0.111000000000002,0.475528258146952,-0.40450849718907,1.90211303258798
0.111100000000002,0.438153340020955,-0.464888242945128,1.75261336008409
0.111200000000002,0.385256621386599,-0.496057350657577,1.54102648554676
0.111300000000002,0.318711994872775,-0.4960573506569,1.27484797949158
0.111400000000002,0.240876837049081,-0.464888242943127,0.963507348196871
0.111500000000002,0.154508497185541,-0.404508497185875,0.618033988742758
0.111600000000002,0.0626666167801309,-0.318711994872245,0.250666467121144
0.111700000000002,-0.0313952597666947,-0.212889645780064,-0.125581039066155
0.111800000000002,-0.12434494358441,-0.0936906572901722,-0.497379774336979
0.111900000000002,-0.212889645784393,0.0313952597673963,-0.851558583136954
0.112000000000002,-0.2938926261479,0.15450849719009,-1.17557050459105
0.112100000000002,-0.364484313712107,0.267913397491827,-1.45793725484796
0.112200000000002,-0.422163962752107,0.364484313712579,-1.68865585100806
0.112300000000002,-0.464888242944883,0.438153340023253,-1.85955297177926
0.112400000000002,-0.491143625364731,0.484291580564999,-1.96457450145878
0.112500000000002,-0.5,0.5,-2
0.112600000000002,-0.491143625363956,0.484291580563629,-1.96457450145596
0.112700000000002,-0.464888242943362,0.438153340020598,-1.85955297177372
0.112800000000002,-0.4221639627499,0.364484313708807,-1.688655851
0.112900000000002,-0.364484313709288,0.267913397487151,-1.4579372548377
0.113000000000002,-0.293892626144557,0.154508497184823,-1.17557050457887
0.113100000000002,-0.212889645780654,0.0313952597618689,-0.851558583123334
0.113200000000002,-0.124344943580407,-0.0936906572955845,-0.497379774322455
0.113300000000002,-0.0313952597625705,-0.21288964578505,-0.125581039051133
0.113400000000002,0.0626666167842166,-0.31871199487649,0.250666467136077
0.113500000000002,0.154508497189457,-0.404508497189114,0.618033988757072
0.113600000000002,0.24087683705269,-0.464888242945155,0.963507348210011
0.113700000000002,0.318711994875959,-0.49605735065759,1.27484797950314
0.113800000000002,0.385256621389233,-0.496057350656887,1.54102648555635
0.113900000000002,0.438153340022946,-0.464888242943089,1.75261336009135
0.114000000000002,0.475528258148229,-0.404508497185815,1.90211303259263
0.114100000000002,0.496057350657502,-0.318711994872165,1.9842294026299
0.114200000000002,0.499013364214004,-0.212889645779971,1.99605345685607
0.114300000000002,0.484291580563791,-0.093690657290099,1.93716632225539
0.114400000000002,0.452413526232109,0.0313952597674706,1.80965410492885
0.114500000000002,0.404508497186228,0.154508497190161,1.61803398874548
0.114600000000002,0.342273552962796,0.26791339749189,1.36909421185189
0.114700000000002,0.267913397487701,0.364484313712649,1.07165358995167
0.114800000000002,0.184062276340368,0.438153340023302,0.736249105362371
0.114900000000002,0.0936906572907756,0.484291580565025,0.374762629164051
0.115000000000002,-2.12917953266264E-12,0.5,-7.55038001001683E-12
0.115100000000002,-0.0936906572949585,0.484291580563603,-0.374762629178829
0.115200000000002,-0.184062276344328,0.438153340020549,-0.736249105376306
0.115300000000002,-0.267913397491308,0.364484313708756,-1.07165358996432
0.115400000000002,-0.34227355296591,0.267913397487088,-1.36909421186285
0.115500000000002,-0.404508497188731,0.154508497184752,-1.61803398875432
0.115600000000002,-0.452413526233922,0.0313952597617946,-1.80965410493525
0.115700000000002,-0.48429158056485,-0.0936906572956856,-1.93716632225913
0.115800000000002,-0.499013364214271,-0.212889645785143,-1.99605345685702
0.115900000000002,-0.496057350656968,-0.318711994876569,-1.98422940262802
0.116000000000002,-0.475528258146908,-0.404508497189174,-1.90211303258799
0.116100000000002,-0.438153340020894,-0.464888242945193,-1.75261336008413
0.116200000000002,-0.385256621386519,-0.496057350657603,-1.5410264855468
0.116300000000002,-0.318711994872678,-0.496057350656877,-1.27484797949159
0.116400000000002,-0.240876837048958,-0.464888242943062,-0.963507348196828
0.116500000000002,-0.154508497185407,-0.404508497185771,-0.618033988742711
0.116600000000002,-0.0626666167799919,-0.318711994872108,-0.250666467121152
0.116700000000002,0.0313952597668346,-0.212889645779904,0.12558103906609
0.116800000000002,0.124344943584532,-0.0936906572899979,0.497379774336972
0.116900000000002,0.212889645784507,0.0313952597675733,0.851558583136947
0.117000000000002,0.293892626148002,0.154508497190259,1.17557050459104
0.117100000000002,0.364484313712203,0.267913397491977,1.45793725484796
0.117200000000002,0.422163962752182,0.364484313712719,1.68865585100806
0.117300000000002,0.464888242944934,0.438153340023338,1.85955297177928
0.117400000000002,0.491143625364757,0.484291580565043,1.96457450145878
0.117500000000002,0.5,0.5,2
0.117600000000002,0.491143625363933,0.484291580563585,1.96457450145598
0.117700000000002,0.464888242943315,0.438153340020513,1.85955297177374
0.117800000000002,0.422163962749825,0.364484313708685,1.688655851
0.117900000000002,0.364484313709192,0.267913397487001,1.45793725483766
0.118000000000002,0.293892626144444,0.154508497184655,1.17557050457883
0.118100000000002,0.212889645780527,0.0313952597616919,0.851558583123341
0.118200000000002,0.124344943580285,-0.0936906572957867,0.497379774322463
0.118300000000002,0.0313952597624448,-0.21288964578521,0.125581039051141
0.118400000000002,-0.0626666167843557,-0.318711994876627,-0.250666467136069
0.118500000000002,-0.154508497189591,-0.404508497189218,-0.618033988757065
0.118600000000002,-0.240876837052812,-0.464888242945221,-0.963507348210004
0.118700000000002,-0.318711994876067,-0.496057350657612,-1.27484797950317
0.118800000000002,-0.385256621389323,-0.496057350656865,-1.54102648555638
0.118900000000002,-0.438153340023006,-0.464888242943024,-1.75261336009137
0.119000000000002,-0.475528258148268,-0.40450849718571,-1.90211303259261
0.119100000000002,-0.49605735065752,-0.318711994872029,-1.98422940262989
0.119200000000002,-0.499013364213995,-0.21288964577981,-1.99605345685607
0.119300000000002,-0.484291580563756,-0.0936906572899248,-1.93716632225539
0.119400000000002,-0.45241352623205,0.0313952597676477,-1.80965410492883
0.119500000000002,-0.404508497186154,0.15450849719033,-1.61803398874548
0.119600000000002,-0.342273552962704,0.267913397492039,-1.36909421185189
0.119700000000002,-0.267913397487594,0.36448431371277,-1.07165358995167
0.119800000000002,-0.184062276340238,0.438153340023388,-0.736249105362379
0.119900000000002,-0.0936906572906379,0.484291580565069,-0.374762629164059
0.120000000000002,2.26932802595539E-12,0.5,7.48569637571894E-12
0.120100000000002,0.0936906572950961,0.484291580563559,0.374762629178821
0.120200000000002,0.184062276344445,0.438153340020463,0.736249105376352
0.120300000000002,0.267913397491415,0.364484313708615,1.07165358996436
0.120400000000002,0.342273552966002,0.267913397486938,1.36909421186289
0.120500000000002,0.404508497188813,0.154508497184584,1.61803398875428
0.120600000000002,0.452413526233982,0.0313952597616175,1.80965410493523
0.120700000000002,0.484291580564885,-0.0936906572958598,1.93716632225913
0.120800000000002,0.49901336421428,-0.212889645785303,1.99605345685702
0.120900000000002,0.496057350656953,-0.318711994876706,1.98422940262801
0.121000000000002,0.47552825814687,-0.404508497189279,1.90211303258799
0.121100000000002,0.438153340020827,-0.464888242945259,1.7526133600841
0.121200000000002,0.38525662138643,-0.496057350657625,1.54102648554677
0.121300000000002,0.31871199487257,-0.496057350656852,1.27484797949159
0.121400000000002,0.240876837048835,-0.464888242942996,0.963507348196835
0.121500000000002,0.154508497185274,-0.404508497185667,0.618033988742772
0.121600000000002,0.0626666167798669,-0.318711994871971,0.250666467121159
0.121700000000002,-0.0313952597669603,-0.212889645779743,-0.125581039066139
0.121800000000002,-0.124344943584668,-0.0936906572898237,-0.497379774337019
0.121900000000002,-0.212889645784633,0.0313952597677504,-0.851558583136991
0.122000000000002,-0.293892626148116,0.154508497190428,-1.17557050459099
0.122100000000002,-0.364484313712299,0.267913397492126,-1.45793725484795
0.122200000000002,-0.42216396275225,0.364484313712841,-1.68865585100805
0.122300000000002,-0.464888242944981,0.438153340023437,-1.85955297177927
0.122400000000002,-0.49114362536478,0.484291580565087,-1.96457450145878
0.122500000000002,-0.5,0.5,-2
0.122600000000002,-0.491143625363906,0.484291580563541,-1.96457450145597
0.122700000000002,-0.464888242943264,0.438153340020427,-1.85955297177372
0.122800000000002,-0.42216396274975,0.364484313708564,-1.68865585100001
0.122900000000003,-0.364484313709106,0.267913397486851,-1.45793725483506
0.123000000000002,-0.293892626144342,0.154508497184486,-1.17557050457889
0.123100000000003,-0.212889645780413,0.0313952597615148,-0.851558583119954
0.123200000000002,-0.12434494358015,-0.0936906572959609,-0.497379774322415
0.123300000000003,-0.0313952597623049,-0.212889645785396,-0.125581039047348
0.123400000000003,0.0626666167844947,-0.318711994876763,0.250666467139783
0.123500000000003,0.154508497189724,-0.404508497189322,0.618033988760626
0.123600000000003,0.240876837052923,-0.464888242945286,0.963507348213335
0.123700000000003,0.318711994876164,-0.496057350657635,1.27484797950606
0.123800000000003,0.385256621389403,-0.496057350656842,1.54102648555877
0.123900000000003,0.438153340023074,-0.464888242942958,1.75261336009315
0.124000000000003,0.475528258148311,-0.404508497185606,1.90211303259379
0.124100000000003,0.496057350657537,-0.318711994871892,1.98422940263037
0.124200000000003,0.499013364213986,-0.21288964577965,1.99605345685583
0.124300000000003,0.484291580563725,-0.0936906572897226,1.93716632225445
0.124400000000003,0.452413526231996,0.0313952597678247,1.80965410492723
0.124500000000003,0.404508497186072,0.154508497190499,1.61803398874328
0.124600000000003,0.342273552962602,0.267913397492189,1.36909421184916
0.124700000000003,0.267913397487476,0.364484313712892,1.07165358994846
0.124800000000003,0.184062276340108,0.438153340023473,0.736249105358845
0.124900000000003,0.0936906572905142,0.484291580565113,0.374762629160382
0.125000000000003,-2.39526566453294E-12,0.5,-1.1286365223956E-11
0.125100000000003,-0.0936906572952059,0.484291580563522,-0.374762629182499
0.125200000000003,-0.184062276344549,0.438153340020405,-0.736249105379885
0.125300000000003,-0.267913397491497,0.364484313708532,-1.07165358996748
0.125400000000003,-0.342273552966063,0.267913397486836,-1.36909421186562
0.125500000000003,-0.404508497188854,0.154508497184496,-1.61803398875652
0.125600000000002,-0.452413526234006,0.0313952597615256,-1.80965410493522
0.125700000000002,-0.484291580564895,-0.0936906572959224,-1.93716632225914
0.125800000000002,-0.499013364214281,-0.212889645785335,-1.99605345685702
0.125900000000002,-0.496057350656949,-0.318711994876711,-1.98422940262801
0.126000000000002,-0.475528258146866,-0.404508497189283,-1.90211303258799
0.126100000000002,-0.438153340020828,-0.464888242945251,-1.75261336008413
0.126200000000002,-0.38525662138644,-0.496057350657619,-1.54102648554677
0.126300000000002,-0.318711994872605,-0.496057350656858,-1.2748479794916
0.126400000000002,-0.240876837048887,-0.464888242943015,-0.963507348196792
0.126500000000002,-0.154508497185344,-0.404508497185713,-0.618033988742726
0.126600000000002,-0.0626666167799393,-0.318711994872032,-0.250666467121224
0.126700000000002,0.0313952597668732,-0.21288964577984,0.125581039066131
0.126800000000002,0.124344943584569,-0.0936906572899565,0.497379774336956
0.126900000000002,0.212889645784529,0.031395259767587,0.851558583136984
0.127000000000002,0.29389262614801,0.154508497190272,1.17557050459103
0.127100000000002,0.3644843137122,0.267913397491964,1.45793725484795
0.127200000000002,0.422163962752172,0.36448431371269,1.68865585100808
0.127300000000002,0.464888242944922,0.438153340023331,1.85955297177927
0.127400000000002,0.491143625364748,0.484291580565033,1.96457450145879
0.127500000000002,0.5,0.5,2
0.127600000000002,0.491143625363944,0.48429158056361,1.96457450145598
0.127700000000002,0.464888242943343,0.438153340020561,1.85955297177373
0.127800000000002,0.422163962749881,0.364484313708773,1.68865585100001
0.127900000000002,0.364484313709272,0.267913397487133,1.45793725483763
0.128000000000002,0.29389262614455,0.154508497184804,1.17557050457885
0.128100000000002,0.212889645780659,0.0313952597618767,0.851558583123356
0.128200000000002,0.124344943580427,-0.0936906572955768,0.497379774322423
0.128300000000002,0.0313952597626047,-0.212889645785017,0.125581039051156
0.128400000000002,-0.0626666167841826,-0.318711994876462,-0.25066646713611
0.128500000000002,-0.154508497189411,-0.404508497189076,-0.61803398875705
0.128600000000002,-0.240876837052635,-0.464888242945121,-0.96350734820999
0.128700000000002,-0.3187119948759,-0.496057350657579,-1.27484797950321
0.128800000000002,-0.385256621389175,-0.496057350656902,-1.54102648555637
0.128900000000002,-0.438153340022895,-0.464888242943144,-1.75261336009136
0.129000000000002,-0.475528258148192,-0.40450849718592,-1.90211303259263
0.129100000000002,-0.496057350657487,-0.318711994872303,-1.98422940262989
0.129200000000002,-0.499013364214013,-0.212889645780158,-1.99605345685607
0.129300000000002,-0.484291580563831,-0.0936906572903022,-1.9371663222554
0.129400000000002,-0.452413526232184,0.0313952597672643,-1.80965410492881
0.129500000000002,-0.40450849718634,0.154508497189938,-1.61803398874546
0.129600000000002,-0.342273552962945,0.267913397491667,-1.36909421185191
0.129700000000002,-0.267913397487886,0.364484313712449,-1.07165358995164
0.129800000000002,-0.184062276340572,0.438153340023162,-0.736249105362393
0.129900000000002,-0.0936906572910047,0.484291580564945,-0.374762629164019
0.130000000000002,1.88171484092639E-12,0.5,7.52685936370557E-12
0.130100000000002,0.0936906572947015,0.48429158056369,0.374762629178806
0.130200000000002,0.184062276344071,0.438153340020731,0.73624910537639
0.130300000000002,0.267913397491063,0.364484313709014,1.07165358996435
0.130400000000002,0.342273552965689,0.26791339748743,1.36909421186284
0.130500000000002,0.404508497188552,0.154508497185138,1.61803398875431
0.130600000000002,0.452413526233787,0.0313952597622279,1.80965410493522
0.130700000000002,0.484291580564764,-0.0936906572952312,1.93716632225914
0.130800000000002,0.499013364214248,-0.212889645784724,1.99605345685701
0.130900000000002,0.496057350657016,-0.318711994876191,1.98422940262802
0.131000000000002,0.475528258147029,-0.404508497188869,1.90211303258797
0.131100000000002,0.438153340021082,-0.464888242944991,1.75261336008411
0.131200000000002,0.385256621386776,-0.496057350657534,1.54102648554678
0.131300000000002,0.318711994873,-0.496057350656946,1.27484797949161
0.131400000000002,0.240876837049337,-0.464888242943274,0.963507348196898
0.131500000000002,0.154508497185832,-0.40450849718611,0.618033988742733
0.131600000000002,0.0626666167804489,-0.318711994872574,0.250666467121175
0.131700000000002,-0.0313952597663607,-0.212889645780476,-0.12558103906618
0.131800000000002,-0.124344943584072,-0.0936906572906199,-0.497379774337004
0.131900000000002,-0.212889645784064,0.0313952597669131,-0.851558583136925
0.132000000000002,-0.293892626147595,0.154508497189603,-1.17557050459102
0.132100000000002,-0.364484313711849,0.26791339749137,-1.45793725484794
0.132200000000002,-0.42216396275189,0.364484313712228,-1.68865585100808
0.132300000000002,-0.464888242944728,0.438153340022992,-1.85955297177927
0.132400000000002,-0.491143625364649,0.484291580564858,-1.96457450145878
0.132500000000002,-0.5,0.5,-2
0.132600000000002,-0.491143625364043,0.484291580563778,-1.96457450145597
0.132700000000002,-0.464888242943537,0.4381533400209,-1.85955297177373
0.132800000000002,-0.422163962750156,0.364484313709255,-1.68865585100001
0.132900000000002,-0.364484313709624,0.267913397487703,-1.45793725483772
0.133000000000002,-0.293892626144966,0.154508497185473,-1.17557050457885
0.133100000000002,-0.212889645781124,0.031395259762579,-0.851558583123363
0.133200000000002,-0.124344943580924,-0.0936906572949135,-0.497379774322376
0.133300000000002,-0.0313952597631172,-0.212889645784406,-0.125581039051107
0.133400000000002,0.0626666167836731,-0.31871199487592,0.250666467136046
0.133500000000002,0.154508497188923,-0.404508497188662,0.618033988757043
0.133600000000002,0.240876837052185,-0.464888242944872,0.963507348209984
0.133700000000002,0.318711994875493,-0.49605735065749,1.2748479795032
0.133800000000002,0.385256621388839,-0.49605735065699,1.54102648555637
0.133900000000002,0.438153340022641,-0.464888242943393,1.75261336009133
0.134000000000002,0.475528258148029,-0.404508497186317,1.90211303259264
0.134100000000002,0.496057350657421,-0.318711994872845,1.9842294026299
0.134200000000002,0.499013364214045,-0.212889645780795,1.99605345685607
0.134300000000002,0.484291580563959,-0.0936906572909654,1.9371663222554
0.134400000000002,0.452413526232403,0.031395259766562,1.80965410492886
0.134500000000002,0.404508497186642,0.154508497189268,1.61803398874546
0.134600000000002,0.342273552963319,0.267913397491097,1.36909421185191
0.134700000000001,0.267913397488319,0.364484313711987,1.07165358995481
0.134800000000001,0.184062276341049,0.438153340022823,0.736249105365889
0.134900000000001,0.0936906572915091,0.48429158056477,0.374762629167823
0.135000000000001,-1.36816401731985E-12,0.5,-3.76735350345515E-12
0.135100000000001,-0.093690657294183,0.484291580563865,-0.374762629175113
0.135200000000001,-0.18406227634358,0.43815334002107,-0.736249105372894
0.135300000000001,-0.267913397490618,0.364484313709476,-1.07165358996117
0.135400000000001,-0.342273552965304,0.267913397488,-1.3690942118601
0.135500000000001,-0.404508497188242,0.154508497185808,-1.6180339887521
0.135600000000001,-0.452413526233562,0.0313952597629302,-1.80965410493362
0.135700000000001,-0.484291580564636,-0.0936906572945679,-1.93716632225818
0.135800000000001,-0.499013364214216,-0.212889645784087,-1.99605345685678
0.135900000000001,-0.49605735065708,-0.318711994875649,-1.98422940262849
0.136000000000001,-0.475528258147188,-0.404508497188472,-1.90211303258914
0.136100000000001,-0.438153340021329,-0.464888242944743,-1.75261336008592
0.136200000000001,-0.385256621387104,-0.496057350657446,-1.54102648554921
0.136300000000001,-0.318711994873396,-0.496057350657034,-1.27484797949446
0.136400000000001,-0.240876837049787,-0.464888242943522,-0.963507348200143
0.136500000000001,-0.15450849718632,-0.404508497186523,-0.618033988746255
0.136600000000001,-0.0626666167809583,-0.318711994873116,-0.250666467124848
0.136700000000001,0.0313952597658482,-0.212889645781087,0.125581039062258
0.136800000000001,0.124344943583575,-0.0936906572913111,0.497379774333307
0.136900000000001,0.212889645783599,0.0313952597662108,0.851558583133472
0.137000000000001,0.29389262614718,0.154508497188934,1.17557050458798
0.137100000000001,0.364484313711497,0.2679133974908,1.45793725484537
0.137200000000001,0.422163962751622,0.364484313711746,1.688655851006
0.137300000000001,0.464888242944534,0.438153340022653,1.85955297177788
0.137400000000001,0.49114362536455,0.48429158056469,1.96457450145807
0.137500000000001,0.5,0.5,2
0.137600000000001,0.491143625364142,0.484291580563952,1.96457450145667
0.137700000000001,0.464888242943731,0.438153340021225,1.85955297177513
0.137800000000001,0.422163962750439,0.364484313709717,1.688655851002
0.137900000000001,0.364484313709985,0.267913397488298,1.45793725484025
0.138000000000001,0.293892626145393,0.154508497186142,1.17557050458185
0.138100000000001,0.212889645781601,0.031395259763253,0.851558583126713
0.138200000000001,0.124344943581435,-0.0936906572942223,0.497379774326072
0.138300000000001,0.031395259763644,-0.212889645783769,0.125581039054916
0.138400000000001,-0.0626666167831495,-0.3187119948754,-0.25066646713226
0.138500000000001,-0.154508497188421,-0.404508497188265,-0.618033988753467
0.138600000000001,-0.240876837051722,-0.464888242944613,-0.963507348206689
0.138700000000001,-0.318711994875098,-0.496057350657402,-1.27484797950022
0.138800000000001,-0.385256621388511,-0.496057350657075,-1.54102648555397
0.138900000000001,-0.438153340022393,-0.464888242943652,-1.75261336008952
0.139000000000001,-0.47552825814787,-0.40450849718673,-1.90211303259148
0.139100000000001,-0.496057350657357,-0.318711994873365,-1.98422940262943
0.139200000000001,-0.499013364214077,-0.212889645781406,-1.99605345685631
0.139300000000001,-0.484291580564087,-0.0936906572916567,-1.93716632225632
0.139400000000001,-0.452413526232622,0.0313952597658597,-1.80965410493044
0.139500000000001,-0.404508497186944,0.154508497188626,-1.61803398874764
0.139600000000001,-0.342273552963694,0.267913397490503,-1.36909421185461
0.139700000000001,-0.267913397488753,0.364484313711505,-1.07165358995482
0.139800000000001,-0.184062276341527,0.438153340022497,-0.736249105365896
0.139900000000001,-0.0936906572920136,0.484291580564602,-0.374762629167831
0.140000000000001,8.54613193713302E-13,0.5,3.75951328801806E-12
0.140100000000001,0.0936906572936925,0.48429158056404,0.374762629175105
0.140200000000001,0.184062276343116,0.438153340021395,0.736249105372781
0.140300000000001,0.267913397490172,0.364484313709958,1.07165358996117
0.140400000000001,0.342273552964919,0.267913397488595,1.36909421186009
0.140500000000001,0.404508497187932,0.15450849718645,1.61803398875213
0.140600000000001,0.452413526233338,0.0313952597636041,1.80965410493364
0.140700000000001,0.484291580564505,-0.0936906572938767,1.93716632225819
0.140800000000001,0.499013364214183,-0.212889645783451,1.99605345685678
0.140900000000001,0.496057350657146,-0.318711994875128,1.98422940262848
0.141000000000001,0.475528258147351,-0.404508497188059,1.90211303258912
0.141100000000001,0.438153340021584,-0.464888242944484,1.7526133600859
0.141200000000001,0.38525662138744,-0.496057350657362,1.54102648554918
0.141300000000001,0.318711994873803,-0.496057350657119,1.27484797949451
0.141400000000001,0.240876837050249,-0.464888242943781,0.9635073482002
0.141500000000001,0.154508497186822,-0.404508497186937,0.618033988746316
0.141600000000001,0.062666616781482,-0.318711994873636,0.250666467124913
0.141700000000001,-0.0313952597653215,-0.212889645781724,-0.125581039062307
0.141800000000001,-0.124344943583063,-0.0936906572920023,-0.497379774333355
0.141900000000001,-0.212889645783122,0.0313952597655369,-0.851558583133516
0.142000000000001,-0.293892626146753,0.154508497188292,-1.17557050458793
0.142100000000001,-0.364484313711136,0.267913397490206,-1.4579372548454
0.142200000000001,-0.422163962751339,0.364484313711264,-1.68865585100603
0.142300000000001,-0.46488824294435,0.438153340022328,-1.8595529717779
0.142400000000001,-0.491143625364457,0.484291580564515,-1.96457450145808
0.142500000000001,-0.5,0.5,-2
0.142600000000001,-0.491143625364235,0.48429158056412,-1.96457450145666
0.142700000000001,-0.464888242943915,0.438153340021564,-1.85955297177512
0.142800000000001,-0.422163962750706,0.364484313710199,-1.68865585100203
0.142900000000001,-0.364484313710327,0.267913397488892,-1.4579372548403
0.143000000000001,-0.293892626145797,0.154508497186784,-1.17557050458199
0.143100000000001,-0.212889645782053,0.0313952597639553,-0.851558583126772
0.143200000000001,-0.124344943581947,-0.0936906572935311,-0.497379774326135
0.143300000000001,-0.0313952597641707,-0.212889645783158,-0.125581039054867
0.143400000000001,0.0626666167826259,-0.318711994874857,0.250666467132308
0.143500000000001,0.154508497187919,-0.404508497187852,0.618033988753406
0.143600000000001,0.24087683705126,-0.464888242944365,0.963507348206732
0.143700000000001,0.318711994874691,-0.496057350657318,1.27484797950025
0.1438,0.385256621388175,-0.496057350657163,1.54102648555161
0.1439,0.438153340022139,-0.464888242943911,1.75261336008774
0.144,0.475528258147707,-0.404508497187127,1.9021130325903
0.1441,0.49605735065729,-0.318711994873907,1.98422940262895
0.1442,0.499013364214111,-0.212889645782043,1.99605345685655
0.1443,0.484291580564218,-0.09369065729232,1.93716632225727
0.1444,0.452413526232847,0.0313952597651857,1.80965410493206
0.1445,0.404508497187254,0.154508497187957,1.61803398874995
0.1446,0.342273552964079,0.267913397489909,1.36909421185739
0.1447,0.267913397489198,0.364484313711043,1.07165358995804
0.1448,0.184062276342018,0.438153340022158,0.736249105369339
0.1449,0.093690657292532,0.484291580564427,0.374762629171468
0.145,-3.26851515391556E-13,0.5,5.6835991093169E-14
0.1451,-0.0936906572931741,0.484291580564208,-0.374762629171468
0.1452,-0.184062276342625,0.438153340021734,-0.736249105369339
0.1453,-0.26791339748975,0.36448431371044,-1.07165358995804
0.1454,-0.342273552964555,0.267913397489165,-1.36909421185739
0.1455,-0.404508497187638,0.154508497187119,-1.61803398874988
0.1456,-0.452413526233125,0.0313952597643064,-1.80965410493202
0.1457,-0.48429158056438,-0.0936906572932134,-1.93716632225724
0.1458,-0.499013364214152,-0.21288964578284,-1.99605345685654
0.1459,-0.496057350657209,-0.318711994874586,-1.98422940262896
0.146,-0.475528258147505,-0.404508497187645,-1.90211303259034
0.1461,-0.438153340021838,-0.464888242944235,-1.75261336008774
0.1462,-0.385256621387776,-0.496057350657273,-1.54102648555161
0.1463,-0.318711994874209,-0.496057350657207,-1.27484797949736
0.1464,-0.240876837050712,-0.46488824294403,-0.963507348203444
0.1465,-0.154508497187324,-0.404508497187334,-0.618033988749946
0.1466,-0.0626666167820056,-0.318711994874178,-0.250666467128586
0.1467,0.0313952597647947,-0.212889645782361,0.125581039058612
0.1468,0.124344943582552,-0.0936906572926656,0.497379774329769
0.1469,0.212889645782644,0.0313952597648346,0.851558583130166
0.147,0.293892626146326,0.154508497187622,1.17557050458493
0.1471,0.364484313710775,0.267913397489636,1.45793725484279
0.1472,0.422163962751056,0.364484313710802,1.68865585100398
0.1473,0.464888242944156,0.438153340021989,1.85955297177646
0.1474,0.491143625364358,0.48429158056434,1.96457450145737
0.1475,0.5,0.5,2
0.1476,0.491143625364334,0.484291580564295,1.96457450145738
0.1477,0.464888242944109,0.438153340021903,1.85955297177652
0.1478,0.422163962750989,0.364484313710661,1.68865585100408
0.1479,0.364484313710688,0.267913397489462,1.45793725484283
0.148,0.293892626146224,0.154508497187454,1.17557050458499
0.1481,0.21288964578253,0.0313952597646575,0.851558583130122
0.1482,0.12434494358243,-0.0936906572928677,0.497379774329721
0.1483,0.031395259764669,-0.212889645782521,0.125581039058676
0.1484,-0.0626666167821305,-0.318711994874315,-0.250666467128635
0.1485,-0.154508497187444,-0.404508497187455,-0.618033988749884
0.1486,-0.240876837050822,-0.464888242944106,-0.963507348203388
0.1487,-0.318711994874306,-0.496057350657229,-1.27484797949731
0.1488,-0.385256621387857,-0.496057350657248,-1.5410264855515
0.1489,-0.438153340021899,-0.46488824294416,-1.7526133600877
0.149,-0.475528258147553,-0.404508497187541,-1.90211303259028
0.1491,-0.496057350657224,-0.31871199487445,-1.98422940262895
0.1492,-0.499013364214144,-0.212889645782653,-1.99605345685655
0.1493,-0.484291580564349,-0.0936906572930112,-1.93716632225728
0.1494,-0.452413526233071,0.0313952597644834,-1.80965410493204
0.1495,-0.404508497187564,0.154508497187315,-1.61803398874992
0.1496,-0.342273552964463,0.267913397489338,-1.36909421185736
0.1497,-0.267913397489644,0.364484313710561,-1.071653589958
0.1498,-0.184062276342508,0.438153340021819,-0.736249105369399
0.1499,-0.0936906572930504,0.484291580564259,-0.37476262917142
0.15,-2.00910162930191E-13,0.5,-7.83278766945035E-15
0.1501,0.0936906572926557,0.484291580564383,0.374762629171516
0.1502,0.184062276342135,0.438153340022059,0.736249105369279
0.1503,0.267913397489305,0.364484313710902,1.07165358995789
0.1504,0.34227355296417,0.267913397489759,1.36909421185734
0.1505,0.404508497187328,0.154508497187788,1.61803398874985
0.1506,0.4524135262329,0.0313952597649803,1.80965410493204
0.1507,0.484291580564249,-0.0936906572925221,1.93716632225725
0.1508,0.499013364214118,-0.212889645782203,1.99605345685654
0.1509,0.496057350657275,-0.318711994874066,1.98422940262896
0.151,0.475528258147668,-0.404508497187248,1.90211303259032
0.1511,0.438153340022078,-0.464888242943976,1.75261336008771
0.1512,0.385256621388095,-0.496057350657185,1.54102648555158
0.1513,0.318711994874594,-0.496057350657292,1.27484797949741
0.1514,0.240876837051149,-0.464888242944289,0.963507348203402
0.1515,0.154508497187799,-0.404508497187747,0.618033988749899
0.1516,0.0626666167825009,-0.318711994874699,0.250666467128537
0.1517,-0.0313952597642964,-0.212889645782972,-0.125581039058547
0.1518,-0.124344943582069,-0.0936906572933568,-0.497379774329596
0.1519,-0.212889645782193,0.0313952597641323,-0.851558583130108
0.152,-0.293892626145899,0.15450849718698,-1.17557050458488
0.1521,-0.364484313710413,0.267913397489041,-1.45793725484282
0.1522,-0.422163962750774,0.36448431371032,-1.68865585100401
0.1523,-0.464888242943962,0.438153340021664,-1.85955297177647
0.1524,-0.491143625364259,0.484291580564172,-1.96457450145738
0.1525,-0.5,0.5,-2
0.1526,-0.491143625364433,0.48429158056447,-1.96457450145737
0.1527,-0.464888242944304,0.438153340022229,-1.8595529717765
0.1528,-0.422163962751272,0.364484313711143,-1.68865585100405
0.152899999999999,-0.36448431371105,0.267913397490056,-1.45793725484537
0.152999999999999,-0.293892626146651,0.154508497188096,-1.17557050458798
0.153099999999999,-0.212889645783008,0.0313952597653315,-0.851558583133678
0.153199999999999,-0.124344943582941,-0.0936906572921765,-0.497379774333418
0.153299999999999,-0.0313952597651958,-0.212889645781885,-0.125581039062485
0.153399999999999,0.0626666167816069,-0.318711994873795,0.250666467124848
0.153499999999999,0.154508497186942,-0.404508497187041,0.618033988746255
0.153599999999999,0.24087683705036,-0.464888242943847,0.963507348200043
0.153699999999999,0.3187119948739,-0.496057350657145,1.27484797949446
0.153799999999999,0.38525662138752,-0.496057350657336,1.54102648554914
0.153899999999999,0.438153340021644,-0.464888242944419,1.75261336008592
0.153999999999999,0.47552825814739,-0.404508497187954,1.90211303258914
0.154099999999999,0.496057350657162,-0.31871199487497,1.98422940262848
0.154199999999999,0.499013364214175,-0.21288964578329,1.99605345685678
0.154299999999999,0.484291580564473,-0.0936906572937024,1.9371663222582
0.154399999999999,0.452413526233284,0.0313952597638095,1.80965410493362
0.154499999999999,0.404508497187858,0.154508497186645,1.6180339887521
0.154599999999999,0.342273552964827,0.267913397488744,1.36909421186022
0.154699999999999,0.267913397490066,0.364484313710099,1.07165358996122
0.154799999999999,0.184062276342973,0.438153340021494,0.736249105372947
0.154899999999999,0.0936906572935409,0.484291580564084,0.374762629175169
0.154999999999999,7.28671841251937E-13,0.5,3.82418206678068E-12
0.155099999999999,-0.0936906572921373,0.484291580564551,-0.374762629167656
0.155199999999999,-0.184062276341644,0.438153340022398,-0.736249105365836
0.155299999999999,-0.267913397488859,0.364484313711384,-1.07165358995477
0.155399999999999,-0.342273552963786,0.267913397490329,-1.36909421185465
0.155499999999999,-0.404508497187018,0.15450849718843,-1.61803398874767
0.155599999999999,-0.452413526232675,0.0313952597656826,-1.80965410493041
0.155699999999999,-0.484291580564118,-0.0936906572918309,-1.93716632225633
0.155799999999999,-0.499013364214085,-0.212889645781592,-1.99605345685631
0.155899999999999,-0.496057350657341,-0.318711994873524,-1.98422940262942
0.155999999999999,-0.475528258147831,-0.404508497186834,-1.90211303259146
0.156099999999999,-0.438153340022333,-0.464888242943728,-1.7526133600896
0.156199999999999,-0.385256621388431,-0.496057350657101,-1.54102648555401
0.156299999999999,-0.318711994875001,-0.49605735065738,-1.27484797950035
0.156399999999999,-0.240876837051612,-0.464888242944548,-0.963507348206746
0.156499999999999,-0.154508497188301,-0.404508497188144,-0.618033988753529
0.156599999999999,-0.0626666167830246,-0.318711994875241,-0.250666467132437
0.156699999999999,0.0313952597637697,-0.212889645783609,0.125581039054852
0.156799999999999,0.124344943581557,-0.0936906572940201,0.497379774326009
0.156899999999999,0.212889645781715,0.0313952597634584,0.851558583126757
0.156999999999999,0.293892626145495,0.154508497186311,1.17557050458189
0.157099999999999,0.364484313710072,0.267913397488447,1.45793725484021
0.157199999999999,0.422163962750506,0.364484313709858,1.68865585100202
0.157299999999999,0.464888242943778,0.438153340021325,1.85955297177511
0.157399999999999,0.491143625364165,0.484291580563997,1.96457450145668
0.157499999999999,0.5,0.5,2
0.157599999999999,0.491143625364527,0.484291580564638,1.96457450145809
0.157699999999999,0.464888242944488,0.438153340022568,1.85955297177791
0.157799999999999,0.422163962751539,0.364484313711624,1.6886558510061
0.157899999999999,0.364484313711411,0.267913397490626,1.45793725484541
0.157999999999999,0.293892626147078,0.154508497188765,1.17557050458803
0.158099999999999,0.212889645783486,0.0313952597660338,0.851558583133633
0.158199999999999,0.124344943583453,-0.0936906572915132,0.49737977433337
0.158299999999999,0.0313952597657225,-0.212889645781274,0.125581039062436
0.158399999999999,-0.0626666167810833,-0.318711994873253,-0.250666467124897
0.158499999999999,-0.15450849718644,-0.404508497186628,-0.618033988746301
0.158599999999999,-0.240876837049897,-0.464888242943598,-0.963507348200086
0.158699999999999,-0.318711994873493,-0.496057350657057,-1.2748479794945
0.158799999999999,-0.385256621387184,-0.496057350657424,-1.54102648554917
0.158899999999999,-0.43815334002139,-0.464888242944667,-1.75261336008589
0.158999999999999,-0.475528258147226,-0.404508497188351,-1.90211303258915
0.159099999999999,-0.496057350657096,-0.318711994875512,-1.98422940262848
0.159199999999999,-0.499013364214208,-0.212889645783927,-1.99605345685678
0.159299999999999,-0.484291580564605,-0.0936906572943657,-1.93716632225822
0.159399999999999,-0.452413526233509,0.0313952597631072,-1.8096541049337
0.159499999999999,-0.404508497188168,0.154508497185976,-1.61803398875214
0.159599999999999,-0.342273552965212,0.267913397488174,-1.36909421186019
0.159699999999999,-0.267913397490511,0.364484313709617,-1.07165358996118
0.159799999999999,-0.184062276343463,0.438153340021155,-0.736249105372902
0.159899999999999,-0.0936906572940593,0.484291580563916,-0.374762629175232
0.159999999999999,-1.22801181014328E-12,0.5,-3.77517886335696E-12
0.160099999999999,0.0936906572916468,0.484291580564726,0.374762629167704
0.160199999999999,0.18406227634118,0.438153340022737,0.736249105365881
0.160299999999999,0.267913397488438,0.364484313711846,1.07165358995481
0.160399999999999,0.342273552963422,0.267913397490923,1.3690942118546
0.160499999999999,0.404508497186724,0.1545084971891,1.6180339887477
0.160599999999999,0.452413526232463,0.0313952597663565,1.80965410493043
0.160699999999999,0.484291580563994,-0.0936906572911676,1.93716632225631
0.160799999999999,0.499013364214054,-0.212889645780955,1.9960534568563
0.160899999999999,0.496057350657407,-0.318711994872982,1.98422940262944
0.160999999999999,0.475528258147994,-0.404508497186438,1.90211303259148
0.161099999999999,0.438153340022587,-0.464888242943469,1.75261336008958
0.161199999999999,0.385256621388768,-0.496057350657012,1.54102648555398
0.161299999999999,0.318711994875407,-0.496057350657465,1.27484797950032
0.161399999999999,0.240876837052074,-0.464888242944797,0.963507348206803
0.161499999999999,0.154508497188803,-0.404508497188558,0.618033988753482
0.161599999999999,0.0626666167835482,-0.318711994875783,0.250666467132388
0.161699999999999,-0.0313952597632429,-0.21288964578422,-0.125581039054901
0.161799999999999,-0.124344943581046,-0.0936906572947113,-0.497379774326057
0.161899999999999,-0.212889645781238,0.0313952597627561,-0.851558583126699
0.161999999999998,-0.293892626145068,0.154508497185669,-1.1755705045788
0.162099999999998,-0.36448431370971,0.267913397487877,-1.4579372548376
0.162199999999998,-0.422163962750223,0.364484313709376,-1.68865585099998
0.162299999999998,-0.464888242943583,0.438153340020986,-1.85955297177371
0.162399999999998,-0.491143625364067,0.484291580563829,-1.96457450145595
0.162499999999998,-0.5,0.5,-2
0.162599999999998,-0.491143625364626,0.484291580564813,-1.9645745014588
0.162699999999998,-0.464888242944682,0.438153340022893,-1.85955297177927
0.162799999999998,-0.422163962751822,0.364484313712087,-1.68865585100808
0.162899999999998,-0.364484313711753,0.26791339749122,-1.45793725484802
0.162999999999998,-0.293892626147482,0.154508497189434,-1.17557050459103
0.163099999999998,-0.212889645783937,0.0313952597667077,-0.851558583136984
0.163199999999998,-0.124344943583936,-0.093690657290822,-0.497379774336956
0.163299999999998,-0.0313952597662208,-0.212889645780637,-0.125581039066131
0.163399999999998,0.0626666167805879,-0.318711994872732,0.250666467121111
0.163499999999998,0.154508497185965,-0.404508497186231,0.618033988742672
0.163599999999998,0.240876837049459,-0.464888242943339,0.963507348196742
0.163699999999998,0.318711994873108,-0.496057350656968,1.27484797949156
0.163799999999998,0.385256621386847,-0.496057350657509,1.54102648554674
0.163899999999998,0.438153340021136,-0.464888242944926,1.75261336008405
0.163999999999998,0.475528258147063,-0.404508497188765,1.90211303258797
0.164099999999998,0.496057350657029,-0.318711994876032,1.984229402628
0.164199999999998,0.499013364214241,-0.212889645784538,1.99605345685702
0.164299999999998,0.484291580564736,-0.0936906572950569,1.93716632225914
0.164399999999998,0.452413526233733,0.0313952597624049,1.80965410493527
0.164499999999998,0.404508497188478,0.154508497185334,1.61803398875431
0.164599999999998,0.342273552965597,0.26791339748758,1.36909421186288
0.164699999999998,0.267913397490957,0.364484313709135,1.0716535899644
0.164799999999998,0.184062276343954,0.43815334002083,0.736249105376344
0.164899999999998,0.0936906572945777,0.484291580563741,0.374762629178869
0.164999999999998,1.75577348846503E-12,0.5,7.59152814246818E-12
0.165099999999998,-0.0936906572911284,0.484291580564901,-0.374762629163955
0.165199999999998,-0.184062276340689,0.438153340023063,-0.736249105362227
0.165299999999998,-0.267913397487992,0.364484313712328,-1.07165358995158
0.165399999999998,-0.342273552963037,0.267913397491517,-1.36909421185182
0.165499999999998,-0.404508497186414,0.154508497189742,-1.61803398874546
0.165599999999998,-0.452413526232238,0.0313952597670588,-1.80965410492881
0.165699999999998,-0.484291580563863,-0.0936906572904764,-1.93716632225537
0.165799999999998,-0.499013364214021,-0.212889645780344,-1.99605345685607
0.165899999999998,-0.49605735065747,-0.318711994872461,-1.98422940262991
0.165999999999998,-0.475528258148148,-0.404508497186024,-1.90211303259263
0.166099999999998,-0.438153340022828,-0.46488824294321,-1.75261336009137
0.166199999999998,-0.385256621389086,-0.496057350656928,-1.54102648555642
0.166299999999998,-0.318711994875792,-0.496057350657553,-1.27484797950317
0.166399999999998,-0.240876837052512,-0.464888242945056,-0.963507348210047
0.166499999999998,-0.154508497189278,-0.404508497188955,-0.618033988757112
0.166599999999998,-0.0626666167840436,-0.318711994876303,-0.250666467136174
0.166699999999998,0.0313952597627162,-0.212889645784856,0.125581039050978
0.166799999999998,0.124344943580535,-0.0936906572954025,0.49737977432236
0.166899999999998,0.21288964578076,0.0313952597620821,0.851558583123246
0.166999999999998,0.293892626144641,0.154508497184999,1.17557050457884
0.167099999999998,0.364484313709349,0.267913397487283,1.45793725483763
0.167199999999998,0.422163962749941,0.364484313708914,1.68865585099994
0.167299999999998,0.464888242943389,0.43815334002066,1.85955297177372
0.167399999999998,0.491143625363968,0.484291580563654,1.96457450145596
0.167499999999998,0.5,0.5,2
0.167599999999998,0.491143625364725,0.484291580564981,1.96457450145879
0.167699999999998,0.464888242944876,0.438153340023232,1.8595529717793
0.167799999999998,0.422163962752105,0.364484313712568,1.68865585100805
0.167899999999998,0.364484313712114,0.26791339749179,1.45793725484799
0.167999999999998,0.293892626147909,0.154508497190076,1.17557050459108
0.168099999999998,0.212889645784415,0.03139525976741,0.851558583137042
0.168199999999998,0.124344943584447,-0.0936906572901308,0.497379774337129
0.168299999999998,0.0313952597667476,-0.212889645780026,0.125581039066196
0.168399999999998,-0.0626666167800643,-0.31871199487219,-0.250666467121047
0.168499999999998,-0.154508497185463,-0.404508497185817,-0.618033988742718
0.168599999999998,-0.240876837048997,-0.46488824294309,-0.963507348196785
0.168699999999998,-0.318711994872702,-0.496057350656884,-1.27484797949151
0.168799999999998,-0.385256621386529,-0.496057350657597,-1.54102648554677
0.168899999999998,-0.438153340020895,-0.464888242945185,-1.75261336008407
0.168999999999998,-0.475528258146909,-0.404508497189162,-1.90211303258799
0.169099999999998,-0.496057350656967,-0.318711994876575,-1.98422940262801
0.169199999999998,-0.499013364214273,-0.212889645785175,-1.99605345685702
0.169299999999998,-0.48429158056486,-0.0936906572957202,-1.93716632225913
0.169399999999998,-0.452413526233946,0.031395259761731,-1.80965410493525
0.169499999999998,-0.404508497188772,0.154508497184665,-1.61803398875428
0.169599999999998,-0.342273552965961,0.267913397486986,-1.36909421186293
0.169699999999998,-0.267913397491403,0.364484313708673,-1.07165358996446
0.169799999999998,-0.184062276344445,0.438153340020491,-0.736249105376404
0.169899999999998,-0.0936906572950961,0.484291580563566,-0.374762629178933
0.169999999999998,-2.28353516678677E-12,0.5,-7.54252493904447E-12
0.170099999999998,0.09369065729061,0.484291580565069,0.374762629164003
0.170199999999998,0.184062276340198,0.438153340023402,0.736249105362273
0.170299999999998,0.267913397487546,0.364484313712809,1.07165358995163
0.170399999999998,0.342273552962652,0.267913397492087,1.36909421185185
0.170499999999998,0.404508497186104,0.154508497190411,1.61803398874542
0.170599999999998,0.452413526232013,0.0313952597677611,1.80965410492883
0.170699999999998,0.484291580563731,-0.0936906572898131,1.93716632225538
0.170799999999998,0.499013364213988,-0.212889645779708,1.99605345685607
0.170899999999998,0.496057350657536,-0.318711994871919,1.9842294026299
0.170999999999997,0.475528258148312,-0.40450849718561,1.90211303259384
0.171099999999997,0.438153340023082,-0.464888242942961,1.7526133600932
0.171199999999997,0.385256621389422,-0.49605735065684,1.54102648555885
0.171299999999997,0.318711994876199,-0.496057350657641,1.27484797950611
0.171399999999997,0.240876837052974,-0.464888242945304,0.963507348213391
0.171499999999997,0.15450849718978,-0.404508497189369,0.618033988760741
0.171599999999997,0.0626666167845672,-0.318711994876846,0.250666467139848
0.171699999999997,-0.0313952597622179,-0.212889645785467,-0.125581039047283
0.171799999999997,-0.124344943580051,-0.0936906572960658,-0.497379774318774
0.171899999999997,-0.212889645780308,0.0313952597613799,-0.851558583119896
0.171999999999997,-0.293892626144237,0.15450849718433,-1.17557050457575
0.172099999999997,-0.364484313709007,0.267913397486713,-1.45793725483509
0.172199999999997,-0.422163962749673,0.364484313708432,-1.68865585099796
0.172299999999997,-0.464888242943205,0.438153340020321,-1.85955297177236
0.172399999999997,-0.491143625363874,0.484291580563486,-1.96457450145526
0.172499999999997,-0.5,0.5,-2
0.172599999999997,-0.491143625364823,0.484291580565156,-1.96457450145951
0.172699999999997,-0.46488824294507,0.438153340023571,-1.8595529717807
0.172799999999997,-0.422163962752388,0.364484313713031,-1.6886558510101
0.172899999999997,-0.364484313712475,0.267913397492384,-1.4579372548506
0.172999999999997,-0.293892626148336,0.154508497190746,-1.17557050459417
0.173099999999997,-0.212889645784892,0.0313952597680839,-0.851558583140393
0.173199999999997,-0.124344943584959,-0.0936906572894675,-0.497379774340715
0.173299999999997,-0.0313952597672743,-0.212889645779389,-0.125581039069891
0.173399999999997,0.0626666167795407,-0.318711994871648,0.250666467117373
0.173499999999997,0.154508497184961,-0.40450849718542,0.618033988739089
0.173599999999997,0.240876837048534,-0.464888242942831,0.96350734819354
0.173699999999997,0.318711994872295,-0.496057350656796,1.27484797948865
0.173799999999997,0.385256621386193,-0.496057350657682,1.54102648554441
0.173899999999997,0.438153340020641,-0.464888242945434,1.75261336008229
0.173999999999997,0.475528258146746,-0.404508497189575,1.90211303258677
0.174099999999997,0.496057350656901,-0.318711994877117,1.98422940262753
0.174199999999997,0.499013364214306,-0.212889645785786,1.99605345685726
0.174299999999997,0.484291580564991,-0.0936906572964114,1.93716632226008
0.174399999999997,0.452413526234171,0.0313952597610287,1.80965410493688
0.174499999999997,0.404508497189082,0.154508497184023,1.61803398875659
0.174599999999997,0.342273552966345,0.267913397486416,1.36909421186563
0.174699999999997,0.267913397491824,0.364484313708192,1.07165358996758
0.174799999999997,0.184062276344909,0.438153340020152,0.736249105379847
0.174899999999997,0.0936906572955867,0.484291580563398,0.37476262918257
0.174999999999997,2.78287513567811E-12,0.5,1.13588742181557E-11
0.175099999999997,-0.0936906572901195,0.484291580565244,-0.374762629160366
0.175199999999997,-0.184062276339734,0.438153340023727,-0.73624910535883
0.175299999999997,-0.267913397487125,0.364484313713272,-1.0716535899485
0.175399999999997,-0.342273552962288,0.267913397492682,-1.36909421184915
0.175499999999997,-0.40450849718581,0.15450849719108,-1.61803398874324
0.175599999999997,-0.452413526231789,0.0313952597684351,-1.8096541049272
0.175699999999997,-0.4842915805636,-0.0936906572891219,-1.93716632225443
0.175799999999997,-0.499013364213955,-0.212889645779071,-1.99605345685583
0.175899999999997,-0.496057350657602,-0.318711994871399,-1.98422940263038
0.175999999999997,-0.475528258148475,-0.404508497185213,-1.90211303259383
0.176099999999997,-0.438153340023336,-0.464888242942702,-1.75261336009318
0.176199999999997,-0.385256621389759,-0.496057350656751,-1.54102648555882
0.176299999999997,-0.318711994876605,-0.496057350657726,-1.27484797950616
0.176399999999997,-0.240876837053437,-0.464888242945563,-0.963507348213348
0.176499999999997,-0.154508497190282,-0.404508497189782,-0.618033988760695
0.176599999999997,-0.0626666167850908,-0.318711994877366,-0.250666467139799
0.176699999999997,0.0313952597616911,-0.212889645786104,0.125581039047332
0.176799999999997,0.12434494357954,-0.093690657296757,0.497379774318711
0.176899999999997,0.212889645779831,0.0313952597607059,0.85155858311994
0.176999999999997,0.29389262614381,0.154508497183688,1.17557050457579
0.177099999999997,0.364484313708646,0.267913397486119,1.45793725483505
0.177199999999997,0.42216396274939,0.364484313707951,1.68865585099793
0.177299999999997,0.464888242943011,0.438153340019996,1.8595529717723
0.177399999999997,0.491143625363775,0.484291580563311,1.96457450145525
0.177499999999997,0.5,0.5,2
0.177599999999997,0.491143625364917,0.484291580565324,1.9645745014595
0.177699999999997,0.464888242945254,0.438153340023896,1.85955297178068
0.177799999999997,0.422163962752655,0.364484313713512,1.68865585101013
0.177899999999997,0.364484313712817,0.267913397492979,1.45793725485057
0.177999999999997,0.29389262614874,0.154508497191388,1.17557050459413
0.178099999999997,0.212889645785344,0.0313952597687862,0.851558583140348
0.178199999999997,0.124344943585442,-0.0936906572887763,0.497379774340668
0.178299999999997,0.0313952597677726,-0.212889645778778,0.125581039069956
0.178399999999997,-0.0626666167790453,-0.318711994871128,-0.250666467117422
0.178499999999997,-0.154508497184459,-0.404508497185007,-0.618033988739135
0.178599999999997,-0.240876837048072,-0.464888242942572,-0.963507348193484
0.178699999999997,-0.318711994871888,-0.496057350656711,-1.2748479794886
0.178799999999997,-0.385256621385856,-0.49605735065777,-1.5410264855443
0.178899999999997,-0.438153340020387,-0.464888242945693,-1.75261336008226
0.178999999999997,-0.475528258146583,-0.404508497189972,-1.90211303258679
0.179099999999997,-0.496057350656835,-0.318711994877637,-1.98422940262754
0.179199999999997,-0.499013364214339,-0.212889645786422,-1.99605345685726
0.179299999999997,-0.484291580565122,-0.0936906572971027,-1.93716632226009
0.179399999999997,-0.452413526234395,0.0313952597603548,-1.80965410493686
0.179499999999997,-0.404508497189392,0.154508497183353,-1.61803398875657
0.179599999999997,-0.34227355296673,0.267913397485822,-1.36909421186559
0.179699999999997,-0.26791339749227,0.364484313707729,-1.07165358996754
0.179799999999997,-0.1840622763454,0.438153340019827,-0.736249105379907
0.179899999999997,-0.093690657296105,0.484291580563223,-0.374762629182522
0.179999999999997,-3.31063681399986E-12,0.5,-1.1309871014732E-11
0.180099999999996,0.0936906572896011,0.484291580565412,0.374762629156617
0.180199999999996,0.184062276339243,0.438153340024066,0.736249105355282
0.180299999999996,0.267913397486679,0.364484313713753,1.07165358994518
0.180399999999996,0.342273552961904,0.267913397493252,1.36909421184637
0.180499999999996,0.4045084971855,0.154508497191723,1.618033988741
0.180599999999996,0.452413526231576,0.0313952597691374,1.80965410492563
0.180699999999996,0.484291580563476,-0.0936906572884307,1.93716632225351
0.180799999999996,0.499013364213923,-0.21288964577846,1.99605345685559
0.180899999999996,0.496057350657665,-0.318711994870857,1.98422940263084
0.180999999999996,0.475528258148629,-0.4045084971848,1.90211303259497
0.181099999999996,0.438153340023577,-0.464888242942453,1.75261336009502
0.181199999999996,0.385256621390077,-0.496057350656667,1.54102648556118
0.181299999999996,0.31871199487699,-0.496057350657814,1.27484797950901
0.181399999999996,0.240876837053899,-0.464888242945822,0.963507348216693
0.181499999999996,0.154508497190784,-0.404508497190179,0.618033988764324
0.181599999999996,0.0626666167856144,-0.318711994877908,0.250666467143698
0.181699999999996,-0.0313952597611644,-0.212889645786741,-0.125581039043523
0.181799999999996,-0.124344943579029,-0.0936906572974204,-0.497379774315015
0.181899999999996,-0.212889645779353,0.0313952597600036,-0.851558583116487
0.181999999999996,-0.293892626143383,0.154508497183019,-1.1755705045727
0.182099999999996,-0.364484313708285,0.267913397485525,-1.45793725483244
0.182199999999996,-0.422163962749107,0.364484313707488,-1.68865585099594
0.182299999999996,-0.464888242942817,0.438153340019657,-1.85955297177093
0.182399999999996,-0.491143625363676,0.484291580563136,-1.96457450145456
0.182499999999996,-0.5,0.5,-2
0.182599999999996,-0.491143625365016,0.484291580565499,-1.96457450146021
0.182699999999996,-0.464888242945449,0.438153340024235,-1.85955297178205
0.182799999999996,-0.422163962752938,0.364484313713975,-1.68865585101212
0.182899999999996,-0.364484313713178,0.267913397493549,-1.45793725485318
0.182999999999996,-0.293892626149166,0.154508497192057,-1.17557050459722
0.183099999999996,-0.212889645785822,0.0313952597694885,-0.851558583143904
0.183199999999996,-0.124344943585953,-0.093690657288113,-0.497379774344364
0.183299999999996,-0.0313952597682993,-0.212889645778142,-0.125581039073765
0.183399999999996,0.0626666167785217,-0.318711994870585,0.250666467113636
0.183499999999996,0.154508497183985,-0.40450849718461,0.618033988735506
0.183599999999996,0.240876837047634,-0.464888242942324,0.963507348190139
0.183699999999996,0.318711994871503,-0.496057350656623,1.27484797948575
0.183799999999996,0.385256621385538,-0.496057350657858,1.54102648554193
0.183899999999996,0.438153340020146,-0.464888242945941,1.75261336008048
0.183999999999996,0.475528258146429,-0.404508497190386,1.90211303258564
0.184099999999996,0.496057350656772,-0.318711994878179,1.98422940262706
0.184199999999996,0.49901336421437,-0.212889645787033,1.99605345685749
0.184299999999996,0.484291580565247,-0.093690657297766,1.93716632226102
0.184399999999996,0.45241352623462,0.0313952597596525,1.80965410493848
0.184499999999996,0.404508497189702,0.154508497182684,1.61803398875881
0.184599999999996,0.342273552967115,0.267913397485252,1.36909421186846
0.184699999999996,0.267913397492715,0.364484313707248,1.07165358997077
0.184799999999996,0.18406227634589,0.438153340019488,0.736249105383456
0.184899999999996,0.0936906572966235,0.484291580563055,0.374762629186271
0.184999999999996,3.83839849232161E-12,0.5,1.51262202938432E-11
0.185099999999996,-0.0936906572890827,0.484291580565587,-0.374762629156554
0.185199999999996,-0.184062276338753,0.438153340024405,-0.736249105355328
0.185299999999996,-0.267913397486234,0.364484313714216,-1.07165358994522
0.185399999999996,-0.342273552961519,0.267913397493846,-1.36909421184641
0.185499999999996,-0.40450849718519,0.154508497192392,-1.61803398874103
0.185599999999996,-0.452413526231351,0.0313952597698113,-1.8096541049256
0.185699999999996,-0.484291580563345,-0.0936906572877674,-1.93716632225352
0.185799999999996,-0.49901336421389,-0.212889645777823,-1.9960534568556
0.185899999999996,-0.496057350657731,-0.318711994870314,-1.98422940263085
0.185999999999996,-0.475528258148792,-0.404508497184403,-1.90211303259499
0.186099999999996,-0.438153340023831,-0.464888242942194,-1.75261336009505
0.186199999999996,-0.385256621390413,-0.496057350656579,-1.54102648556122
0.186299999999996,-0.318711994877397,-0.496057350657898,-1.27484797950906
0.186399999999996,-0.240876837054337,-0.464888242946071,-0.96350734821665
0.186499999999996,-0.154508497191259,-0.404508497190593,-0.618033988764278
0.186599999999996,-0.0626666167861098,-0.31871199487845,-0.250666467143649
0.186699999999996,0.0313952597606661,-0.212889645787352,0.125581039043572
0.186799999999996,0.124344943578545,-0.0936906572981116,0.497379774315063
0.186899999999996,0.212889645778901,0.0313952597593013,0.851558583116531
0.186999999999996,0.293892626142979,0.154508497182376,1.17557050457274
0.187099999999996,0.364484313707943,0.267913397484954,1.45793725483247
0.187199999999996,0.42216396274884,0.364484313707007,1.68865585099597
0.187299999999996,0.464888242942623,0.438153340019318,1.85955297177095
0.187399999999996,0.491143625363577,0.484291580562968,1.96457450145454
0.187499999999996,0.5,0.5,2
0.187599999999996,0.491143625365115,0.484291580565674,1.96457450146023
0.187699999999996,0.464888242945643,0.438153340024561,1.85955297178207
0.187799999999996,0.422163962753221,0.364484313714456,1.68865585101215
0.187899999999996,0.36448431371354,0.267913397494143,1.45793725485323
0.187999999999996,0.293892626149593,0.154508497192699,1.17557050459718
0.188099999999996,0.212889645786299,0.0313952597701624,0.85155858314386
0.188199999999996,0.124344943586465,-0.0936906572874218,0.497379774344317
0.188299999999996,0.0313952597688261,-0.212889645777505,0.125581039073716
0.188399999999996,-0.0626666167779981,-0.318711994870065,-0.250666467113571
0.188499999999996,-0.154508497183483,-0.404508497184196,-0.618033988735552
0.188599999999996,-0.240876837047172,-0.464888242942065,-0.963507348190182
0.188699999999996,-0.318711994871097,-0.496057350656538,-1.27484797948579
0.188799999999996,-0.385256621385202,-0.496057350657943,-1.54102648554197
0.188899999999996,-0.438153340019892,-0.4648882429462,-1.75261336008044
0.188999999999996,-0.475528258146265,-0.404508497190799,-1.90211303258562
0.189099999999996,-0.496057350656706,-0.3187119948787,-1.98422940262705
0.189199999999996,-0.499013364214403,-0.21288964578767,-1.99605345685749
0.189299999999995,-0.484291580565378,-0.0936906572984572,-1.93716632226196
0.189399999999995,-0.452413526234833,0.0313952597589786,-1.80965410494011
0.189499999999995,-0.404508497189996,0.154508497182042,-1.61803398876099
0.189599999999995,-0.342273552967479,0.267913397484657,-1.36909421187116
0.189699999999995,-0.267913397493137,0.364484313706766,-1.07165358997389
0.189799999999995,-0.184062276346355,0.438153340019162,-0.736249105386898
0.189899999999995,-0.093690657297114,0.48429158056288,-0.374762629190019
0.189999999999995,-4.33773846121295E-12,0.5,-1.88288827352328E-11
0.190099999999995,0.0936906572885922,0.484291580565755,0.374762629152917
0.190199999999995,0.184062276338288,0.43815334002473,0.736249105351885
0.190299999999995,0.267913397485788,0.364484313714697,1.0716535899421
0.190399999999995,0.342273552961134,0.26791339749444,1.36909421184354
0.190499999999995,0.40450849718488,0.154508497193034,1.61803398873878
0.190599999999995,0.452413526231127,0.0313952597705136,1.80965410492397
0.190699999999995,0.484291580563213,-0.0936906572870761,1.93716632225257
0.190799999999995,0.499013364213857,-0.212889645777212,1.99605345685536
0.190899999999995,0.496057350657797,-0.318711994869794,1.98422940263133
0.190999999999995,0.475528258148955,-0.404508497183989,1.90211303259614
0.191099999999995,0.438153340024085,-0.464888242941935,1.75261336009683
0.191199999999995,0.38525662139075,-0.496057350656494,1.54102648556358
0.191299999999995,0.318711994877803,-0.496057350657987,1.27484797951191
0.191399999999995,0.240876837054799,-0.46488824294633,0.963507348219994
0.191499999999995,0.154508497191761,-0.40450849719099,0.618033988767799
0.191599999999995,0.0626666167866334,-0.318711994878971,0.250666467147323
0.191699999999995,-0.0313952597601393,-0.212889645787988,-0.125581039039877
0.191799999999995,-0.124344943578034,-0.0936906572988028,-0.497379774311476
0.191899999999995,-0.212889645778424,0.0313952597586274,-0.851558583112975
0.191999999999995,-0.293892626142552,0.154508497181707,-1.17557050456966
0.192099999999995,-0.364484313707582,0.26791339748436,-1.45793725482986
0.192199999999995,-0.422163962748557,0.364484313706544,-1.68865585099392
0.192299999999995,-0.464888242942439,0.438153340018993,-1.85955297176955
0.192399999999995,-0.491143625363484,0.484291580562793,-1.96457450145383
0.192499999999995,-0.5,0.5,-2
0.192599999999995,-0.491143625365208,0.484291580565842,-1.96457450146092
0.192699999999995,-0.464888242945827,0.4381533400249,-1.85955297178347
0.192799999999995,-0.422163962753488,0.364484313714938,-1.68865585101414
0.192899999999995,-0.364484313713882,0.267913397494713,-1.45793725485576
0.192999999999995,-0.293892626149997,0.154508497193369,-1.17557050460017
0.193099999999995,-0.212889645786751,0.0313952597708647,-0.85155858314721
0.193199999999995,-0.124344943586976,-0.0936906572867305,-0.497379774348013
0.193299999999995,-0.0313952597693528,-0.212889645776894,-0.125581039077411
0.193399999999995,0.0626666167774745,-0.318711994869523,0.250666467109785
0.193499999999995,0.154508497182981,-0.404508497183782,0.618033988731923
0.193599999999995,0.240876837046709,-0.464888242941816,0.963507348186838
0.193699999999995,0.31871199487069,-0.49605735065645,1.27484797948276
0.193799999999995,0.385256621384865,-0.496057350658031,1.54102648553953
0.193899999999995,0.438153340019638,-0.464888242946449,1.75261336007861
0.193999999999995,0.475528258146102,-0.404508497191196,1.90211303258448
0.194099999999995,0.49605735065664,-0.318711994879242,1.98422940262659
0.194199999999995,0.499013364214437,-0.212889645788307,1.99605345685773
0.194299999999995,0.484291580565509,-0.0936906572991205,1.93716632226195
0.194399999999995,0.452413526235057,0.0313952597582763,1.80965410494008
0.194499999999995,0.404508497190306,0.154508497181373,1.61803398876096
0.194599999999995,0.342273552967864,0.267913397484087,1.36909421187112
0.194699999999995,0.267913397493582,0.364484313706304,1.07165358997395
0.194799999999995,0.184062276346845,0.438153340018823,0.736249105386853
0.194899999999995,0.0936906572976324,0.484291580562705,0.374762629189971
0.194999999999995,4.8655001395347E-12,0.5,1.88935663695307E-11
0.195099999999995,-0.0936906572880737,0.48429158056593,-0.374762629152853
0.195199999999995,-0.184062276337798,0.438153340025069,-0.736249105351719
0.195299999999995,-0.267913397485366,0.364484313715159,-1.07165358994204
0.195399999999995,-0.34227355296077,0.26791339749501,-1.36909421184358
0.195499999999995,-0.404508497184586,0.154508497193703,-1.61803398873881
0.195599999999995,-0.452413526230914,0.0313952597712159,-1.809654104924
0.195699999999995,-0.484291580563089,-0.0936906572864129,-1.93716632225255
0.195799999999995,-0.499013364213826,-0.212889645776576,-1.99605345685536
0.195899999999995,-0.496057350657859,-0.318711994869252,-1.98422940263132
0.195999999999995,-0.475528258149109,-0.404508497183592,-1.90211303259612
0.196099999999995,-0.438153340024339,-0.464888242941687,-1.75261336009681
0.196199999999995,-0.385256621391086,-0.496057350656406,-1.54102648556362
0.196299999999995,-0.31871199487821,-0.496057350658075,-1.27484797951188
0.196399999999995,-0.240876837055262,-0.464888242946579,-0.963507348219951
0.196499999999995,-0.154508497192262,-0.404508497191403,-0.618033988767861
0.196599999999995,-0.062666616787157,-0.318711994879513,-0.250666467147387
0.196699999999995,0.0313952597596126,-0.212889645788599,0.125581039039699
0.196799999999995,0.124344943577523,-0.0936906572994661,0.497379774311413
0.196899999999995,0.212889645777946,0.0313952597579251,0.851558583113019
0.196999999999995,0.293892626142125,0.154508497181038,1.1755705045697
0.197099999999995,0.36448431370722,0.26791339748379,1.45793725482989
0.197199999999995,0.422163962748274,0.364484313706063,1.68865585099389
0.197299999999995,0.464888242942244,0.438153340018654,1.85955297176956
0.197399999999995,0.491143625363385,0.484291580562625,1.96457450145384
0.197499999999995,0.5,0.5,2
0.197599999999995,0.491143625365307,0.484291580566017,1.96457450146091
0.197699999999995,0.464888242946021,0.438153340025239,1.85955297178346
0.197799999999995,0.422163962753771,0.3644843137154,1.68865585101411
0.197899999999995,0.364484313714243,0.267913397495307,1.45793725485573
0.197999999999995,0.293892626150424,0.154508497194038,1.17557050460023
0.198099999999995,0.212889645787229,0.0313952597715387,0.851558583147269
0.198199999999994,0.124344943587459,-0.0936906572860672,0.49737977435171
0.198299999999994,0.0313952597698511,-0.212889645776257,0.12558103908122
0.198399999999994,-0.0626666167769791,-0.318711994868981,-0.250666467106112
0.198499999999994,-0.154508497182506,-0.404508497183385,-0.618033988728293
0.198599999999994,-0.240876837046272,-0.464888242941557,-0.963507348183593
0.198699999999994,-0.318711994870305,-0.496057350656362,-1.27484797947991
0.198799999999994,-0.385256621384547,-0.496057350658115,-1.54102648553717
0.198899999999994,-0.438153340019397,-0.464888242946708,-1.75261336007682
0.198999999999994,-0.475528258145948,-0.40450849719161,-1.9021130325833
0.199099999999994,-0.496057350656574,-0.318711994879784,-1.98422940262612
0.199199999999994,-0.49901336421447,-0.212889645788918,-1.99605345685796
0.199299999999994,-0.48429158056564,-0.0936906572998117,-1.9371663222629
0.199399999999994,-0.452413526235282,0.031395259757574,-1.80965410494171
0.199499999999994,-0.404508497190616,0.15450849718073,-1.61803398876327
0.199599999999994,-0.342273552968248,0.267913397483493,-1.36909421187391
0.199699999999994,-0.267913397494028,0.364484313705822,-1.07165358997717
0.199799999999994,-0.184062276347336,0.438153340018498,-0.736249105390401
0.199899999999994,-0.0936906572981508,0.484291580562537,-0.37476262919372
0.199999999999994,-5.39326181785644E-12,0.5,-2.27099156486419E-11
0.200099999999994,0.0936906572875553,0.484291580566105,0.374762629149216
0.200199999999994,0.184062276337307,0.438153340025395,0.736249105348276
0.200299999999994,0.267913397484921,0.364484313715641,1.07165358993892
0.200399999999994,0.342273552960385,0.267913397495604,1.36909421184088
0.200499999999994,0.404508497184276,0.154508497194345,1.61803398873657
0.200599999999994,0.452413526230689,0.0313952597718898,1.80965410492242
0.200699999999994,0.484291580562958,-0.0936906572857216,1.93716632225163
0.200799999999994,0.499013364213792,-0.212889645775939,1.99605345685512
0.200899999999994,0.496057350657926,-0.318711994868732,1.9842294026318
0.200999999999994,0.475528258149273,-0.404508497183179,1.90211303259734
0.201099999999994,0.43815334002458,-0.464888242941428,1.75261336009865
0.201199999999994,0.385256621391404,-0.496057350656321,1.54102648556605
0.201299999999994,0.318711994878595,-0.496057350658159,1.27484797951482
0.201399999999994,0.240876837055699,-0.464888242946838,0.963507348223295
0.201499999999994,0.154508497192737,-0.404508497191817,0.61803398877149
0.201599999999994,0.0626666167876524,-0.318711994880033,0.250666467151061
0.201699999999994,-0.0313952597591143,-0.212889645789236,-0.125581039036003
0.201799999999994,-0.124344943577039,-0.0936906573001573,-0.497379774307827
0.201899999999994,-0.212889645777494,0.0313952597572512,-0.851558583109669
0.201999999999994,-0.293892626141698,0.154508497180396,-1.17557050456661
0.202099999999994,-0.364484313706859,0.267913397483196,-1.45793725482736
0.202199999999994,-0.422163962747991,0.364484313705581,-1.6886558509919
0.202299999999994,-0.46488824294205,0.438153340018328,-1.85955297176816
0.202399999999994,-0.491143625363286,0.48429158056245,-1.96457450145312
0.202499999999994,-0.5,0.5,-2
0.202599999999994,-0.491143625365406,0.484291580566185,-1.96457450146162
0.202699999999994,-0.464888242946215,0.438153340025564,-1.85955297178486
0.202799999999994,-0.422163962754054,0.364484313715882,-1.68865585101616
0.202899999999994,-0.364484313714604,0.267913397495901,-1.45793725485834
0.202999999999994,-0.293892626150851,0.15450849719468,-1.17557050460331
0.203099999999994,-0.212889645787706,0.0313952597722409,-0.851558583150619
0.203199999999994,-0.124344943587971,-0.093690657285376,-0.497379774351662
0.203299999999994,-0.0313952597703779,-0.212889645775646,-0.125581039081171
0.203399999999994,0.0626666167764555,-0.318711994868461,0.25066646710616
0.203499999999994,0.154508497182004,-0.404508497182972,0.61803398872834
0.203599999999994,0.240876837045809,-0.464888242941298,0.963507348183636
0.203699999999994,0.318711994869899,-0.496057350656277,1.27484797947995
0.203799999999994,0.385256621384211,-0.4960573506582,1.54102648553713
0.203899999999994,0.438153340019143,-0.464888242946967,1.75261336007679
0.203999999999994,0.475528258145785,-0.404508497192007,1.90211303258328
0.204099999999994,0.496057350656511,-0.318711994880326,1.98422940262612
0.204199999999994,0.499013364214501,-0.212889645789554,1.99605345685797
0.204299999999994,0.484291580565765,-0.093690657300475,1.93716632226292
0.204399999999994,0.452413526235495,0.0313952597568717,1.80965410494169
0.204499999999994,0.40450849719091,0.154508497180061,1.61803398876324
0.204599999999994,0.342273552968612,0.267913397482923,1.36909421187387
0.204699999999994,0.26791339749445,0.36448431370534,1.07165358997713
0.204799999999994,0.1840622763478,0.438153340018159,0.736249105390461
0.204899999999994,0.0936906572986413,0.484291580562369,0.374762629193672
0.204999999999994,5.92102349617819E-12,0.5,2.26609124452182E-11
0.205099999999994,-0.0936906572870369,0.484291580566273,-0.374762629149264
0.205199999999994,-0.184062276336816,0.43815334002572,-0.736249105348322
0.205299999999994,-0.267913397484475,0.364484313716123,-1.07165358993886
0.205399999999994,-0.342273552960001,0.267913397496174,-1.36909421184083
0.205499999999994,-0.404508497183966,0.154508497195042,-1.61803398873653
0.205599999999994,-0.452413526230465,0.0313952597725921,-1.80965410492239
0.205699999999994,-0.484291580562827,-0.0936906572850583,-1.93716632225162
0.205799999999994,-0.499013364213759,-0.212889645775302,-1.99605345685512
0.205899999999994,-0.496057350657992,-0.318711994868189,-1.9842294026318
0.205999999999994,-0.475528258149436,-0.404508497182782,-1.90211303259732
0.206099999999994,-0.438153340024834,-0.464888242941169,-1.75261336009862
0.206199999999994,-0.385256621391741,-0.496057350656233,-1.54102648556602
0.206299999999994,-0.318711994879001,-0.496057350658244,-1.27484797951487
0.206399999999994,-0.240876837056162,-0.464888242947097,-0.963507348223252
0.206499999999994,-0.154508497193239,-0.404508497192214,-0.618033988771443
0.206599999999994,-0.062666616788176,-0.318711994880553,-0.250666467151012
0.206699999999994,0.0313952597585875,-0.212889645789873,0.125581039036052
0.206799999999994,0.124344943576528,-0.0936906573008206,0.497379774307764
0.206899999999993,0.212889645777017,0.0313952597565205,0.851558583106216
0.206999999999993,0.293892626141294,0.154508497179727,1.17557050456352
0.207099999999993,0.364484313706517,0.267913397482626,1.45793725482475
0.207199999999993,0.422163962747724,0.364484313705099,1.68865585098986
0.207299999999993,0.464888242941866,0.438153340017989,1.85955297176675
0.207399999999993,0.491143625363192,0.484291580562282,1.96457450145243
0.207499999999993,0.5,0.5,2
0.207599999999993,0.4911436253655,0.48429158056636,1.96457450146232
0.207699999999993,0.464888242946399,0.438153340025889,1.85955297178622
0.207799999999993,0.422163962754321,0.364484313716364,1.6886558510182
0.207899999999993,0.364484313714965,0.267913397496471,1.45793725486087
0.207999999999993,0.293892626151278,0.154508497195322,1.17557050460631
0.208099999999993,0.212889645788184,0.0313952597729432,0.851558583153969
0.208199999999993,0.124344943588482,-0.0936906572847127,0.497379774355359
0.208299999999993,0.0313952597709046,-0.212889645775035,0.125581039085093
0.208399999999993,-0.0626666167759319,-0.318711994867918,-0.250666467102374
0.208499999999993,-0.154508497181502,-0.404508497182575,-0.61803398872471
0.208599999999993,-0.240876837045347,-0.464888242941039,-0.963507348180292
0.208699999999993,-0.318711994869492,-0.496057350656189,-1.27484797947701
0.208799999999993,-0.385256621383874,-0.496057350658288,-1.5410264855347
0.208899999999993,-0.438153340018889,-0.464888242947226,-1.75261336007501
0.208999999999993,-0.475528258145622,-0.40450849719242,-1.90211303258214
0.209099999999993,-0.496057350656445,-0.318711994880824,-1.98422940262565
0.209199999999993,-0.499013364214534,-0.212889645790191,-1.9960534568582
0.209299999999993,-0.484291580565896,-0.0936906573011662,-1.93716632226384
0.209399999999993,-0.452413526235719,0.0313952597562261,-1.80965410494326
0.209499999999993,-0.40450849719122,0.154508497179392,-1.61803398876541
0.209599999999993,-0.342273552968997,0.267913397482329,-1.36909421187665
0.209699999999993,-0.267913397494895,0.364484313704897,-1.07165358998025
0.209799999999993,-0.184062276348291,0.43815334001782,-0.736249105394009
0.209899999999993,-0.0936906572991597,0.484291580562195,-0.374762629197421
0.209999999999993,-6.42036346506953E-12,0.5,-2.64772617243294E-11
0.210099999999993,0.0936906572865464,0.484291580566448,0.374762629145404
0.210199999999993,0.184062276336352,0.438153340026059,0.736249105344774
0.210299999999993,0.267913397484054,0.364484313716605,1.07165358993564
0.210399999999993,0.342273552959637,0.267913397496769,1.36909421183813
0.210499999999993,0.404508497183672,0.154508497195657,1.61803398873435
0.210599999999993,0.452413526230252,0.0313952597732944,1.80965410492077
0.210699999999993,0.484291580562702,-0.0936906572843671,1.9371663222507
0.210799999999993,0.499013364213726,-0.212889645774717,1.99605345685488
0.210899999999993,0.496057350658058,-0.318711994867647,1.98422940263226
0.210999999999993,0.475528258149599,-0.404508497182368,1.90211303259846
0.211099999999993,0.438153340025088,-0.464888242940931,1.75261336010046
0.211199999999993,0.385256621392077,-0.496057350656145,1.54102648556838
0.211299999999993,0.318711994879408,-0.496057350658332,1.27484797951781
0.211399999999993,0.240876837056624,-0.464888242947356,0.963507348226597
0.211499999999993,0.154508497193741,-0.404508497192627,0.618033988775073
0.211599999999993,0.0626666167886996,-0.318711994881096,0.250666467154911
0.211699999999993,-0.0313952597580608,-0.21288964579051,-0.125581039032243
0.211799999999993,-0.124344943576017,-0.0936906573015118,-0.497379774304068
0.211899999999993,-0.212889645776539,0.031395259755875,-0.85155858310626
0.211999999999993,-0.293892626140867,0.154508497179057,-1.17557050456356
0.212099999999993,-0.364484313706156,0.267913397482032,-1.4579372548247
0.212199999999993,-0.422163962747441,0.364484313704657,-1.68865585098989
0.212299999999993,-0.464888242941672,0.43815334001765,-1.85955297176677
0.212399999999993,-0.491143625363094,0.484291580562107,-1.96457450145244
0.212499999999993,-0.5,0.5,-2
0.212599999999993,-0.491143625365599,0.484291580566535,-1.96457450146233
0.212699999999993,-0.464888242946593,0.438153340026228,-1.85955297178621
0.212799999999993,-0.422163962754604,0.364484313716845,-1.68865585101823
0.212899999999993,-0.364484313715307,0.267913397497066,-1.45793725486092
0.212999999999993,-0.293892626151682,0.154508497195992,-1.17557050460636
0.213099999999993,-0.212889645788636,0.0313952597736455,-0.851558583154131
0.213199999999993,-0.124344943588965,-0.0936906572840215,-0.497379774355311
0.213299999999993,-0.0313952597714029,-0.212889645774398,-0.125581039085044
0.213399999999993,0.0626666167754365,-0.318711994867376,0.250666467102423
0.213499999999993,0.154508497181027,-0.404508497182161,0.618033988724757
0.213599999999993,0.240876837044909,-0.464888242940801,0.963507348180235
0.213699999999993,0.318711994869107,-0.496057350656101,1.27484797947704
0.213799999999993,0.385256621383538,-0.496057350658376,1.54102648553473
0.213899999999993,0.438153340018634,-0.464888242947464,1.75261336007503
0.213999999999993,0.475528258145459,-0.404508497192834,1.90211303258215
0.214099999999993,0.496057350656379,-0.318711994881367,1.98422940262564
0.214199999999993,0.499013364214567,-0.212889645790776,1.9960534568582
0.214299999999993,0.484291580566027,-0.0936906573018574,1.93716632226383
0.214399999999993,0.452413526235944,0.0313952597555238,1.80965410494329
0.214499999999993,0.40450849719153,0.154508497178723,1.61803398876545
0.214599999999993,0.342273552969382,0.267913397481735,1.3690942118767
0.214699999999993,0.267913397495341,0.364484313704416,1.07165358998031
0.214799999999993,0.184062276348782,0.438153340017481,0.736249105393964
0.214899999999993,0.0936906572996781,0.484291580562019,0.374762629197372
0.214999999999993,6.94812514339128E-12,0.5,2.64282585209057E-11
0.215099999999993,-0.093690657286028,0.484291580566623,-0.374762629145452
0.215199999999993,-0.184062276335861,0.438153340026398,-0.736249105344819
0.215299999999993,-0.267913397483608,0.364484313717047,-1.07165358993568
0.215399999999993,-0.342273552959252,0.267913397497363,-1.36909421183817
0.215499999999993,-0.404508497183362,0.154508497196326,-1.61803398873438
0.215599999999993,-0.452413526230027,0.0313952597739399,-1.80965410492079
0.215699999999993,-0.484291580562571,-0.0936906572836759,-1.93716632225071
0.215799999999993,-0.499013364213695,-0.21288964577408,-1.99605345685489
0.215899999999993,-0.49605735065812,-0.318711994867105,-1.98422940263228
0.215999999999992,-0.475528258149753,-0.404508497181955,-1.90211303259964
0.216099999999992,-0.438153340025329,-0.464888242940671,-1.7526133601023
0.216199999999992,-0.385256621392396,-0.496057350656057,-1.54102648557081
0.216299999999992,-0.318711994879793,-0.496057350658421,-1.27484797952066
0.216399999999992,-0.240876837057062,-0.464888242947594,-0.963507348229941
0.216499999999992,-0.154508497194216,-0.404508497193041,-0.618033988778594
0.216599999999992,-0.062666616789195,-0.318711994881638,-0.250666467158584
0.216699999999992,0.0313952597575341,-0.212889645791095,0.125581039028548
0.216799999999992,0.124344943575506,-0.093690657302203,0.497379774300482
0.216899999999992,0.212889645776062,0.0313952597551727,0.851558583102807
0.216999999999992,0.29389262614044,0.154508497178442,1.17557050456056
0.217099999999992,0.364484313705795,0.267913397481438,1.45793725482217
0.217199999999992,0.422163962747158,0.364484313704175,1.68865585098784
0.217299999999992,0.464888242941478,0.438153340017311,1.85955297176537
0.217399999999992,0.491143625362995,0.484291580561932,1.9645745014517
0.217499999999992,0.5,0.5,2
0.217599999999992,0.491143625365697,0.48429158056671,1.96457450146305
0.217699999999992,0.464888242946788,0.438153340026567,1.85955297178761
0.217799999999992,0.422163962754887,0.364484313717288,1.68865585102022
0.217899999999992,0.364484313715668,0.26791339749766,1.45793725486353
0.217999999999992,0.293892626152109,0.154508497196661,1.17557050460936
0.218099999999992,0.212889645789113,0.0313952597742911,0.851558583157481
0.218199999999992,0.124344943589477,-0.0936906572833303,0.497379774358898
0.218299999999992,0.0313952597719297,-0.212889645773762,0.12558103908874
0.218399999999992,-0.0626666167749129,-0.318711994866878,-0.250666467098636
0.218499999999992,-0.154508497180525,-0.404508497181748,-0.618033988721235
0.218599999999992,-0.240876837044447,-0.464888242940542,-0.963507348176991
0.218699999999992,-0.318711994868701,-0.496057350656012,-1.2748479794741
0.218799999999992,-0.385256621383219,-0.496057350658465,-1.5410264855323
0.218899999999992,-0.438153340018394,-0.464888242947723,-1.75261336007314
0.218999999999992,-0.475528258145304,-0.404508497193248,-1.90211303258097
0.219099999999992,-0.496057350656316,-0.318711994881909,-1.98422940262516
0.219199999999992,-0.499013364214599,-0.212889645791413,-1.99605345685844
0.219299999999992,-0.484291580566151,-0.0936906573025487,-1.93716632226477
0.219399999999992,-0.452413526236157,0.0313952597548215,-1.80965410494492
0.219499999999992,-0.404508497191824,0.154508497178107,-1.61803398876763
0.219599999999992,-0.342273552969746,0.267913397481141,-1.3690942118794
0.219699999999992,-0.267913397495787,0.364484313703934,-1.07165358998343
0.219799999999992,-0.184062276349272,0.438153340017169,-0.736249105397407
0.219899999999992,-0.0936906573001965,0.484291580561844,-0.374762629201121
0.219999999999992,-7.47588682171303E-12,0.5,-3.01309209622953E-11
0.220099999999992,0.0936906572855096,0.484291580566783,0.374762629141815
0.220199999999992,0.184062276335371,0.438153340026737,0.736249105341271
0.220299999999992,0.267913397483162,0.364484313717529,1.07165358993246
0.220399999999992,0.342273552958867,0.267913397497957,1.3690942118353
0.220499999999992,0.404508497183052,0.154508497196995,1.61803398873214
0.220599999999992,0.452413526229803,0.0313952597746422,1.80965410491916
0.220699999999992,0.48429158056244,-0.0936906572829847,1.93716632224976
0.220799999999992,0.499013364213662,-0.212889645773443,1.99605345685465
0.220899999999992,0.496057350658186,-0.318711994866607,1.98422940263275
0.220999999999992,0.475528258149916,-0.404508497181541,1.90211303259963
0.221099999999992,0.438153340025583,-0.464888242940412,1.75261336010228
0.221199999999992,0.385256621392732,-0.496057350655975,1.54102648557086
0.221299999999992,0.318711994880199,-0.496057350658509,1.27484797952062
0.221399999999992,0.240876837057524,-0.464888242947853,0.963507348229898
0.221499999999992,0.154508497194718,-0.404508497193421,0.618033988778548
0.221599999999992,0.0626666167897186,-0.31871199488218,0.250666467158536
0.221699999999992,-0.0313952597570358,-0.212889645791732,-0.125581039028483
0.221799999999992,-0.124344943575022,-0.0936906573028943,-0.497379774300419
0.221899999999992,-0.21288964577561,0.0313952597544704,-0.851558583102749
0.221999999999992,-0.293892626140036,0.154508497177773,-1.17557050456051
0.222099999999992,-0.364484313705453,0.267913397480843,-1.45793725482212
0.222199999999992,-0.422163962746891,0.364484313703693,-1.68865585098781
0.222299999999992,-0.464888242941294,0.438153340017,-1.85955297176538
0.222399999999992,-0.491143625362901,0.484291580561757,-1.96457450145171
0.222499999999992,-0.5,0.5,-2
0.222599999999992,-0.491143625365796,0.484291580566871,-1.96457450146304
0.222699999999992,-0.464888242946982,0.438153340026906,-1.85955297178763
0.222799999999992,-0.42216396275517,0.36448431371777,-1.68865585102019
0.222899999999992,-0.36448431371603,0.267913397498206,-1.4579372548635
0.222999999999992,-0.293892626152536,0.15450849719733,-1.17557050460932
0.223099999999992,-0.212889645789591,0.0313952597749934,-0.851558583157436
0.223199999999992,-0.124344943589988,-0.0936906572826391,-0.49737977435896
0.223299999999992,-0.0313952597724564,-0.212889645773125,-0.125581039088804
0.223399999999992,0.0626666167743893,-0.318711994866335,0.250666467098572
0.223499999999992,0.154508497180023,-0.404508497181334,0.618033988721174
0.223599999999992,0.240876837043984,-0.464888242940283,0.963507348176934
0.223699999999992,0.318711994868294,-0.496057350655931,1.27484797947405
0.223799999999992,0.385256621382883,-0.496057350658553,1.54102648553233
0.223899999999992,0.43815334001814,-0.464888242947982,1.75261336007316
0.223999999999992,0.475528258145141,-0.404508497193628,1.90211303258099
0.224099999999992,0.49605735065625,-0.318711994882451,1.98422940262517
0.224199999999992,0.499013364214632,-0.21288964579205,1.99605345685844
0.224299999999992,0.484291580566283,-0.093690657303184,1.93716632226476
0.224399999999992,0.452413526236381,0.0313952597541192,1.8096541049449
0.224499999999992,0.404508497192134,0.154508497177438,1.6180339887676
0.224599999999992,0.342273552970131,0.267913397480594,1.36909421187936
0.224699999999992,0.267913397496208,0.364484313703452,1.07165358998349
0.224799999999992,0.184062276349737,0.43815334001683,0.736249105397467
0.224899999999992,0.093690657300687,0.48429158056167,0.374762629201185
0.224999999999992,7.97522679060437E-12,0.5,3.01956045965932E-11
0.225099999999991,-0.0936906572850191,0.484291580566958,-0.374762629138066
0.225199999999991,-0.184062276334906,0.438153340027076,-0.736249105337723
0.225299999999991,-0.267913397482741,0.364484313718011,-1.07165358992933
0.225399999999991,-0.342273552958503,0.267913397498503,-1.3690942118326
0.225499999999991,-0.404508497182742,0.154508497197665,-1.61803398872996
0.225599999999991,-0.452413526229578,0.0313952597753445,-1.80965410491759
0.225699999999991,-0.484291580562309,-0.0936906572823493,-1.93716632224881
0.225799999999991,-0.499013364213629,-0.212889645772807,-1.99605345685441
0.225899999999991,-0.496057350658253,-0.318711994866064,-1.98422940263321
0.225999999999991,-0.475528258150079,-0.404508497181161,-1.90211303260077
0.226099999999991,-0.438153340025838,-0.464888242940153,-1.75261336010412
0.226199999999991,-0.385256621393068,-0.496057350655887,-1.54102648557329
0.226299999999991,-0.318711994880606,-0.496057350658597,-1.27484797952356
0.226399999999991,-0.240876837057987,-0.464888242948112,-0.963507348233243
0.226499999999991,-0.15450849719522,-0.404508497193835,-0.618033988782286
0.226599999999991,-0.0626666167902422,-0.318711994882722,-0.250666467162322
0.226699999999991,0.031395259756509,-0.212889645792368,0.125581039024675
0.226799999999991,0.124344943574511,-0.0936906573035297,0.497379774296833
0.226899999999991,0.212889645775132,0.0313952597537681,0.851558583099398
0.226999999999991,0.293892626139609,0.154508497177104,1.17557050455742
0.227099999999991,0.364484313705091,0.267913397480297,1.45793725481959
0.227199999999991,0.422163962746608,0.364484313703211,1.68865585098582
0.227299999999991,0.4648882429411,0.438153340016661,1.85955297176402
0.227399999999991,0.491143625362802,0.484291580561596,1.96457450145102
0.227499999999991,0.5,0.5,2
0.227599999999991,0.49114362536589,0.484291580567046,1.96457450146375
0.227699999999991,0.464888242947166,0.438153340027245,1.85955297178904
0.227799999999991,0.422163962755437,0.364484313718252,1.68865585102224
0.227899999999991,0.364484313716372,0.2679133974988,1.45793725486611
0.227999999999991,0.29389262615294,0.154508497197999,1.1755705046125
0.228099999999991,0.212889645790042,0.0313952597756957,0.85155858316089
0.228199999999991,0.124344943590472,-0.0936906572820037,0.497379774362657
0.228299999999991,0.0313952597729547,-0.212889645772488,0.1255810390925
0.228399999999991,-0.0626666167738939,-0.318711994865793,-0.250666467094899
0.228499999999991,-0.154508497179521,-0.404508497180954,-0.618033988717544
0.228599999999991,-0.240876837043522,-0.464888242940024,-0.963507348173689
0.228699999999991,-0.318711994867887,-0.496057350655843,-1.2748479794712
0.228799999999991,-0.385256621382547,-0.496057350658634,-1.54102648552997
0.228899999999991,-0.438153340017885,-0.464888242948241,-1.75261336007138
0.228999999999991,-0.475528258144978,-0.404508497194042,-1.90211303257981
0.229099999999991,-0.496057350656184,-0.318711994882993,-1.98422940262471
0.229199999999991,-0.499013364214665,-0.212889645792687,-1.99605345685868
0.229299999999991,-0.484291580566414,-0.0936906573038752,-1.93716632226571
0.229399999999991,-0.452413526236606,0.0313952597534169,-1.80965410494652
0.229499999999991,-0.404508497192444,0.154508497176769,-1.61803398876991
0.229599999999991,-0.342273552970515,0.26791339748,-1.36909421188214
0.229699999999991,-0.267913397496654,0.364484313702971,-1.07165358998671
0.229799999999991,-0.184062276350227,0.438153340016491,-0.736249105400909
0.229899999999991,-0.0936906573012054,0.484291580561509,-0.374762629204822
0.229999999999991,-8.50298846892611E-12,0.5,-3.40119538757045E-11
0.230099999999991,0.0936906572845007,0.484291580567133,0.374762629138114
0.230199999999991,0.184062276334416,0.438153340027387,0.736249105337768
0.230299999999991,0.267913397482295,0.364484313718492,1.07165358992937
0.230399999999991,0.342273552958118,0.267913397499097,1.36909421183264
0.230499999999991,0.404508497182448,0.15450849719828,1.61803398872993
0.230599999999991,0.452413526229365,0.0313952597760468,1.80965410491761
0.230699999999991,0.484291580562185,-0.0936906572816581,1.93716632224879
0.230799999999991,0.499013364213597,-0.21288964577217,1.99605345685441
0.230899999999991,0.496057350658315,-0.318711994865522,1.98422940263322
0.230999999999991,0.475528258150233,-0.404508497180747,1.90211303260083
0.231099999999991,0.438153340026078,-0.464888242939894,1.75261336010409
0.231199999999991,0.385256621393387,-0.496057350655799,1.54102648557326
0.231299999999991,0.318711994880991,-0.496057350658678,1.27484797952353
0.231399999999991,0.240876837058449,-0.464888242948371,0.9635073482332
0.231499999999991,0.154508497195722,-0.404508497194248,0.618033988782239
0.231599999999991,0.0626666167907658,-0.318711994883221,0.250666467162273
0.231699999999991,-0.0313952597559823,-0.212889645793005,-0.125581039024724
0.231799999999991,-0.124344943574,-0.0936906573042208,-0.49737977429688
0.231899999999991,-0.212889645774655,0.0313952597531225,-0.851558583099443
0.231999999999991,-0.293892626139182,0.154508497176434,-1.17557050455746
0.232099999999991,-0.36448431370473,0.267913397479703,-1.45793725481962
0.232199999999991,-0.422163962746325,0.36448431370273,-1.68865585098585
0.232299999999991,-0.464888242940905,0.438153340016322,-1.859552971764
0.232399999999991,-0.491143625362703,0.484291580561421,-1.96457450145101
0.232499999999991,-0.5,0.5,-2
0.232599999999991,-0.491143625365989,0.484291580567221,-1.96457450146374
0.232699999999991,-0.46488824294736,0.438153340027557,-1.85955297178902
0.232799999999991,-0.42216396275572,0.364484313718733,-1.68865585102227
0.232899999999991,-0.364484313716733,0.267913397499394,-1.45793725486608
0.232999999999991,-0.293892626153367,0.154508497198614,-1.17557050461246
0.233099999999991,-0.21288964579052,0.031395259776398,-0.851558583160845
0.233199999999991,-0.124344943590983,-0.0936906572813125,-0.497379774362609
0.233299999999991,-0.0313952597734815,-0.212889645771903,-0.125581039092564
0.233399999999991,0.0626666167733703,-0.318711994865251,0.250666467094947
0.233499999999991,0.154508497179046,-0.40450849718054,0.618033988717591
0.233599999999991,0.240876837043084,-0.464888242939765,0.963507348173732
0.233699999999991,0.318711994867503,-0.496057350655755,1.27484797947124
0.233799999999991,0.385256621382228,-0.496057350658722,1.54102648552986
0.233899999999991,0.438153340017645,-0.4648882429485,1.75261336007135
0.233999999999991,0.475528258144824,-0.404508497194455,1.90211303257979
0.234099999999991,0.496057350656121,-0.318711994883492,1.9842294026247
0.23419999999999,0.499013364214696,-0.212889645793323,1.99605345685891
0.23429999999999,0.484291580566538,-0.0936906573045665,1.93716632226666
0.23439999999999,0.452413526236831,0.0313952597527714,1.8096541049481
0.23449999999999,0.404508497192754,0.1545084971761,1.61803398877209
0.23459999999999,0.3422735529709,0.267913397479406,1.36909421188484
0.23469999999999,0.267913397497099,0.364484313702528,1.07165358998984
0.23479999999999,0.184062276350718,0.438153340016152,0.736249105404458
0.23489999999999,0.0936906573017239,0.484291580561334,0.374762629208459
0.23499999999999,9.03075014724786E-12,0.5,3.77146163170941E-11
0.23509999999999,-0.0936906572839823,0.484291580567308,-0.374762629134366
0.23519999999999,-0.184062276333925,0.438153340027726,-0.73624910533422
0.23529999999999,-0.26791339748185,0.364484313718974,-1.07165358992605
0.23539999999999,-0.342273552957734,0.267913397499691,-1.36909421182986
0.23549999999999,-0.404508497182138,0.154508497198949,-1.61803398872768
0.23559999999999,-0.452413526229141,0.0313952597767491,-1.80965410491598
0.23569999999999,-0.484291580562053,-0.0936906572809669,-1.93716632224787
0.23579999999999,-0.499013364213564,-0.212889645771585,-1.99605345685417
0.23589999999999,-0.496057350658381,-0.31871199486498,-1.98422940263368
0.23599999999999,-0.475528258150397,-0.404508497180334,-1.90211303260197
0.23609999999999,-0.438153340026332,-0.464888242939656,-1.75261336010588
0.23619999999999,-0.385256621393723,-0.496057350655711,-1.54102648557562
0.23629999999999,-0.318711994881397,-0.496057350658766,-1.27484797952647
0.23639999999999,-0.240876837058887,-0.464888242948609,-0.963507348236444
0.23649999999999,-0.154508497196197,-0.404508497194662,-0.61803398878576
0.23659999999999,-0.0626666167912612,-0.318711994883763,-0.25066646716606
0.23669999999999,0.031395259755484,-0.212889645793642,0.125581039020915
0.23679999999999,0.124344943573516,-0.0936906573049121,0.497379774293074
0.23689999999999,0.212889645774203,0.0313952597524202,0.85155858309599
0.23699999999999,0.293892626138778,0.154508497175765,1.17557050455438
0.23709999999999,0.364484313704388,0.267913397479109,1.45793725481701
0.23719999999999,0.422163962746058,0.364484313702287,1.6886558509838
0.23729999999999,0.464888242940711,0.438153340015983,1.85955297176259
0.23739999999999,0.491143625362605,0.484291580561246,1.96457450145031
0.23749999999999,0.5,0.5,2
0.23759999999999,0.491143625366088,0.484291580567396,1.96457450146444
0.23769999999999,0.464888242947554,0.438153340027896,1.85955297179038
0.23779999999999,0.422163962756003,0.364484313719176,1.68865585102426
0.23789999999999,0.364484313717094,0.267913397499988,1.45793725486861
0.23799999999999,0.293892626153794,0.154508497199284,1.17557050461545
0.23809999999999,0.212889645790997,0.0313952597771003,0.851558583164299
0.23819999999999,0.124344943591494,-0.0936906572806212,0.497379774366306
0.23829999999999,0.0313952597740082,-0.212889645771266,0.125581039096373
0.23839999999999,-0.0626666167728467,-0.318711994864709,-0.250666467091161
0.23849999999999,-0.154508497178544,-0.404508497180127,-0.618033988713961
0.23859999999999,-0.240876837042622,-0.464888242939527,-0.963507348170288
0.23869999999999,-0.318711994867096,-0.496057350655667,-1.2748479794683
0.23879999999999,-0.385256621381892,-0.49605735065881,-1.5410264855275
0.23889999999999,-0.438153340017391,-0.464888242948739,-1.75261336006956
0.23899999999999,-0.475528258144661,-0.404508497194869,-1.90211303257864
0.23909999999999,-0.496057350656055,-0.318711994884034,-1.98422940262422
0.23919999999999,-0.499013364214729,-0.212889645793909,-1.99605345685891
0.23929999999999,-0.484291580566669,-0.0936906573052577,-1.93716632226665
0.23939999999999,-0.452413526237043,0.0313952597520691,-1.80965410494808
0.23949999999999,-0.404508497193048,0.154508497175431,-1.61803398877206
0.23959999999999,-0.342273552971264,0.267913397478812,-1.36909421188489
0.23969999999999,-0.267913397497521,0.364484313702046,-1.07165358998989
0.23979999999999,-0.184062276351182,0.438153340015813,-0.736249105404518
0.23989999999999,-0.0936906573022143,0.484291580561159,-0.374762629208522
0.23999999999999,-9.5300901161392E-12,0.5,-3.7779299951392E-11
0.24009999999999,0.0936906572834918,0.484291580567483,0.374762629134302
0.24019999999999,0.184062276333434,0.438153340028065,0.736249105334265
0.24029999999999,0.267913397481404,0.364484313719417,1.0716535899261
0.24039999999999,0.342273552957349,0.267913397500285,1.36909421182989
0.24049999999999,0.404508497181828,0.154508497199618,1.61803398872771
0.24059999999999,0.452413526228916,0.0313952597773947,1.80965410491595
0.24069999999999,0.484291580561922,-0.0936906572802756,1.93716632224789
0.24079999999999,0.499013364213531,-0.212889645770948,1.99605345685417
0.24089999999999,0.496057350658448,-0.318711994864438,1.98422940263368
0.24099999999999,0.47552825815056,-0.40450849717992,1.90211303260196
0.24109999999999,0.438153340026587,-0.464888242939397,1.75261336010591
0.24119999999999,0.385256621394059,-0.496057350655623,1.54102648557566
0.24129999999999,0.318711994881804,-0.496057350658854,1.27484797952652
0.24139999999999,0.240876837059349,-0.464888242948868,0.963507348236501
0.24149999999999,0.154508497196699,-0.404508497195076,0.618033988785822
0.24159999999999,0.0626666167917848,-0.318711994884305,0.250666467166124
0.24169999999999,-0.0313952597549572,-0.212889645794227,-0.125581039020964
0.24179999999999,-0.124344943573005,-0.0936906573056033,-0.497379774293121
0.24189999999999,-0.212889645773726,0.0313952597517179,-0.851558583096034
0.24199999999999,-0.293892626138351,0.15450849717515,-1.17557050455442
0.24209999999999,-0.364484313704027,0.267913397478515,-1.45793725481696
0.24219999999999,-0.422163962745775,0.364484313701805,-1.68865585098383
0.24229999999999,-0.464888242940527,0.438153340015671,-1.85955297176261
0.24239999999999,-0.491143625362511,0.484291580561071,-1.96457450145032
0.24249999999999,-0.5,0.5,-2
0.24259999999999,-0.491143625366181,0.484291580567571,-1.96457450146445
0.24269999999999,-0.464888242947738,0.438153340028235,-1.85955297179041
0.24279999999999,-0.422163962756271,0.364484313719658,-1.68865585102429
0.24289999999999,-0.364484313717436,0.267913397500582,-1.45793725486865
0.24299999999999,-0.293892626154198,0.154508497199953,-1.17557050461551
0.24309999999999,-0.212889645791449,0.0313952597777458,-0.851558583164357
0.24319999999999,-0.124344943592005,-0.09369065727993,-0.497379774366258
0.243299999999989,-0.0313952597745349,-0.21288964577063,-0.125581039100068
0.243399999999989,0.0626666167723231,-0.318711994864211,0.250666467087375
0.243499999999989,0.154508497178043,-0.404508497179713,0.61803398871044
0.243599999999989,0.240876837042159,-0.464888242939268,0.963507348167044
0.243699999999989,0.318711994866689,-0.496057350655586,1.27484797946544
0.243799999999989,0.385256621381555,-0.496057350658898,1.54102648552514
0.243899999999989,0.438153340017136,-0.464888242948998,1.75261336006772
0.243999999999989,0.475528258144498,-0.404508497195282,1.90211303257746
0.244099999999989,0.496057350655989,-0.318711994884576,1.98422940262374
0.244199999999989,0.499013364214763,-0.212889645794545,1.99605345685915
0.244299999999989,0.4842915805668,-0.0936906573059489,1.9371663222676
0.244399999999989,0.452413526237268,0.0313952597513668,1.80965410494975
0.244499999999989,0.404508497193358,0.154508497174815,1.6180339887743
0.244599999999989,0.342273552971649,0.267913397478218,1.36909421188767
0.244699999999989,0.267913397497967,0.364484313701564,1.07165358999302
0.244799999999989,0.184062276351673,0.438153340015502,0.736249105407961
0.244899999999989,0.0936906573027328,0.484291580560984,0.374762629212271
0.244999999999989,1.0057851794461E-11,0.5,4.14819623927816E-11
0.245099999999989,-0.0936906572829734,0.484291580567644,-0.374762629130665
0.245199999999989,-0.18406227633297,0.438153340028404,-0.736249105330823
0.245299999999989,-0.267913397480982,0.364484313719899,-1.07165358992297
0.245399999999989,-0.342273552956985,0.26791339750088,-1.36909421182711
0.245499999999989,-0.404508497181534,0.154508497200288,-1.61803398872547
0.245599999999989,-0.452413526228703,0.031395259778097,-1.80965410491433
0.245699999999989,-0.484291580561798,-0.0936906572795844,-1.93716632224694
0.245799999999989,-0.4990133642135,-0.212889645770311,-1.99605345685393
0.245899999999989,-0.49605735065851,-0.318711994863939,-1.98422940263417
0.245999999999989,-0.475528258150714,-0.404508497179506,-1.90211303260314
0.246099999999989,-0.438153340026841,-0.464888242939138,-1.75261336010775
0.246199999999989,-0.385256621394396,-0.496057350655542,-1.54102648557802
0.246299999999989,-0.318711994882211,-0.496057350658943,-1.27484797952937
0.246399999999989,-0.240876837059812,-0.464888242949127,-0.963507348239845
0.246499999999989,-0.154508497197201,-0.404508497195456,-0.618033988789343
0.246599999999989,-0.0626666167923084,-0.318711994884847,-0.250666467169797
0.246699999999989,0.0313952597544305,-0.212889645794864,0.125581039017268
0.246799999999989,0.124344943572494,-0.0936906573062945,0.497379774289535
0.246899999999989,0.212889645773248,0.0313952597510156,0.851558583092581
0.246999999999989,0.293892626137924,0.154508497174481,1.17557050455142
0.247099999999989,0.364484313703666,0.267913397477921,1.45793725481435
0.247199999999989,0.422163962745492,0.364484313701324,1.68865585098179
0.247299999999989,0.464888242940333,0.438153340015332,1.85955297176121
0.247399999999989,0.491143625362412,0.484291580560896,1.96457450144958
0.247499999999989,0.5,0.5,2
0.247599999999989,0.49114362536628,0.484291580567732,1.96457450146516
0.247699999999989,0.464888242947932,0.438153340028574,1.85955297179177
0.247799999999989,0.422163962756553,0.364484313720139,1.68865585102627
0.247899999999989,0.364484313717797,0.267913397501129,1.45793725487127
0.247999999999989,0.293892626154625,0.154508497200622,1.1755705046185
0.248099999999989,0.212889645791927,0.0313952597784481,0.851558583167707
0.248199999999989,0.124344943592489,-0.0936906572792947,0.497379774369845
0.248299999999989,0.0313952597750333,-0.212889645769993,0.12558103910002
0.248399999999989,-0.0626666167718277,-0.318711994863668,-0.250666467087423
0.248499999999989,-0.154508497177568,-0.404508497179299,-0.618033988710487
0.248599999999989,-0.240876837041722,-0.464888242939009,-0.963507348166987
0.248699999999989,-0.318711994866305,-0.496057350655498,-1.27484797946539
0.248799999999989,-0.385256621381237,-0.496057350658987,-1.54102648552509
0.248899999999989,-0.438153340016896,-0.464888242949257,-1.75261336006769
0.248999999999989,-0.475528258144344,-0.404508497195663,-1.90211303257748
0.249099999999989,-0.496057350655923,-0.318711994885118,-1.98422940262375
0.249199999999989,-0.499013364214796,-0.212889645795182,-1.99605345685915
0.249299999999989,-0.484291580566932,-0.0936906573065843,-1.93716632226759
0.249399999999989,-0.452413526237493,0.0313952597506645,-1.80965410494973
0.249499999999989,-0.404508497193668,0.154508497174146,-1.61803398877427
0.249599999999989,-0.342273552972033,0.267913397477672,-1.36909421188764
0.249699999999989,-0.267913397498412,0.364484313701083,-1.07165358999307
0.249799999999989,-0.184062276352164,0.438153340015163,-0.736249105407915
0.249899999999989,-0.0936906573032512,0.484291580560809,-0.374762629212223
0.249999999999989,-1.05856134727827E-11,0.5,-4.14329591893579E-11
0.250099999999989,0.093690657282455,0.484291580567819,0.374762629130601
0.250199999999989,0.184062276332479,0.438153340028743,0.736249105330657
0.250299999999989,0.267913397480537,0.36448431372038,1.07165358992282
0.250399999999989,0.3422735529566,0.267913397501426,1.36909421182715
0.250499999999989,0.404508497181224,0.154508497200957,1.6180339887255
0.250599999999989,0.452413526228479,0.0313952597787993,1.80965410491435
0.250699999999989,0.484291580561667,-0.093690657278949,1.93716632224692
0.250799999999989,0.499013364213466,-0.212889645769675,1.99605345685393
0.250899999999989,0.496057350658576,-0.318711994863397,1.98422940263415
0.250999999999989,0.475528258150877,-0.404508497179126,1.90211303260312
0.251099999999989,0.438153340027081,-0.464888242938879,1.75261336010772
0.251199999999989,0.385256621394714,-0.496057350655453,1.54102648557806
0.251299999999989,0.318711994882596,-0.496057350659031,1.27484797952942
0.251399999999989,0.240876837060249,-0.464888242949386,0.963507348239703
0.251499999999989,0.154508497197676,-0.404508497195869,0.618033988789297
0.251599999999989,0.0626666167928038,-0.318711994885389,0.250666467169749
0.251699999999989,-0.0313952597539322,-0.2128896457955,-0.12558103901709
0.251799999999989,-0.12434494357201,-0.0936906573069299,-0.497379774289362
0.251899999999989,-0.212889645772796,0.0313952597503133,-0.851558583092625
0.251999999999989,-0.293892626137497,0.154508497173811,-1.17557050455137
0.252099999999989,-0.364484313703305,0.267913397477375,-1.45793725481439
0.252199999999989,-0.422163962745209,0.364484313700842,-1.68865585098175
0.252299999999988,-0.464888242940139,0.438153340014993,-1.8595529717598
0.252399999999988,-0.491143625362313,0.484291580560735,-1.96457450144891
0.252499999999988,-0.5,0.5,-2
0.252599999999988,-0.491143625366379,0.484291580567907,-1.96457450146586
0.252699999999988,-0.464888242948127,0.438153340028886,-1.85955297179318
0.252799999999988,-0.422163962756836,0.364484313720621,-1.68865585102832
0.252899999999988,-0.364484313718158,0.267913397501723,-1.4579372548738
0.252999999999988,-0.293892626155052,0.154508497201291,-1.17557050462159
0.253099999999988,-0.212889645792404,0.0313952597791504,-0.85155858317116
0.253199999999988,-0.124344943593,-0.0936906572786034,-0.497379774373651
0.253299999999988,-0.03139525977556,-0.212889645769356,-0.125581039103942
0.253399999999988,0.0626666167713041,-0.318711994863126,0.25066646708375
0.253499999999988,0.154508497177066,-0.404508497178919,0.618033988706857
0.253599999999988,0.240876837041259,-0.46488824293875,0.963507348163742
0.253699999999988,0.318711994865898,-0.496057350655409,1.27484797946245
0.253799999999988,0.385256621380901,-0.496057350659068,1.54102648552266
0.253899999999988,0.438153340016642,-0.464888242949516,1.75261336006596
0.253999999999988,0.47552825814418,-0.404508497196076,1.90211303257634
0.254099999999988,0.49605735065586,-0.318711994885617,1.98422940262328
0.254199999999988,0.499013364214827,-0.212889645795819,1.99605345685939
0.254299999999988,0.484291580567056,-0.0936906573072755,1.93716632226853
0.254399999999988,0.452413526237705,0.0313952597499622,1.80965410495131
0.254499999999988,0.404508497193962,0.154508497173477,1.61803398877651
0.254599999999988,0.342273552972397,0.267913397477078,1.36909421189042
0.254699999999988,0.267913397498834,0.364484313700601,1.0716535899963
0.254799999999988,0.184062276352628,0.438153340014824,0.736249105411569
0.254899999999988,0.0936906573037696,0.484291580560648,0.37476262921586
0.254999999999988,1.11133751511044E-11,0.5,4.52493084684691E-11
0.255099999999988,-0.0936906572819365,0.484291580567994,-0.374762629126964
0.255199999999988,-0.184062276331989,0.438153340029055,-0.736249105327214
0.255299999999988,-0.267913397480091,0.364484313720862,-1.07165358991969
0.255399999999988,-0.342273552956216,0.26791339750202,-1.36909421182445
0.255499999999988,-0.404508497180914,0.154508497201572,-1.61803398872332
0.255599999999988,-0.452413526228254,0.0313952597795016,-1.80965410491277
0.255699999999988,-0.484291580561535,-0.0936906572782578,-1.937166322246
0.255799999999988,-0.499013364213433,-0.212889645769038,-1.9960534568537
0.255899999999988,-0.496057350658642,-0.318711994862855,-1.98422940263463
0.255999999999988,-0.47552825815104,-0.404508497178713,-1.9021130326043
0.256099999999988,-0.438153340027336,-0.46488824293862,-1.75261336010956
0.256199999999988,-0.385256621395051,-0.496057350655365,-1.54102648558049
0.256299999999988,-0.318711994883002,-0.496057350659112,-1.27484797953236
0.256399999999988,-0.240876837060712,-0.464888242949645,-0.963507348243047
0.256499999999988,-0.154508497198178,-0.404508497196283,-0.618033988792926
0.256599999999988,-0.0626666167933274,-0.318711994885888,-0.250666467173535
0.256699999999988,0.0313952597534054,-0.212889645796137,0.125581039013395
0.256799999999988,0.124344943571499,-0.0936906573076211,0.497379774285776
0.256899999999988,0.212889645772319,0.0313952597496678,0.851558583089275
0.256999999999988,0.293892626137093,0.154508497173142,1.17557050454837
0.257099999999988,0.364484313702963,0.267913397476781,1.45793725481185
0.257199999999988,0.422163962744942,0.36448431370036,1.68865585097977
0.257299999999988,0.464888242939955,0.438153340014654,1.85955297175982
0.257399999999988,0.49114362536222,0.48429158056056,1.9645745014489
0.257499999999988,0.5,0.5,2
0.257599999999988,0.491143625366473,0.484291580568082,1.96457450146587
0.257699999999988,0.46488824294831,0.438153340029225,1.8595529717932
0.257799999999988,0.422163962757104,0.364484313721103,1.68865585102835
0.257899999999988,0.36448431371852,0.267913397502317,1.45793725487377
0.257999999999988,0.293892626155479,0.154508497201907,1.17557050462155
0.258099999999988,0.212889645792882,0.0313952597798527,0.851558583171116
0.258199999999988,0.124344943593511,-0.0936906572779122,0.497379774373604
0.258299999999988,0.0313952597760867,-0.212889645768771,0.125581039103893
0.258399999999988,-0.0626666167707805,-0.318711994862584,-0.250666467083573
0.258499999999988,-0.154508497176564,-0.404508497178506,-0.618033988706904
0.258599999999988,-0.240876837040797,-0.464888242938511,-0.963507348163785
0.258699999999988,-0.318711994865491,-0.496057350655321,-1.27484797946249
0.258799999999988,-0.385256621380564,-0.496057350659156,-1.54102648552269
0.258899999999988,-0.438153340016387,-0.464888242949775,-1.75261336006588
0.258999999999988,-0.475528258144017,-0.40450849719649,-1.90211303257632
0.259099999999988,-0.496057350655794,-0.318711994886159,-1.98422940262328
0.259199999999988,-0.49901336421486,-0.212889645796455,-1.99605345685939
0.259299999999988,-0.484291580567187,-0.0936906573079667,-1.93716632226855
0.259399999999988,-0.45241352623793,0.0313952597493166,-1.80965410495138
0.259499999999988,-0.404508497194272,0.154508497172808,-1.61803398877649
0.259599999999988,-0.342273552972782,0.267913397476483,-1.36909421189038
0.259699999999988,-0.267913397499279,0.364484313700158,-1.07165358999625
0.259799999999988,-0.184062276353119,0.438153340014485,-0.736249105411523
0.259899999999988,-0.0936906573042601,0.484291580560473,-0.374762629216035
0.259999999999988,-1.16127151199958E-11,0.5,-4.52003052650454E-11
0.260099999999988,0.0936906572814461,0.484291580568169,0.374762629127013
0.260199999999988,0.184062276331524,0.438153340029394,0.73624910532726
0.260299999999988,0.26791339747967,0.364484313721344,1.07165358991973
0.260399999999988,0.342273552955852,0.267913397502614,1.36909421182432
0.260499999999988,0.40450849718062,0.154508497202241,1.61803398872328
0.260599999999988,0.452413526228041,0.0313952597802039,1.80965410491275
0.260699999999988,0.484291580561411,-0.0936906572775666,1.93716632224598
0.260799999999988,0.4990133642134,-0.212889645768453,1.99605345685369
0.260899999999988,0.496057350658709,-0.318711994862313,1.98422940263465
0.260999999999988,0.475528258151203,-0.404508497178299,1.90211303260429
0.261099999999988,0.43815334002759,-0.464888242938382,1.75261336010954
0.261199999999988,0.385256621395387,-0.496057350655277,1.54102648558046
0.261299999999988,0.318711994883409,-0.4960573506592,1.27484797953232
0.261399999999987,0.240876837061174,-0.464888242949883,0.963507348246491
0.261499999999987,0.154508497198679,-0.404508497196697,0.618033988796448
0.261599999999987,0.062666616793851,-0.31871199488643,0.250666467177209
0.261699999999987,-0.0313952597528787,-0.212889645796774,-0.125581039009699
0.261799999999987,-0.124344943570988,-0.0936906573083123,-0.497379774282189
0.261899999999987,-0.212889645771841,0.0313952597489655,-0.851558583085719
0.261999999999987,-0.293892626136666,0.154508497172473,-1.17557050454529
0.262099999999987,-0.364484313702601,0.267913397476186,-1.45793725480924
0.262199999999987,-0.422163962744659,0.364484313699917,-1.68865585097772
0.262299999999987,-0.464888242939761,0.438153340014315,-1.85955297175841
0.262399999999987,-0.491143625362121,0.484291580560385,-1.96457450144816
0.262499999999987,-0.5,0.5,-2
0.262599999999987,-0.491143625366572,0.484291580568257,-1.96457450146656
0.262699999999987,-0.464888242948505,0.438153340029564,-1.85955297179456
0.262799999999987,-0.422163962757386,0.364484313721546,-1.68865585103034
0.262899999999987,-0.364484313718862,0.267913397502911,-1.45793725487646
0.262999999999987,-0.293892626155883,0.154508497202576,-1.17557050462454
0.263099999999987,-0.212889645793334,0.031395259780555,-0.851558583174466
0.263199999999987,-0.124344943593995,-0.093690657277221,-0.49737977437719
0.263299999999987,-0.031395259776585,-0.212889645768134,-0.125581039107588
0.263399999999987,0.0626666167702851,-0.318711994862042,0.2506664670799
0.263499999999987,0.154508497176089,-0.404508497178092,0.618033988703274
0.263599999999987,0.240876837040359,-0.464888242938252,0.963507348160441
0.263699999999987,0.318711994865107,-0.496057350655233,1.27484797945955
0.263799999999987,0.385256621380228,-0.496057350659244,1.54102648552026
0.263899999999987,0.438153340016133,-0.464888242950013,1.75261336006404
0.263999999999987,0.475528258143854,-0.404508497196903,1.90211303257517
0.264099999999987,0.496057350655728,-0.318711994886701,1.98422940262281
0.264199999999987,0.499013364214893,-0.212889645797041,1.99605345685962
0.264299999999987,0.484291580567318,-0.0936906573086579,1.93716632226947
0.264399999999987,0.452413526238155,0.0313952597486143,1.80965410495296
0.264499999999987,0.404508497194582,0.154508497172192,1.61803398877866
0.264599999999987,0.342273552973167,0.267913397475889,1.36909421189308
0.264699999999987,0.267913397499725,0.364484313699677,1.07165358999938
0.264799999999987,0.184062276353609,0.438153340014146,0.736249105414966
0.264899999999987,0.0936906573047785,0.484291580560298,0.374762629219672
0.264999999999987,1.21404767983175E-11,0.5,4.90166545441566E-11
0.265099999999987,-0.0936906572809276,0.484291580568344,-0.374762629123264
0.265199999999987,-0.184062276331034,0.438153340029733,-0.736249105323711
0.265299999999987,-0.267913397479224,0.364484313721787,-1.07165358991651
0.265399999999987,-0.342273552955467,0.267913397503208,-1.36909421182154
0.265499999999987,-0.40450849718031,0.15450849720291,-1.61803398872111
0.265599999999987,-0.452413526227817,0.0313952597808494,-1.80965410491117
0.265699999999987,-0.48429158056128,-0.0936906572768754,-1.93716632224506
0.265799999999987,-0.499013364213369,-0.212889645767816,-1.99605345685346
0.265899999999987,-0.496057350658771,-0.318711994861814,-1.98422940263511
0.265999999999987,-0.475528258151358,-0.404508497177885,-1.90211303260543
0.266099999999987,-0.43815334002783,-0.464888242938123,-1.75261336011132
0.266199999999987,-0.385256621395705,-0.496057350655189,-1.54102648558282
0.266299999999987,-0.318711994883794,-0.496057350659288,-1.27484797953517
0.266399999999987,-0.240876837061612,-0.464888242950142,-0.963507348246448
0.266499999999987,-0.154508497199154,-0.40450849719711,-0.618033988796509
0.266599999999987,-0.0626666167943464,-0.318711994886972,-0.250666467177273
0.266699999999987,0.031395259752352,-0.212889645797359,0.125581039009635
0.266799999999987,0.124344943570477,-0.0936906573090035,0.497379774282127
0.266899999999987,0.212889645771364,0.0313952597482632,0.85155858308566
0.266999999999987,0.293892626136239,0.154508497171858,1.17557050454533
0.267099999999987,0.36448431370224,0.267913397475592,1.45793725480927
0.267199999999987,0.422163962744376,0.364484313699436,1.68865585097775
0.267299999999987,0.464888242939566,0.438153340014003,1.85955297175843
0.267399999999987,0.491143625362022,0.48429158056021,1.96457450144817
0.267499999999987,0.5,0.5,2
0.267599999999987,0.49114362536667,0.484291580568432,1.96457450146655
0.267699999999987,0.464888242948699,0.438153340029903,1.85955297179454
0.267799999999987,0.422163962757669,0.364484313722027,1.68865585103031
0.267899999999987,0.364484313719223,0.267913397503505,1.45793725487642
0.267999999999987,0.29389262615631,0.154508497203245,1.1755705046246
0.268099999999987,0.212889645793811,0.0313952597812006,0.851558583174525
0.268199999999987,0.124344943594506,-0.0936906572765298,0.497379774377253
0.268299999999987,0.0313952597771118,-0.212889645767497,0.125581039107653
0.268399999999987,-0.0626666167697615,-0.318711994861543,-0.250666467079835
0.268499999999987,-0.154508497175587,-0.404508497177678,-0.618033988703321
0.268599999999987,-0.240876837039897,-0.464888242937993,-0.963507348160484
0.268699999999987,-0.3187119948647,-0.496057350655152,-1.27484797945959
0.268799999999987,-0.38525662137991,-0.496057350659332,-1.54102648552029
0.268899999999987,-0.438153340015892,-0.464888242950272,-1.75261336006406
0.268999999999987,-0.4755282581437,-0.404508497197317,-1.90211303257519
0.269099999999987,-0.496057350655665,-0.318711994887243,-1.98422940262282
0.269199999999987,-0.499013364214925,-0.212889645797677,-1.99605345685962
0.269299999999987,-0.484291580567443,-0.0936906573093492,-1.93716632226946
0.269399999999987,-0.452413526238368,0.0313952597479121,-1.80965410495294
0.269499999999987,-0.404508497194876,0.154508497171523,-1.6180339887787
0.269599999999987,-0.342273552973552,0.267913397475295,-1.36909421189313
0.269699999999987,-0.267913397500171,0.364484313699195,-1.07165358999943
0.269799999999987,-0.1840622763541,0.438153340013834,-0.736249105415026
0.269899999999987,-0.0936906573052969,0.484291580560123,-0.374762629219736
0.269999999999987,-1.26682384766393E-11,0.5,-4.91950250161761E-11
0.270099999999987,0.0936906572804092,0.484291580568505,0.374762629123312
0.270199999999987,0.184062276330543,0.438153340030072,0.736249105323757
0.270299999999987,0.267913397478778,0.364484313722268,1.07165358991655
0.270399999999987,0.342273552955082,0.267913397503754,1.36909421182157
0.270499999999986,0.40450849718,0.15450849720358,1.6180339887188
0.270599999999986,0.452413526227592,0.0313952597815517,1.80965410490959
0.270699999999986,0.484291580561149,-0.0936906572761842,1.93716632224414
0.270799999999986,0.499013364213336,-0.212889645767179,1.99605345685323
0.270899999999986,0.496057350658837,-0.318711994861272,1.98422940263559
0.270999999999986,0.475528258151521,-0.404508497177472,1.90211303260668
0.271099999999986,0.438153340028085,-0.464888242937864,1.75261336011316
0.271199999999986,0.385256621396042,-0.496057350655108,1.54102648558525
0.271299999999986,0.3187119948842,-0.496057350659376,1.27484797953812
0.271399999999986,0.240876837062074,-0.464888242950401,0.963507348249792
0.271499999999986,0.154508497199656,-0.40450849719749,0.618033988800247
0.271599999999986,0.06266661679487,-0.318711994887514,0.250666467180946
0.271699999999986,-0.0313952597518536,-0.212889645797996,-0.125581039005826
0.271799999999986,-0.124344943569965,-0.0936906573096389,-0.49737977427854
0.271899999999986,-0.212889645770912,0.0313952597475609,-0.851558583082207
0.271999999999986,-0.293892626135812,0.154508497171189,-1.17557050454215
0.272099999999986,-0.364484313701898,0.267913397474998,-1.45793725480666
0.272199999999986,-0.422163962744093,0.364484313698954,-1.68865585097576
0.272299999999986,-0.464888242939382,0.438153340013664,-1.85955297175703
0.272399999999986,-0.491143625361923,0.484291580560035,-1.96457450144748
0.272499999999986,-0.5,0.5,-2
0.272599999999986,-0.491143625366769,0.484291580568593,-1.96457450146725
0.272699999999986,-0.464888242948883,0.438153340030242,-1.85955297179595
0.272799999999986,-0.422163962757952,0.364484313722509,-1.6886558510323
0.272899999999986,-0.364484313719565,0.267913397504051,-1.45793725487904
0.272999999999986,-0.293892626156737,0.154508497203914,-1.17557050462768
0.273099999999986,-0.212889645794263,0.0313952597819029,-0.851558583177875
0.273199999999986,-0.124344943595017,-0.0936906572758944,-0.497379774380949
0.273299999999986,-0.0313952597776101,-0.212889645766861,-0.125581039111348
0.273399999999986,0.0626666167692379,-0.318711994861001,0.250666467076049
0.273499999999986,0.154508497175112,-0.404508497177265,0.618033988699583
0.273599999999986,0.240876837039434,-0.464888242937734,0.96350734815714
0.273699999999986,0.318711994864315,-0.496057350655064,1.27484797945674
0.273799999999986,0.385256621379573,-0.49605735065942,1.54102648551786
0.273899999999986,0.438153340015652,-0.464888242950531,1.75261336006228
0.273999999999986,0.475528258143537,-0.404508497197697,1.90211303257394
0.274099999999986,0.496057350655596,-0.318711994887785,1.98422940262235
0.274199999999986,0.499013364214958,-0.212889645798314,1.99605345685986
0.274299999999986,0.484291580567581,-0.0936906573099845,1.93716632227038
0.274399999999986,0.452413526238592,0.0313952597472098,1.80965410495456
0.274499999999986,0.404508497195202,0.154508497170854,1.61803398878094
0.274599999999986,0.342273552973916,0.267913397474749,1.36909421189583
0.274699999999986,0.267913397500616,0.364484313698713,1.07165359000266
0.274799999999986,0.184062276354564,0.438153340013495,0.736249105418469
0.274899999999986,0.0936906573058153,0.484291580559948,0.374762629223485
0.274999999999986,1.31675784455306E-11,0.5,5.28976874575657E-11
0.275099999999986,-0.0936906572798908,0.48429158056868,-0.374762629119563
0.275199999999986,-0.184062276330079,0.438153340030411,-0.736249105320314
0.275299999999986,-0.267913397478333,0.36448431372275,-1.07165358991333
0.275399999999986,-0.342273552954718,0.267913397504348,-1.36909421181887
0.275499999999986,-0.40450849717969,0.154508497204249,-1.61803398871876
0.275599999999986,-0.452413526227379,0.031395259782254,-1.80965410490961
0.275699999999986,-0.484291580561017,-0.0936906572755488,-1.93716632224413
0.275799999999986,-0.499013364213304,-0.212889645766542,-1.99605345685323
0.275899999999986,-0.496057350658903,-0.31871199486073,-1.98422940263559
0.275999999999986,-0.475528258151675,-0.404508497177091,-1.90211303260663
0.276099999999986,-0.438153340028339,-0.464888242937605,-1.75261336011314
0.276199999999986,-0.38525662139636,-0.49605735065502,-1.5410264855853
0.276299999999986,-0.318711994884607,-0.496057350659457,-1.27484797953808
0.276399999999986,-0.240876837062512,-0.464888242950661,-0.963507348249849
0.276499999999986,-0.154508497200158,-0.404508497197904,-0.6180339888002
0.276599999999986,-0.0626666167953654,-0.318711994888057,-0.25066646718101
0.276699999999986,0.0313952597513269,-0.212889645798632,0.125581039005989
0.276799999999986,0.124344943569509,-0.0936906573103301,0.497379774278478
0.276899999999986,0.212889645770434,0.0313952597468586,0.851558583082354
0.276999999999986,0.293892626135385,0.154508497170519,1.17557050454209
0.277099999999986,0.364484313701537,0.267913397474452,1.45793725480677
0.277199999999986,0.422163962743811,0.364484313698472,1.68865585097573
0.277299999999986,0.464888242939188,0.438153340013325,1.85955297175709
0.277399999999986,0.491143625361824,0.484291580559874,1.96457450144747
0.277499999999986,0.5,0.5,2
0.277599999999986,0.491143625366868,0.484291580568768,1.96457450146726
0.277699999999986,0.464888242949077,0.438153340030553,1.85955297179597
0.277799999999986,0.422163962758235,0.364484313722991,1.68865585103233
0.277899999999986,0.364484313719926,0.267913397504645,1.45793725487908
0.277999999999986,0.293892626157164,0.154508497204584,1.17557050462774
0.278099999999986,0.212889645794741,0.0313952597826052,0.851558583177934
0.278199999999986,0.124344943595528,-0.0936906572752032,0.497379774380792
0.278299999999986,0.0313952597781368,-0.212889645766224,0.125581039111413
0.278399999999986,-0.0626666167687143,-0.318711994860459,-0.250666467076211
0.278499999999986,-0.15450849717461,-0.404508497176885,-0.618033988699521
0.278599999999986,-0.240876837038972,-0.464888242937475,-0.963507348157282
0.278699999999986,-0.318711994863909,-0.496057350654975,-1.27484797945669
0.278799999999986,-0.385256621379237,-0.496057350659502,-1.54102648551796
0.278899999999986,-0.438153340015398,-0.46488824295079,-1.75261336006225
0.278999999999986,-0.475528258143374,-0.404508497198111,-1.90211303257399
0.279099999999986,-0.496057350655537,-0.318711994888284,-1.98422940262235
0.279199999999986,-0.499013364214991,-0.212889645798951,-1.99605345685986
0.279299999999986,-0.484291580567698,-0.0936906573106758,-1.9371663222704
0.279399999999986,-0.452413526238817,0.0313952597465075,-1.80965410495459
0.279499999999986,-0.404508497195479,0.154508497170185,-1.61803398878098
0.279599999999985,-0.3422735529743,0.267913397474155,-1.36909421189853
0.279699999999985,-0.267913397501014,0.364484313698231,-1.07165359000578
0.279799999999985,-0.184062276355055,0.438153340013156,-0.736249105421912
0.279899999999985,-0.0936906573063338,0.484291580559787,-0.374762629227122
0.279999999999985,-1.36953401238524E-11,0.5,-5.66003498989553E-11
0.280099999999985,0.0936906572793724,0.484291580568855,0.374762629115926
0.280199999999985,0.184062276329588,0.438153340030723,0.736249105316872
0.280299999999985,0.267913397477887,0.364484313723232,1.0716535899102
0.280399999999985,0.342273552954333,0.267913397504942,1.36909421181617
0.280499999999985,0.404508497179379,0.154508497204864,1.61803398871658
0.280599999999985,0.452413526227155,0.0313952597829563,1.80965410490794
0.280699999999985,0.484291580560886,-0.0936906572748576,1.93716632224321
0.280799999999985,0.499013364213271,-0.212889645765906,1.99605345685298
0.280899999999985,0.49605735065897,-0.318711994860188,1.98422940263605
0.280999999999985,0.475528258151838,-0.404508497176678,1.90211303260784
0.281099999999985,0.438153340028593,-0.464888242937346,1.75261336011503
0.281199999999985,0.385256621396696,-0.496057350654931,1.54102648558766
0.281299999999985,0.318711994885014,-0.496057350659546,1.27484797954093
0.281399999999985,0.240876837062974,-0.46488824295092,0.963507348253093
0.281499999999985,0.15450849720066,-0.404508497198318,0.618033988803722
0.281599999999985,0.062666616795889,-0.318711994888555,0.250666467184909
0.281699999999985,-0.0313952597508002,-0.212889645799269,-0.125581039002293
0.281799999999985,-0.124344943568998,-0.0936906573110214,-0.497379774274891
0.281899999999985,-0.212889645769957,0.031395259746213,-0.851558583079004
0.281999999999985,-0.293892626135004,0.15450849716985,-1.1755705045391
0.282099999999985,-0.364484313701176,0.267913397473858,-1.45793725480408
0.282199999999985,-0.422163962743558,0.364484313698029,-1.68865585097375
0.282299999999985,-0.464888242938994,0.438153340012986,-1.85955297175564
0.282399999999985,-0.491143625361736,0.484291580559699,-1.96457450144677
0.282499999999985,-0.5,0.5,-2
0.282599999999985,-0.491143625366956,0.484291580568943,-1.964574501468
0.282699999999985,-0.464888242949271,0.438153340030892,-1.85955297179734
0.282799999999985,-0.422163962758487,0.364484313723473,-1.68865585103431
0.282899999999985,-0.364484313720287,0.26791339750524,-1.45793725488162
0.282999999999985,-0.293892626157591,0.154508497205199,-1.17557050463073
0.283099999999985,-0.212889645795218,0.0313952597833075,-0.85155858318149
0.283199999999985,-0.124344943596039,-0.093690657274512,-0.497379774384378
0.283299999999985,-0.0313952597786636,-0.212889645765639,-0.125581039115108
0.283399999999985,0.0626666167681907,-0.318711994859917,0.250666467072537
0.283499999999985,0.154508497174108,-0.404508497176471,0.618033988696
0.283599999999985,0.240876837038509,-0.464888242937237,0.963507348153838
0.283699999999985,0.318711994863502,-0.496057350654887,1.27484797945383
0.283799999999985,0.3852566213789,-0.49605735065959,1.54102648551546
0.283899999999985,0.438153340015143,-0.464888242951049,1.75261336006046
0.283999999999985,0.475528258143211,-0.404508497198524,1.90211303257277
0.284099999999985,0.49605735065547,-0.318711994888826,1.98422940262185
0.284199999999985,0.499013364215024,-0.212889645799588,1.9960534568601
0.284299999999985,0.484291580567829,-0.093690657311367,1.93716632227132
0.284399999999985,0.452413526239042,0.0313952597458619,1.80965410495617
0.284499999999985,0.40450849719579,0.154508497169515,1.61803398878316
0.284599999999985,0.342273552974685,0.267913397473561,1.36909421189874
0.284699999999985,0.267913397501459,0.364484313697789,1.07165359000565
0.284799999999985,0.184062276355546,0.438153340012817,0.736249105421972
0.284899999999985,0.0936906573067963,0.484291580559612,0.374762629226962
0.284999999999985,1.42231018021741E-11,0.5,5.66650335332532E-11
0.285099999999985,-0.0936906572789098,0.48429158056903,-0.374762629115863
0.285199999999985,-0.184062276329097,0.438153340031062,-0.736249105316811
0.285299999999985,-0.267913397477489,0.364484313723713,-1.07165358991015
0.285399999999985,-0.342273552953949,0.267913397505537,-1.36909421181613
0.285499999999985,-0.404508497179103,0.154508497205533,-1.61803398871654
0.285599999999985,-0.45241352622693,0.0313952597836586,-1.80965410490791
0.285699999999985,-0.484291580560769,-0.0936906572741663,-1.93716632224319
0.285799999999985,-0.499013364213238,-0.21288964576532,-1.99605345685299
0.285899999999985,-0.496057350659036,-0.318711994859646,-1.98422940263606
0.285999999999985,-0.475528258152001,-0.404508497176264,-1.90211303260779
0.286099999999985,-0.438153340028847,-0.464888242937108,-1.75261336011506
0.286199999999985,-0.385256621397033,-0.496057350654843,-1.54102648558755
0.286299999999985,-0.31871199488542,-0.496057350659634,-1.27484797954098
0.286399999999985,-0.240876837063437,-0.464888242951158,-0.963507348252951
0.286499999999985,-0.154508497201162,-0.404508497198731,-0.618033988803783
0.286599999999985,-0.0626666167964126,-0.318711994889097,-0.250666467184748
0.286699999999985,0.0313952597502735,-0.212889645799854,0.125581039002229
0.286799999999985,0.124344943568487,-0.0936906573117126,0.497379774274829
0.286899999999985,0.212889645769479,0.0313952597455108,0.851558583078946
0.286999999999985,0.293892626134577,0.154508497169181,1.17557050453905
0.287099999999985,0.364484313700814,0.267913397473264,1.45793725480404
0.287199999999985,0.422163962743275,0.364484313697548,1.68865585097371
0.287299999999985,0.4648882429388,0.438153340012647,1.8595529717557
0.287399999999985,0.491143625361637,0.484291580559524,1.96457450144676
0.287499999999985,0.5,0.5,2
0.287599999999985,0.491143625367055,0.484291580569118,1.96457450146801
0.287699999999985,0.464888242949466,0.438153340031231,1.85955297179728
0.287799999999985,0.42216396275877,0.364484313723915,1.68865585103435
0.287899999999985,0.364484313720649,0.267913397505834,1.4579372548815
0.287999999999985,0.293892626157972,0.154508497205868,1.17557050463078
0.288099999999985,0.212889645795696,0.031395259783953,0.851558583181343
0.288199999999985,0.124344943596496,-0.0936906572738207,0.497379774384441
0.288299999999985,0.0313952597791903,-0.212889645765002,0.125581039115173
0.288399999999985,-0.0626666167677235,-0.318711994859375,-0.250666467072473
0.288499999999985,-0.154508497173606,-0.404508497176057,-0.618033988695939
0.288599999999985,-0.240876837038097,-0.464888242936978,-0.963507348153782
0.288699999999984,-0.318711994863095,-0.496057350654799,-1.27484797945098
0.288799999999984,-0.385256621378564,-0.496057350659678,-1.5410264855131
0.288899999999984,-0.438153340014889,-0.464888242951287,-1.75261336005868
0.288999999999984,-0.475528258143048,-0.404508497198938,-1.90211303257163
0.289099999999984,-0.496057350655404,-0.318711994889368,-1.98422940262139
0.289199999999984,-0.499013364215057,-0.212889645800173,-1.99605345686033
0.289299999999984,-0.48429158056796,-0.0936906573120582,-1.93716632227224
0.289399999999984,-0.452413526239266,0.0313952597451596,-1.80965410495774
0.289499999999984,-0.4045084971961,0.1545084971689,-1.61803398878533
0.289599999999984,-0.34227355297507,0.267913397472967,-1.36909421190144
0.289699999999984,-0.267913397501905,0.364484313697307,-1.07165359000896
0.289799999999984,-0.184062276356036,0.438153340012478,-0.736249105425414
0.289899999999984,-0.0936906573073147,0.484291580559437,-0.374762629230822
0.289999999999984,-1.47508634804959E-11,0.5,-6.03676959746428E-11
0.290099999999984,0.0936906572783914,0.484291580569205,0.374762629112002
0.290199999999984,0.184062276328606,0.438153340031401,0.736249105313369
0.290299999999984,0.267913397477044,0.364484313724156,1.07165358990702
0.290399999999984,0.342273552953564,0.267913397506131,1.36909421181343
0.290499999999984,0.404508497178792,0.154508497206203,1.61803398871437
0.290599999999984,0.452413526226705,0.0313952597843042,1.80965410490634
0.290699999999984,0.484291580560638,-0.0936906572734751,1.93716632224227
0.290799999999984,0.499013364213205,-0.212889645764684,1.99605345685276
0.290899999999984,0.496057350659095,-0.318711994859147,1.98422940263652
0.290999999999984,0.475528258152164,-0.404508497175851,1.90211303260894
0.291099999999984,0.438153340029074,-0.464888242936849,1.75261336011684
0.291199999999984,0.385256621397369,-0.496057350654755,1.54102648559006
0.291299999999984,0.318711994885783,-0.496057350659722,1.27484797954383
0.291399999999984,0.240876837063899,-0.464888242951417,0.963507348256395
0.291499999999984,0.15450849720161,-0.404508497199145,0.618033988807305
0.291599999999984,0.0626666167969362,-0.318711994889639,0.250666467188647
0.291699999999984,-0.0313952597497468,-0.212889645800491,-0.125581038998533
0.291799999999984,-0.124344943567976,-0.0936906573124038,-0.497379774271242
0.291899999999984,-0.212889645769002,0.0313952597448085,-0.851558583075595
0.291999999999984,-0.29389262613415,0.154508497168566,-1.17557050453605
0.292099999999984,-0.364484313700453,0.26791339747267,-1.4579372548015
0.292199999999984,-0.422163962742993,0.364484313697066,-1.68865585097161
0.292299999999984,-0.464888242938605,0.438153340012336,-1.85955297175434
0.292399999999984,-0.491143625361538,0.484291580559349,-1.96457450144607
0.292499999999984,-0.5,0.5,-2
0.292599999999984,-0.491143625367154,0.484291580569279,-1.9645745014687
0.292699999999984,-0.46488824294966,0.43815334003157,-1.85955297179881
0.292799999999984,-0.422163962759053,0.364484313724397,-1.68865585103633
0.292899999999984,-0.36448431372101,0.267913397506428,-1.4579372548842
0.292999999999984,-0.293892626158399,0.154508497206537,-1.17557050463378
0.293099999999984,-0.212889645796173,0.0313952597846553,-0.851558583184898
0.293199999999984,-0.124344943597007,-0.0936906572731295,-0.497379774388247
0.293299999999984,-0.031395259779717,-0.212889645764365,-0.125581039118868
0.293399999999984,0.0626666167671999,-0.318711994858876,0.2506664670688
0.293499999999984,0.154508497173104,-0.404508497175644,0.618033988692417
0.293599999999984,0.240876837037634,-0.464888242936719,0.963507348150537
0.293699999999984,0.318711994862689,-0.496057350654718,1.27484797945075
0.293799999999984,0.385256621378264,-0.496057350659766,1.5410264855132
0.293899999999984,0.438153340014635,-0.464888242951546,1.75261336005865
0.293999999999984,0.475528258142902,-0.404508497199318,1.90211303257168
0.294099999999984,0.496057350655338,-0.31871199488991,1.98422940262138
0.294199999999984,0.499013364215087,-0.21288964580081,1.99605345686035
0.294299999999984,0.484291580568092,-0.0936906573127494,1.93716632227225
0.294399999999984,0.452413526239467,0.0313952597444573,1.80965410495777
0.294499999999984,0.40450849719641,0.154508497168231,1.61803398878537
0.294599999999984,0.342273552975454,0.267913397472372,1.36909421190149
0.294699999999984,0.267913397502351,0.364484313696825,1.07165359000902
0.294799999999984,0.184062276356527,0.438153340012166,0.736249105425475
0.294899999999984,0.0936906573078331,0.484291580559262,0.374762629230663
0.294999999999984,1.52786251588176E-11,0.5,6.04323796089407E-11
0.295099999999984,-0.093690657277873,0.484291580569366,-0.374762629112162
0.295199999999984,-0.184062276328116,0.43815334003174,-0.736249105313097
0.295299999999984,-0.267913397476598,0.364484313724638,-1.07165358990716
0.295399999999984,-0.342273552953179,0.267913397506677,-1.36909421181338
0.295499999999984,-0.404508497178482,0.154508497206872,-1.61803398871446
0.295599999999984,-0.45241352622648,0.0313952597850065,-1.80965410490631
0.295699999999984,-0.484291580560507,-0.0936906572727839,-1.9371663222422
0.295799999999984,-0.499013364213172,-0.212889645764047,-1.99605345685276
0.295899999999984,-0.496057350659161,-0.318711994858605,-1.98422940263653
0.295999999999984,-0.475528258152327,-0.404508497175437,-1.90211303260896
0.296099999999984,-0.438153340029329,-0.46488824293659,-1.75261336011688
0.296199999999984,-0.385256621397706,-0.496057350654674,-1.5410264855901
0.296299999999984,-0.31871199488619,-0.49605735065981,-1.27484797954388
0.296399999999984,-0.240876837064362,-0.464888242951676,-0.963507348256252
0.296499999999984,-0.154508497202112,-0.404508497199525,-0.618033988807366
0.296599999999984,-0.0626666167974598,-0.318711994890182,-0.250666467188486
0.296699999999984,0.0313952597492768,-0.212889645801128,0.125581038998242
0.296799999999984,0.124344943567465,-0.0936906573130392,0.4973797742714
0.296899999999984,0.212889645768576,0.0313952597441062,0.851558583075537
0.296999999999984,0.293892626133723,0.154508497167896,1.17557050453618
0.297099999999984,0.364484313700131,0.267913397472075,1.45793725480146
0.297199999999984,0.42216396274271,0.364484313696584,1.68865585097157
0.297299999999984,0.464888242938432,0.438153340011997,1.85955297175431
0.297399999999984,0.491143625361439,0.484291580559174,1.96457450144605
0.297499999999984,0.5,0.5,2
0.297599999999984,0.491143625367253,0.484291580569454,1.96457450146871
0.297699999999984,0.464888242949854,0.438153340031909,1.85955297179875
0.297799999999983,0.422163962759336,0.364484313724879,1.68865585103832
0.297899999999983,0.364484313721371,0.267913397506974,1.45793725488673
0.297999999999983,0.293892626158826,0.154508497207206,1.17557050463677
0.298099999999983,0.212889645796651,0.0313952597853576,0.851558583188249
0.298199999999983,0.124344943597518,-0.0936906572724942,0.497379774391834
0.298299999999983,0.0313952597802437,-0.212889645763729,0.125581039122563
0.298399999999983,-0.0626666167666763,-0.318711994858334,-0.2506664670649
0.298499999999983,-0.154508497172602,-0.404508497175264,-0.618033988688896
0.298599999999983,-0.240876837037172,-0.46488824293646,-0.963507348147093
0.298699999999983,-0.318711994862282,-0.49605735065463,-1.2748479794479
0.298799999999983,-0.385256621377927,-0.496057350659854,-1.5410264855107
0.298899999999983,-0.438153340014381,-0.464888242951805,-1.75261336005687
0.298999999999983,-0.475528258142739,-0.404508497199732,-1.90211303257046
0.299099999999983,-0.496057350655272,-0.318711994890453,-1.98422940262092
0.299199999999983,-0.49901336421512,-0.212889645801446,-1.99605345686058
0.299299999999983,-0.484291580568223,-0.0936906573133848,-1.93716632227317
0.299399999999983,-0.452413526239692,0.031395259743755,-1.80965410495935
0.299499999999983,-0.40450849719672,0.154508497167562,-1.61803398878755
0.299599999999983,-0.342273552975798,0.267913397471826,-1.36909421190419
0.299699999999983,-0.267913397502796,0.364484313696343,-1.07165359001214
0.299799999999983,-0.184062276356965,0.438153340011827,-0.736249105428917
0.299899999999983,-0.0936906573083516,0.484291580559101,-0.374762629234523
0.299999999999983,-1.57495434182785E-11,0.5,-6.41350420503303E-11
0.300099999999983,0.0936906572773546,0.484291580569541,0.374762629108302
0.300199999999983,0.184062276327678,0.438153340032079,0.736249105309655
0.300299999999983,0.267913397476153,0.36448431372512,1.07165358990384
0.300399999999983,0.342273552952836,0.267913397507271,1.36909421181068
0.300499999999983,0.404508497178172,0.154508497207541,1.61803398871215
0.300599999999983,0.452413526226256,0.0313952597857087,1.80965410490473
0.300699999999983,0.484291580560375,-0.0936906572721485,1.93716632224128
0.300799999999983,0.499013364213139,-0.21288964576341,1.99605345685253
0.300899999999983,0.496057350659227,-0.318711994858063,1.98422940263699
0.300999999999983,0.47552825815249,-0.404508497175057,1.9021130326101
0.301099999999983,0.438153340029583,-0.464888242936331,1.75261336011866
0.301199999999983,0.385256621398042,-0.496057350654586,1.54102648559246
0.301299999999983,0.318711994886596,-0.496057350659891,1.27484797954674
0.301399999999983,0.240876837064824,-0.464888242951935,0.963507348259497
0.301499999999983,0.154508497202614,-0.404508497199939,0.618033988810888
0.301599999999983,0.0626666167979834,-0.318711994890724,0.250666467192385
0.301699999999983,-0.0313952597487501,-0.212889645801765,-0.125581038994546
0.301799999999983,-0.124344943566953,-0.0936906573137304,-0.497379774267593
0.301899999999983,-0.212889645768098,0.0313952597434039,-0.851558583072186
0.301999999999983,-0.293892626133296,0.154508497167227,-1.175570504533
0.302099999999983,-0.36448431369977,0.267913397471529,-1.45793725479892
0.302199999999983,-0.422163962742427,0.364484313696103,-1.68865585096959
0.302299999999983,-0.464888242938238,0.438153340011658,-1.85955297175295
0.302399999999983,-0.49114362536134,0.484291580559014,-1.96457450144536
0.302499999999983,-0.5,0.5,-2
0.302599999999983,-0.491143625367352,0.484291580569628,-1.96457450146941
0.302699999999983,-0.464888242950028,0.438153340032221,-1.85955297180011
0.302799999999983,-0.422163962759618,0.36448431372536,-1.68865585103835
0.302899999999983,-0.364484313721693,0.267913397507568,-1.45793725488662
0.302999999999983,-0.293892626159253,0.154508497207876,-1.17557050463683
0.303099999999983,-0.212889645797077,0.0313952597860599,-0.851558583188307
0.303199999999983,-0.124344943598029,-0.0936906572718029,-0.497379774391896
0.303299999999983,-0.0313952597807137,-0.212889645763092,-0.125581039122628
0.303399999999983,0.0626666167661527,-0.318711994857792,0.250666467065062
0.303499999999983,0.1545084971721,-0.40450849717485,0.618033988688834
0.303599999999983,0.240876837036709,-0.464888242936201,0.963507348147236
0.303699999999983,0.318711994861875,-0.496057350654542,1.27484797944785
0.303799999999983,0.385256621377591,-0.496057350659935,1.54102648551065
0.303899999999983,0.438153340014126,-0.464888242952064,1.75261336005683
0.303999999999983,0.475528258142576,-0.404508497200146,1.90211303257051
0.304099999999983,0.496057350655206,-0.318711994890951,1.98422940262091
0.304199999999983,0.499013364215153,-0.212889645802083,1.99605345686057
0.304299999999983,0.484291580568354,-0.093690657314076,1.93716632227325
0.304399999999983,0.452413526239916,0.0313952597431095,1.80965410495928
0.304499999999983,0.40450849719703,0.154508497166893,1.61803398878759
0.304599999999983,0.342273552976182,0.267913397471232,1.36909421190423
0.304699999999983,0.267913397503242,0.364484313695862,1.0716535900122
0.304799999999983,0.184062276357456,0.438153340011488,0.736249105429189
0.304899999999983,0.09369065730887,0.484291580558926,0.374762629234363
0.304999999999983,1.62773050966003E-11,0.5,6.41997256846282E-11
0.305099999999983,-0.0936906572768362,0.484291580569716,-0.374762629108461
0.305199999999983,-0.184062276327187,0.43815334003239,-0.736249105309594
0.305299999999983,-0.267913397475707,0.364484313725601,-1.07165358990379
0.305399999999983,-0.342273552952451,0.267913397507865,-1.36909421181063
0.305499999999983,-0.404508497177862,0.154508497208156,-1.61803398871225
0.305599999999983,-0.452413526226055,0.031395259786411,-1.8096541049047
0.305699999999983,-0.484291580560244,-0.0936906572714573,-1.93716632224132
0.305799999999983,-0.499013364213109,-0.212889645762825,-1.99605345685251
0.305899999999983,-0.496057350659293,-0.318711994857521,-1.98422940263697
0.305999999999983,-0.475528258152636,-0.404508497174643,-1.90211303261012
0.306099999999983,-0.438153340029837,-0.464888242936071,-1.75261336011869
0.306199999999983,-0.385256621398342,-0.496057350654498,-1.5410264855925
0.306299999999983,-0.318711994887003,-0.496057350659979,-1.27484797954696
0.306399999999983,-0.240876837065287,-0.464888242952194,-0.963507348259554
0.306499999999983,-0.154508497203116,-0.404508497200352,-0.618033988810949
0.306599999999983,-0.062666616798507,-0.318711994891222,-0.250666467192223
0.306699999999983,0.0313952597482233,-0.212889645802401,0.125581038994482
0.306799999999982,0.124344943566442,-0.0936906573144216,0.497379774263787
0.306899999999982,0.21288964576762,0.0313952597427583,0.851558583068836
0.306999999999982,0.29389262613287,0.154508497166558,1.17557050453001
0.307099999999982,0.364484313699408,0.267913397470935,1.45793725479639
0.307199999999982,0.422163962742144,0.36448431369566,1.6886558509676
0.307299999999982,0.464888242938043,0.438153340011319,1.8595529717515
0.307399999999982,0.491143625361241,0.484291580558839,1.96457450144467
0.307499999999982,0.5,0.5,2
0.307599999999982,0.491143625367451,0.484291580569804,1.9645745014701
0.307699999999982,0.464888242950222,0.43815334003256,1.85955297180156
0.307799999999982,0.422163962759901,0.364484313725842,1.68865585104046
0.307899999999982,0.364484313722055,0.267913397508162,1.45793725488931
0.307999999999982,0.29389262615968,0.154508497208491,1.17557050463982
0.308099999999982,0.212889645797554,0.0313952597867622,0.851558583191657
0.308199999999982,0.12434494359854,-0.0936906572711117,0.497379774395483
0.308299999999982,0.0313952597812404,-0.212889645762507,0.12558103912655
0.308399999999982,-0.0626666167656291,-0.31871199485725,-0.250666467061388
0.308499999999982,-0.154508497171653,-0.404508497174436,-0.618033988685313
0.308599999999982,-0.240876837036247,-0.464888242935963,-0.963507348143991
0.308699999999982,-0.318711994861513,-0.496057350654453,-1.274847979445
0.308799999999982,-0.385256621377255,-0.496057350660024,-1.54102648550829
0.308899999999982,-0.4381533400139,-0.464888242952323,-1.75261336005505
0.308999999999982,-0.475528258142413,-0.404508497200559,-1.9021130325693
0.309099999999982,-0.496057350655147,-0.318711994891493,-1.98422940262045
0.309199999999982,-0.499013364215186,-0.21288964580272,-1.99605345686082
0.309299999999982,-0.484291580568485,-0.0936906573147672,-1.93716632227417
0.309399999999982,-0.452413526240141,0.0313952597424072,-1.80965410496095
0.309499999999982,-0.404508497197341,0.154508497166223,-1.61803398878976
0.309599999999982,-0.342273552976567,0.267913397470638,-1.36909421190693
0.309699999999982,-0.267913397503687,0.364484313695419,-1.07165359001533
0.309799999999982,-0.184062276357946,0.438153340011149,-0.736249105432631
0.309899999999982,-0.0936906573093884,0.484291580558751,-0.374762629238
0.309999999999982,-1.6805066774922E-11,0.5,-6.79023881260179E-11
0.310099999999982,0.0936906572763177,0.484291580569891,0.374762629104824
0.310199999999982,0.184062276326697,0.438153340032729,0.736249105306152
0.310299999999982,0.267913397475261,0.364484313726044,1.07165358990066
0.310399999999982,0.342273552952066,0.267913397508459,1.36909421180793
0.310499999999982,0.404508497177552,0.154508497208825,1.61803398870994
0.310599999999982,0.45241352622583,0.0313952597871133,1.80965410490313
0.310699999999982,0.484291580560113,-0.0936906572707661,1.93716632224034
0.310799999999982,0.499013364213076,-0.212889645762188,1.99605345685227
0.310899999999982,0.496057350659359,-0.318711994856978,1.98422940263747
0.310999999999982,0.475528258152799,-0.40450849717423,1.90211303261127
0.311099999999982,0.438153340030091,-0.464888242935833,1.75261336012047
0.311199999999982,0.385256621398679,-0.496057350654409,1.54102648559486
0.311299999999982,0.31871199488741,-0.496057350660068,1.27484797954981
0.311399999999982,0.2408768370657,-0.464888242952432,0.963507348262798
0.311499999999982,0.154508497203618,-0.404508497200766,0.618033988814471
0.311599999999982,0.0626666167989742,-0.318711994891764,0.250666467195897
0.311699999999982,-0.0313952597476966,-0.212889645802987,-0.125581038990786
0.311799999999982,-0.124344943565986,-0.0936906573151128,-0.497379774263944
0.311899999999982,-0.212889645767143,0.031395259742056,-0.851558583068778
0.311999999999982,-0.293892626132489,0.154508497165889,-1.17557050452995
0.312099999999982,-0.364484313699047,0.267913397470341,-1.45793725479634
0.312199999999982,-0.422163962741892,0.364484313695178,-1.68865585096757
0.312299999999982,-0.464888242937849,0.43815334001098,-1.85955297175148
0.312399999999982,-0.491143625361142,0.484291580558664,-1.96457450144465
0.312499999999982,-0.5,0.5,-2
0.312599999999982,-0.49114362536755,0.484291580569979,-1.96457450147011
0.312699999999982,-0.464888242950416,0.438153340032899,-1.8595529718015
0.312799999999982,-0.422163962760184,0.364484313726285,-1.68865585104049
0.312899999999982,-0.364484313722416,0.267913397508756,-1.4579372548892
0.312999999999982,-0.293892626160107,0.15450849720916,-1.17557050463988
0.313099999999982,-0.212889645798032,0.0313952597874077,-0.85155858319151
0.313199999999982,-0.124344943599051,-0.0936906572704205,-0.497379774395545
0.313299999999982,-0.0313952597817671,-0.21288964576187,-0.125581039126388
0.313399999999982,0.0626666167651055,-0.318711994856707,0.250666467061324
0.313499999999982,0.154508497171151,-0.404508497174023,0.618033988685251
0.313599999999982,0.240876837035784,-0.464888242935704,0.963507348143934
0.313699999999982,0.318711994861106,-0.496057350654365,1.27484797944495
0.313799999999982,0.385256621376918,-0.496057350660112,1.54102648550825
0.313899999999982,0.438153340013645,-0.464888242952561,1.75261336005502
0.313999999999982,0.47552825814225,-0.404508497200973,1.90211303256935
0.314099999999982,0.496057350655081,-0.318711994892035,1.98422940262044
0.314199999999982,0.499013364215219,-0.212889645803305,1.99605345686081
0.314299999999982,0.484291580568603,-0.0936906573154585,1.93716632227418
0.314399999999982,0.452413526240366,0.0313952597417049,1.80965410496088
0.314499999999982,0.404508497197617,0.154508497165608,1.6180339887898
0.314599999999982,0.342273552976952,0.267913397470044,1.36909421190681
0.314699999999982,0.267913397504085,0.364484313694937,1.07165359001538
0.314799999999982,0.184062276358437,0.438153340010838,0.73624910543248
0.314899999999982,0.093690657309851,0.484291580558576,0.374762629238064
0.314999999999982,1.73328284532438E-11,0.5,6.79670717603158E-11
0.315099999999982,-0.0936906572758552,0.484291580570066,-0.374762629104761
0.315199999999982,-0.184062276326206,0.438153340033068,-0.736249105306092
0.315299999999982,-0.267913397474816,0.364484313726526,-1.07165358990061
0.315399999999982,-0.342273552951682,0.267913397509054,-1.36909421180772
0.315499999999982,-0.404508497177241,0.154508497209495,-1.61803398871003
0.315599999999982,-0.452413526225606,0.0313952597877589,-1.8096541049031
0.315699999999982,-0.484291580559982,-0.0936906572700749,-1.93716632224038
0.315799999999982,-0.499013364213043,-0.212889645761552,-1.99605345685227
0.315899999999981,-0.496057350659425,-0.31871199485648,-1.98422940263796
0.315999999999981,-0.475528258152962,-0.404508497173816,-1.90211303261241
0.316099999999981,-0.438153340030346,-0.464888242935574,-1.75261336012226
0.316199999999981,-0.385256621399015,-0.496057350654328,-1.54102648559722
0.316299999999981,-0.318711994887816,-0.496057350660156,-1.27484797955267
0.316399999999981,-0.240876837066162,-0.464888242952691,-0.963507348266242
0.316499999999981,-0.15450849720412,-0.40450849720118,-0.618033988817992
0.316599999999981,-0.0626666167994978,-0.318711994892307,-0.250666467199796
0.316699999999981,0.0313952597471699,-0.212889645803623,0.125581038987091
0.316799999999981,0.124344943565475,-0.093690657315804,0.497379774260138
0.316899999999981,0.212889645766665,0.0313952597413537,0.851558583065222
0.316999999999981,0.293892626132062,0.154508497165274,1.17557050452696
0.317099999999981,0.364484313698686,0.267913397469747,1.45793725479381
0.317199999999981,0.422163962741609,0.364484313694696,1.68865585096558
0.317299999999981,0.464888242937655,0.438153340010668,1.85955297175012
0.317399999999981,0.491143625361054,0.484291580558489,1.96457450144392
0.317499999999981,0.5,0.5,2
0.317599999999981,0.491143625367638,0.484291580570139,1.96457450147081
0.317699999999981,0.46488824295061,0.438153340033238,1.85955297180286
0.317799999999981,0.422163962760436,0.364484313726767,1.68865585104248
0.317899999999981,0.364484313722777,0.267913397509351,1.45793725489189
0.317999999999981,0.293892626160488,0.154508497209829,1.17557050464287
0.318099999999981,0.212889645798509,0.03139525978811,0.851558583195066
0.318199999999981,0.124344943599563,-0.0936906572697293,0.497379774399132
0.318299999999981,0.0313952597822939,-0.212889645761233,0.12558103913031
0.318399999999981,-0.0626666167645819,-0.318711994856209,-0.250666467057425
0.318499999999981,-0.154508497170649,-0.404508497173609,-0.61803398868173
0.318599999999981,-0.240876837035322,-0.464888242935445,-0.96350734814069
0.318699999999981,-0.318711994860699,-0.496057350654284,-1.2748479794421
0.318799999999981,-0.385256621376582,-0.4960573506602,-1.54102648550589
0.318899999999981,-0.438153340013391,-0.46488824295282,-1.75261336005313
0.318999999999981,-0.475528258142087,-0.404508497201353,-1.90211303256821
0.319099999999981,-0.496057350655015,-0.318711994892578,-1.98422940261997
0.319199999999981,-0.499013364215253,-0.212889645803942,-1.99605345686104
0.319299999999981,-0.484291580568734,-0.0936906573161497,-1.93716632227511
0.319399999999981,-0.45241352624059,0.0313952597410026,-1.80965410496256
0.319499999999981,-0.404508497197928,0.154508497164939,-1.61803398879198
0.319599999999981,-0.342273552977337,0.26791339746945,-1.36909421190968
0.319699999999981,-0.267913397504531,0.364484313694456,-1.07165359001851
0.319799999999981,-0.184062276358928,0.438153340010499,-0.736249105436134
0.319899999999981,-0.0936906573103694,0.484291580558401,-0.374762629241924
0.319999999999981,-1.78605901315655E-11,0.5,-7.16697342017054E-11
0.320099999999981,0.0936906572753368,0.484291580570227,0.374762629101124
0.320199999999981,0.184062276325715,0.438153340033407,0.736249105302649
0.320299999999981,0.267913397474418,0.364484313727008,1.07165358989748
0.320399999999981,0.342273552951297,0.2679133975096,1.36909421180502
0.320499999999981,0.404508497176965,0.154508497210164,1.61803398870786
0.320599999999981,0.452413526225381,0.0313952597884612,1.80965410490152
0.320699999999981,0.484291580559864,-0.0936906572694395,1.93716632223946
0.320799999999981,0.49901336421301,-0.212889645760915,1.99605345685204
0.320899999999981,0.496057350659484,-0.318711994855938,1.98422940263794
0.320999999999981,0.475528258153125,-0.404508497173402,1.90211303261243
0.321099999999981,0.4381533400306,-0.464888242935315,1.75261336012229
0.321199999999981,0.385256621399351,-0.49605735065424,1.54102648559726
0.321299999999981,0.318711994888223,-0.496057350660244,1.27484797955272
0.321399999999981,0.240876837066625,-0.46488824295295,0.963507348266299
0.321499999999981,0.154508497204622,-0.40450849720156,0.618033988818054
0.321599999999981,0.0626666168000214,-0.318711994892849,0.250666467199634
0.321699999999981,-0.0313952597466432,-0.21288964580426,-0.125581038987027
0.321799999999981,-0.124344943564964,-0.0936906573164394,-0.497379774260295
0.321899999999981,-0.212889645766188,0.0313952597406514,-0.851558583065163
0.321999999999981,-0.293892626131635,0.154508497164604,-1.17557050452709
0.322099999999981,-0.364484313698324,0.267913397469201,-1.45793725479377
0.322199999999981,-0.422163962741326,0.364484313694215,-1.68865585096567
0.322299999999981,-0.464888242937461,0.438153340010329,-1.85955297175009
0.322399999999981,-0.491143625360955,0.484291580558314,-1.96457450144395
0.322499999999981,-0.5,0.5,-2
0.322599999999981,-0.491143625367737,0.484291580570314,-1.96457450147082
0.322699999999981,-0.464888242950805,0.438153340033577,-1.85955297180288
0.322799999999981,-0.422163962760719,0.364484313727248,-1.68865585104251
0.322899999999981,-0.364484313723139,0.267913397509897,-1.45793725489193
0.322999999999981,-0.293892626160915,0.154508497210499,-1.17557050464292
0.323099999999981,-0.212889645798987,0.0313952597888123,-0.851558583194919
0.323199999999981,-0.124344943600019,-0.0936906572690939,-0.497379774399194
0.323299999999981,-0.0313952597828206,-0.212889645760597,-0.125581039130148
0.323399999999981,0.0626666167641147,-0.318711994855667,0.250666467057361
0.323499999999981,0.154508497170147,-0.404508497173229,0.618033988681884
0.323599999999981,0.240876837034909,-0.464888242935186,0.963507348140633
0.323699999999981,0.318711994860293,-0.496057350654196,1.27484797944222
0.323799999999981,0.385256621376282,-0.496057350660288,1.54102648550585
0.323899999999981,0.438153340013137,-0.464888242953079,1.7526133600532
0.323999999999981,0.475528258141924,-0.404508497201767,1.90211303256819
0.324099999999981,0.496057350654948,-0.31871199489312,1.98422940261996
0.324199999999981,0.499013364215286,-0.212889645804578,1.99605345686104
0.324299999999981,0.484291580568865,-0.093690657316785,1.93716632227512
0.324399999999981,0.452413526240815,0.0313952597403003,1.80965410496258
0.324499999999981,0.404508497198238,0.15450849716427,1.61803398879202
0.324599999999981,0.342273552977721,0.267913397468904,1.36909421190956
0.324699999999981,0.267913397504976,0.364484313693974,1.07165359001856
0.324799999999981,0.184062276359419,0.43815334001016,0.736249105435983
0.324899999999981,0.0936906573108878,0.48429158055824,0.374762629241988
0.32499999999998,1.83883518098873E-11,0.5,7.5372396643095E-11
0.32509999999998,-0.0936906572748183,0.484291580570402,-0.374762629097487
0.32519999999998,-0.184062276325224,0.438153340033746,-0.736249105299206
0.32529999999998,-0.267913397473973,0.364484313727489,-1.07165358989416
0.32539999999998,-0.342273552950912,0.267913397510194,-1.36909421180232
0.32549999999998,-0.404508497176654,0.154508497210833,-1.61803398870555
0.32559999999998,-0.452413526225156,0.0313952597891635,-1.80965410489995
0.32569999999998,-0.484291580559733,-0.0936906572687483,-1.93716632223848
0.32579999999998,-0.499013364212976,-0.212889645760278,-1.99605345685181
0.32589999999998,-0.496057350659551,-0.318711994855396,-1.98422940263843
0.32599999999998,-0.475528258153288,-0.404508497173022,-1.90211303261364
0.32609999999998,-0.438153340030827,-0.464888242935056,-1.75261336012407
0.32619999999998,-0.385256621399688,-0.496057350654152,-1.54102648559962
0.32629999999998,-0.318711994888586,-0.496057350660325,-1.27484797955557
0.32639999999998,-0.240876837067087,-0.464888242953209,-0.963507348269543
0.32649999999998,-0.154508497205069,-0.404508497201973,-0.618033988821791
0.32659999999998,-0.062666616800545,-0.318711994893347,-0.250666467203308
0.32669999999998,0.0313952597461732,-0.212889645804897,0.125581038983331
0.32679999999998,0.124344943564453,-0.0936906573171306,0.497379774256489
0.32689999999998,0.212889645765762,0.0313952597399491,0.851558583061813
0.32699999999998,0.293892626131208,0.154508497163935,1.17557050452373
0.32709999999998,0.364484313697963,0.267913397468607,1.45793725479123
0.32719999999998,0.422163962741044,0.364484313693733,1.68865585096357
0.32729999999998,0.464888242937266,0.43815334000999,1.85955297174873
0.32739999999998,0.491143625360856,0.484291580558153,1.96457450144321
0.32749999999998,0.5,0.5,2
0.32759999999998,0.491143625367836,0.484291580570489,1.96457450147151
0.32769999999998,0.464888242950999,0.438153340033888,1.85955297180425
0.32779999999998,0.422163962761002,0.36448431372773,1.68865585104449
0.32789999999998,0.3644843137235,0.267913397510491,1.45793725489447
0.32799999999998,0.293892626161342,0.154508497211114,1.1755705046461
0.32809999999998,0.212889645799464,0.0313952597895146,0.851558583198269
0.32819999999998,0.12434494360053,-0.0936906572684027,0.497379774402781
0.32829999999998,0.0313952597833473,-0.21288964575996,0.125581039133843
0.32839999999998,-0.0626666167635911,-0.318711994855125,-0.250666467053688
0.32849999999998,-0.154508497169645,-0.404508497172815,-0.61803398867793
0.32859999999998,-0.240876837034447,-0.464888242934927,-0.963507348137388
0.32869999999998,-0.318711994859886,-0.496057350654108,-1.27484797943919
0.32879999999998,-0.385256621375945,-0.496057350660369,-1.54102648550349
0.32889999999998,-0.438153340012882,-0.464888242953339,-1.75261336005131
0.32899999999998,-0.475528258141778,-0.40450849720218,-1.90211303256697
0.32909999999998,-0.496057350654882,-0.318711994893618,-1.9842294026195
0.32919999999998,-0.499013364215315,-0.212889645805215,-1.99605345686128
0.32929999999998,-0.484291580568996,-0.0936906573174763,-1.93716632227604
0.32939999999998,-0.452413526241016,0.0313952597396547,-1.80965410496416
0.32949999999998,-0.404508497198548,0.1545084971636,-1.61803398879433
0.32959999999998,-0.342273552978065,0.267913397468309,-1.36909421191226
0.32969999999998,-0.267913397505422,0.364484313693492,-1.07165359002169
0.32979999999998,-0.184062276359856,0.438153340009821,-0.736249105439425
0.32989999999998,-0.0936906573114062,0.484291580558065,-0.374762629245625
0.32999999999998,-1.8916113488209E-11,0.5,-7.56644539528361E-11
0.33009999999998,0.0936906572742999,0.484291580570577,0.374762629097423
0.33019999999998,0.184062276324734,0.438153340034058,0.736249105299146
0.33029999999998,0.267913397473527,0.364484313727971,1.0716535898943
0.33039999999998,0.342273552950528,0.267913397510788,1.36909421180228
0.33049999999998,0.404508497176344,0.154508497211448,1.61803398870551
0.33059999999998,0.452413526224932,0.0313952597898658,1.80965410489992
0.33069999999998,0.484291580559602,-0.0936906572680571,1.93716632223852
0.33079999999998,0.499013364212943,-0.212889645759693,1.9960534568518
0.33089999999998,0.496057350659617,-0.318711994854853,1.98422940263841
0.33099999999998,0.475528258153451,-0.404508497172608,1.90211303261366
0.33109999999998,0.438153340031081,-0.464888242934797,1.752613360124
0.33119999999998,0.385256621400024,-0.496057350654064,1.54102648559966
0.33129999999998,0.318711994888992,-0.496057350660413,1.27484797955544
0.33139999999998,0.240876837067549,-0.464888242953468,0.9635073482696
0.33149999999998,0.154508497205571,-0.404508497202387,0.618033988821853
0.33159999999998,0.0626666168010686,-0.318711994893889,0.250666467203372
0.33169999999998,-0.0313952597456465,-0.212889645805533,-0.125581038983267
0.33179999999998,-0.124344943563941,-0.0936906573178219,-0.497379774256646
0.33189999999998,-0.212889645765284,0.0313952597393036,-0.851558583061754
0.33199999999998,-0.293892626130781,0.154508497163266,-1.17557050452386
0.33209999999998,-0.364484313697641,0.267913397468012,-1.45793725479119
0.33219999999998,-0.422163962740761,0.36448431369329,-1.68865585096365
0.33229999999998,-0.464888242937093,0.438153340009651,-1.85955297174871
0.33239999999998,-0.491143625360757,0.484291580557978,-1.96457450144324
0.33249999999998,-0.5,0.5,-2
0.33259999999998,-0.491143625367935,0.484291580570664,-1.96457450147148
0.33269999999998,-0.464888242951172,0.438153340034227,-1.85955297180427
0.33279999999998,-0.422163962761285,0.364484313728212,-1.68865585104441
0.33289999999998,-0.364484313723861,0.267913397511085,-1.45793725489451
0.33299999999998,-0.293892626161769,0.154508497211783,-1.17557050464615
0.33309999999998,-0.212889645799942,0.0313952597902169,-0.851558583198328
0.33319999999998,-0.124344943601041,-0.0936906572677114,-0.497379774402843
0.33329999999998,-0.031395259783874,-0.212889645759375,-0.125581039133908
0.33339999999998,0.0626666167630675,-0.318711994854582,0.250666467053623
0.33349999999998,0.154508497169143,-0.404508497172402,0.618033988678085
0.33359999999998,0.240876837033984,-0.464888242934689,0.963507348137332
0.33369999999998,0.318711994859479,-0.49605735065402,1.27484797943932
0.33379999999998,0.385256621375609,-0.496057350660457,1.54102648550345
0.33389999999998,0.438153340012628,-0.464888242953577,1.75261336005139
0.33399999999998,0.475528258141615,-0.404508497202594,1.90211303256695
0.334099999999979,0.496057350654816,-0.31871199489416,1.98422940261904
0.334199999999979,0.499013364215348,-0.212889645805852,1.99605345686152
0.334299999999979,0.484291580569128,-0.0936906573181675,1.93716632227696
0.334399999999979,0.45241352624124,0.0313952597389524,1.80965410496583
0.334499999999979,0.404508497198858,0.154508497162931,1.6180339887965
0.334599999999979,0.342273552978449,0.267913397467715,1.36909421191512
0.334699999999979,0.267913397505867,0.364484313693049,1.07165359002481
0.334799999999979,0.184062276360347,0.438153340009482,0.73624910544308
0.334899999999979,0.0936906573119246,0.48429158055789,0.374762629249262
0.334999999999979,1.938703174767E-11,0.5,7.93671163942257E-11
0.335099999999979,-0.0936906572737815,0.484291580570752,-0.374762629093786
0.335199999999979,-0.184062276324296,0.438153340034397,-0.736249105295704
0.335299999999979,-0.267913397473081,0.364484313728414,-1.07165358989117
0.335399999999979,-0.342273552950184,0.267913397511382,-1.36909421179958
0.335499999999979,-0.404508497176034,0.154508497212118,-1.61803398870333
0.335599999999979,-0.452413526224731,0.0313952597905681,-1.80965410489834
0.335699999999979,-0.484291580559471,-0.0936906572673658,-1.93716632223754
0.335799999999979,-0.49901336421291,-0.212889645759056,-1.99605345685157
0.335899999999979,-0.496057350659683,-0.318711994854311,-1.9842294026389
0.335999999999979,-0.475528258153614,-0.404508497172195,-1.90211303261481
0.336099999999979,-0.438153340031335,-0.464888242934559,-1.75261336012589
0.336199999999979,-0.385256621400361,-0.496057350653975,-1.54102648560202
0.336299999999979,-0.318711994889399,-0.496057350660502,-1.27484797955847
0.336399999999979,-0.240876837068012,-0.464888242953706,-0.963507348272845
0.336499999999979,-0.154508497206073,-0.404508497202801,-0.618033988825374
0.336599999999979,-0.0626666168015922,-0.318711994894432,-0.250666467207045
0.336699999999979,0.0313952597451197,-0.212889645806119,0.125581038979571
0.336799999999979,0.12434494356343,-0.0936906573185131,0.49737977425306
0.336899999999979,0.212889645764807,0.0313952597386013,0.851558583058404
0.336999999999979,0.293892626130354,0.154508497162597,1.17557050452086
0.337099999999979,0.36448431369728,0.267913397467418,1.45793725478865
0.337199999999979,0.422163962740478,0.364484313692809,1.68865585096155
0.337299999999979,0.464888242936899,0.438153340009312,1.85955297174734
0.337399999999979,0.491143625360659,0.484291580557803,1.96457450144251
0.337499999999979,0.5,0.5,2
0.337599999999979,0.491143625368034,0.484291580570839,1.96457450147226
0.337699999999979,0.464888242951367,0.438153340034566,1.85955297180563
0.337799999999979,0.422163962761567,0.364484313728654,1.68865585104651
0.337899999999979,0.364484313724184,0.267913397511679,1.45793725489705
0.337999999999979,0.293892626162196,0.154508497212452,1.17557050464915
0.338099999999979,0.212889645800368,0.0313952597908625,0.851558583201884
0.338199999999979,0.124344943601552,-0.0936906572670202,0.49737977440643
0.338299999999979,0.031395259784344,-0.212889645758738,0.125581039137603
0.338399999999979,-0.0626666167625439,-0.318711994854084,-0.25066646704995
0.338499999999979,-0.154508497168695,-0.404508497171988,-0.618033988674564
0.338599999999979,-0.240876837033522,-0.46488824293443,-0.963507348133888
0.338699999999979,-0.318711994859073,-0.496057350653931,-1.27484797943629
0.338799999999979,-0.385256621375272,-0.496057350660546,-1.54102648550109
0.338899999999979,-0.438153340012374,-0.464888242953836,-1.7526133600495
0.338999999999979,-0.475528258141452,-0.404508497203007,-1.90211303256581
0.339099999999979,-0.49605735065475,-0.318711994894703,-1.984229402619
0.339199999999979,-0.499013364215382,-0.212889645806437,-1.99605345686151
0.339299999999979,-0.484291580569259,-0.0936906573188587,-1.93716632227698
0.339399999999979,-0.452413526241465,0.0313952597382501,-1.80965410496576
0.339499999999979,-0.404508497199168,0.154508497162316,-1.61803398879654
0.339599999999979,-0.342273552978834,0.267913397467121,-1.36909421191517
0.339699999999979,-0.267913397506313,0.364484313692568,-1.07165359002487
0.339799999999979,-0.184062276360838,0.43815334000917,-0.736249105442928
0.339899999999979,-0.093690657312443,0.484291580557715,-0.374762629249325
0.339999999999979,-1.99147934259917E-11,0.5,-7.92044263530804E-11
0.340099999999979,0.0936906572732631,0.484291580570927,0.374762629093499
0.340199999999979,0.184062276323805,0.438153340034736,0.736249105295855
0.340299999999979,0.267913397472636,0.364484313728895,1.07165358989112
0.340399999999979,0.3422735529498,0.267913397511976,1.36909421179953
0.340499999999979,0.404508497175724,0.154508497212787,1.6180339887033
0.340599999999979,0.452413526224506,0.0313952597912136,1.80965410489822
0.340699999999979,0.484291580559339,-0.0936906572666746,1.93716632223758
0.340799999999979,0.499013364212881,-0.212889645758419,1.99605345685157
0.340899999999979,0.496057350659749,-0.318711994853813,1.98422940263888
0.340999999999979,0.47552825815376,-0.404508497171781,1.90211303261483
0.341099999999979,0.438153340031589,-0.4648882429343,1.75261336012592
0.341199999999979,0.385256621400661,-0.496057350653894,1.54102648560206
0.341299999999979,0.318711994889806,-0.49605735066059,1.27484797955835
0.341399999999979,0.240876837068425,-0.464888242953965,0.963507348272902
0.341499999999979,0.154508497206575,-0.404508497203214,0.61803398882522
0.341599999999979,0.0626666168020594,-0.318711994894974,0.250666467207335
0.341699999999979,-0.031395259744593,-0.212889645806755,-0.125581038979734
0.341799999999979,-0.124344943562919,-0.0936906573192043,-0.497379774252997
0.341899999999979,-0.212889645764329,0.031395259737899,-0.851558583058346
0.341999999999979,-0.293892626129927,0.154508497161981,-1.17557050452081
0.342099999999979,-0.364484313696918,0.267913397466824,-1.45793725478845
0.342199999999979,-0.422163962740195,0.364484313692327,-1.68865585096163
0.342299999999979,-0.464888242936704,0.438153340009001,-1.85955297174732
0.342399999999979,-0.49114362536056,0.484291580557628,-1.96457450144254
0.342499999999979,-0.5,0.5,-2
0.342599999999979,-0.491143625368133,0.484291580571,-1.96457450147223
0.342699999999979,-0.464888242951561,0.438153340034905,-1.85955297180566
0.342799999999979,-0.42216396276185,0.364484313729136,-1.68865585104643
0.342899999999979,-0.364484313724545,0.267913397512225,-1.45793725489709
0.342999999999979,-0.293892626162623,0.154508497213122,-1.17557050464902
0.343099999999978,-0.212889645800846,0.0313952597915648,-0.851558583205234
0.343199999999978,-0.124344943602064,-0.093690657266329,-0.497379774410016
0.343299999999978,-0.0313952597848707,-0.212889645758101,-0.125581039141525
0.343399999999978,0.0626666167620203,-0.318711994853542,0.250666467046276
0.343499999999978,0.154508497168193,-0.404508497171574,0.618033988670826
0.343599999999978,0.240876837033059,-0.464888242934171,0.963507348130643
0.343699999999978,0.31871199485871,-0.49605735065385,1.27484797943344
0.343799999999978,0.385256621374936,-0.496057350660634,1.54102648549873
0.343899999999978,0.438153340012147,-0.464888242954095,1.75261336004771
0.343999999999978,0.475528258141289,-0.404508497203388,1.90211303256466
0.344099999999978,0.496057350654691,-0.318711994895245,1.98422940261854
0.344199999999978,0.499013364215415,-0.212889645807074,1.99605345686174
0.344299999999978,0.484291580569376,-0.0936906573194941,1.9371663222779
0.344399999999978,0.45241352624169,0.0313952597375478,1.80965410496734
0.344499999999978,0.404508497199445,0.154508497161647,1.61803398879872
0.344599999999978,0.342273552979219,0.267913397466527,1.36909421191787
0.344699999999978,0.267913397506759,0.364484313692086,1.07165359002799
0.344799999999978,0.184062276361328,0.438153340008831,0.736249105446582
0.344899999999978,0.0936906573129614,0.48429158055754,0.374762629252962
0.344999999999978,2.04425551043135E-11,0.5,8.31344624699132E-11
0.345099999999978,-0.0936906572727447,0.484291580571088,-0.374762629089862
0.345199999999978,-0.184062276323314,0.438153340035075,-0.736249105292201
0.345299999999978,-0.26791339747219,0.364484313729377,-1.07165358988799
0.345399999999978,-0.342273552949415,0.267913397512522,-1.36909421179683
0.345499999999978,-0.404508497175413,0.154508497213456,-1.61803398870112
0.345599999999978,-0.452413526224282,0.0313952597919159,-1.80965410489664
0.345699999999978,-0.484291580559208,-0.0936906572660392,-1.93716632223666
0.345799999999978,-0.499013364212847,-0.212889645757783,-1.99605345685133
0.345899999999978,-0.496057350659815,-0.318711994853271,-1.98422940263935
0.345999999999978,-0.475528258153923,-0.404508497171368,-1.90211303261597
0.346099999999978,-0.438153340031844,-0.464888242934041,-1.7526133601277
0.346199999999978,-0.385256621400997,-0.496057350653806,-1.54102648560442
0.346299999999978,-0.318711994890212,-0.496057350660678,-1.27484797956138
0.346399999999978,-0.240876837068887,-0.464888242954224,-0.963507348276146
0.346499999999978,-0.154508497207077,-0.404508497203594,-0.618033988828957
0.346599999999978,-0.062666616802583,-0.318711994895516,-0.250666467211009
0.346699999999978,0.0313952597440663,-0.212889645807392,0.125581038975811
0.346799999999978,0.124344943562463,-0.0936906573198397,0.497379774249411
0.346899999999978,0.212889645763852,0.0313952597371967,0.851558583054995
0.346999999999978,0.293892626129546,0.154508497161312,1.17557050451782
0.347099999999978,0.364484313696557,0.267913397466278,1.45793725478592
0.347199999999978,0.422163962739943,0.364484313691845,1.68865585095965
0.347299999999978,0.46488824293651,0.438153340008662,1.85955297174596
0.347399999999978,0.491143625360471,0.484291580557453,1.96457450144184
0.347499999999978,0.5,0.5,2
0.347599999999978,0.491143625368231,0.484291580571175,1.96457450147293
0.347699999999978,0.464888242951755,0.438153340035244,1.85955297180702
0.347799999999978,0.422163962762133,0.364484313729618,1.68865585104853
0.347899999999978,0.364484313724906,0.267913397512819,1.45793725489962
0.347999999999978,0.293892626163049,0.154508497213791,1.1755705046522
0.348099999999978,0.212889645801323,0.0313952597922671,0.851558583205293
0.348199999999978,0.124344943602575,-0.0936906572656936,0.497379774410079
0.348299999999978,0.0313952597853975,-0.212889645757464,0.125581039141363
0.348399999999978,-0.0626666167614967,-0.318711994853,-0.250666467046212
0.348499999999978,-0.154508497167691,-0.404508497171194,-0.618033988670981
0.348599999999978,-0.240876837032597,-0.464888242933911,-0.963507348130586
0.348699999999978,-0.318711994858303,-0.496057350653762,-1.27484797943356
0.348799999999978,-0.3852566213746,-0.496057350660715,-1.54102648549869
0.348899999999978,-0.438153340011893,-0.464888242954354,-1.75261336004779
0.348999999999978,-0.475528258141126,-0.404508497203801,-1.90211303256464
0.349099999999978,-0.496057350654625,-0.318711994895787,-1.98422940261856
0.349199999999978,-0.499013364215448,-0.21288964580771,-1.99605345686176
0.349299999999978,-0.484291580569507,-0.0936906573201853,-1.93716632227792
0.349399999999978,-0.452413526241914,0.0313952597368455,-1.80965410496737
0.349499999999978,-0.404508497199755,0.154508497160978,-1.61803398879875
0.349599999999978,-0.342273552979604,0.267913397465981,-1.36909421191792
0.349699999999978,-0.267913397507156,0.364484313691604,-1.07165359002824
0.349799999999978,-0.184062276361819,0.438153340008492,-0.736249105446431
0.349899999999978,-0.093690657313424,0.484291580557379,-0.374762629253026
0.349999999999978,-2.09703167826352E-11,0.5,-8.29717724287679E-11
0.350099999999978,0.0936906572722821,0.484291580571263,0.374762629089798
0.350199999999978,0.184062276322824,0.438153340035387,0.736249105292141
0.350299999999978,0.267913397471793,0.364484313729859,1.07165358988794
0.350399999999978,0.34227355294903,0.267913397513116,1.36909421179695
0.350499999999978,0.404508497175103,0.154508497214125,1.61803398870108
0.350599999999978,0.452413526224057,0.0313952597926182,1.80965410489671
0.350699999999978,0.484291580559077,-0.093690657265348,1.93716632223659
0.350799999999978,0.499013364212814,-0.212889645757146,1.99605345685133
0.350899999999978,0.496057350659881,-0.318711994852728,1.98422940263935
0.350999999999978,0.475528258154086,-0.404508497170987,1.90211303261599
0.351099999999978,0.438153340032098,-0.464888242933782,1.75261336012773
0.351199999999978,0.385256621401334,-0.496057350653718,1.54102648560461
0.351299999999978,0.318711994890619,-0.496057350660759,1.27484797956125
0.351399999999978,0.24087683706935,-0.464888242954483,0.963507348276203
0.351499999999978,0.154508497207579,-0.404508497204008,0.618033988828803
0.351599999999978,0.0626666168031066,-0.318711994896014,0.250666467211073
0.351699999999978,-0.0313952597435396,-0.212889645808029,-0.125581038975747
0.351799999999978,-0.124344943561952,-0.0936906573205309,-0.497379774249348
0.351899999999978,-0.212889645763374,0.0313952597364944,-0.851558583055143
0.351999999999978,-0.293892626129119,0.154508497160643,-1.17557050451776
0.352099999999978,-0.364484313696196,0.267913397465684,-1.45793725478603
0.352199999999977,-0.42216396273966,0.364484313691363,-1.68865585095742
0.352299999999977,-0.464888242936316,0.438153340008323,-1.85955297174459
0.352399999999977,-0.491143625360373,0.484291580557292,-1.96457450144111
0.352499999999977,-0.5,0.5,-2
0.352599999999977,-0.49114362536832,0.48429158057135,-1.96457450147366
0.352699999999977,-0.464888242951949,0.438153340035556,-1.85955297180847
0.352799999999977,-0.422163962762385,0.3644843137301,-1.68865585105052
0.352899999999977,-0.364484313725267,0.267913397513414,-1.45793725490216
0.352999999999977,-0.29389262616343,0.154508497214406,-1.17557050465519
0.353099999999977,-0.212889645801801,0.0313952597929694,-0.851558583208643
0.353199999999977,-0.124344943603031,-0.0936906572650024,-0.497379774413885
0.353299999999977,-0.0313952597859242,-0.212889645756828,-0.125581039145058
0.353399999999977,0.0626666167609731,-0.318711994852457,0.250666467042539
0.353499999999977,0.154508497167189,-0.404508497170781,0.618033988667459
0.353599999999977,0.240876837032134,-0.464888242933652,0.963507348127342
0.353699999999977,0.318711994857897,-0.496057350653674,1.27484797943054
0.353799999999977,0.385256621374263,-0.496057350660803,1.54102648549633
0.353899999999977,0.438153340011639,-0.464888242954613,1.7526133600459
0.353999999999977,0.475528258140963,-0.404508497204215,1.9021130325635
0.354099999999977,0.496057350654559,-0.318711994896285,1.98422940261806
0.354199999999977,0.499013364215481,-0.212889645808347,1.996053456862
0.354299999999977,0.484291580569638,-0.0936906573208765,1.93716632227884
0.354399999999977,0.452413526242139,0.0313952597362,1.80965410496894
0.354499999999977,0.404508497200066,0.154508497160308,1.61803398880093
0.354599999999977,0.342273552979988,0.267913397465387,1.36909421192062
0.354699999999977,0.267913397507602,0.364484313691162,1.07165359003137
0.354799999999977,0.18406227636231,0.438153340008153,0.736249105449874
0.354899999999977,0.0936906573139424,0.484291580557204,0.374762629256663
0.354999999999977,2.14980784609569E-11,0.5,8.66744348701575E-11
0.355099999999977,-0.0936906572717637,0.484291580571438,-0.374762629086161
0.355199999999977,-0.184062276322333,0.438153340035726,-0.736249105288698
0.355299999999977,-0.267913397471347,0.36448431373034,-1.07165358988481
0.355399999999977,-0.342273552948645,0.267913397513711,-1.36909421179408
0.355499999999977,-0.404508497174827,0.154508497214741,-1.61803398869891
0.355599999999977,-0.452413526223832,0.0313952597933205,-1.80965410489504
0.355699999999977,-0.48429158055896,-0.0936906572646568,-1.93716632223567
0.355799999999977,-0.499013364212781,-0.212889645756561,-1.9960534568511
0.355899999999977,-0.49605735065994,-0.318711994852186,-1.98422940263982
0.355999999999977,-0.475528258154249,-0.404508497170574,-1.90211303261714
0.356099999999977,-0.438153340032325,-0.464888242933544,-1.75261336012952
0.356199999999977,-0.38525662140167,-0.49605735065363,-1.54102648560697
0.356299999999977,-0.318711994890982,-0.496057350660847,-1.2748479795641
0.356399999999977,-0.240876837069812,-0.464888242954742,-0.963507348279448
0.356499999999977,-0.154508497208081,-0.404508497204422,-0.618033988832324
0.356599999999977,-0.0626666168036302,-0.318711994896557,-0.250666467214746
0.356699999999977,0.0313952597430129,-0.212889645808666,0.125581038972051
0.356799999999977,0.124344943561441,-0.0936906573212221,0.497379774245762
0.356899999999977,0.212889645762897,0.0313952597358488,0.851558583051587
0.356999999999977,0.293892626128692,0.154508497159974,1.17557050451477
0.357099999999977,0.364484313695834,0.26791339746509,1.45793725478334
0.357199999999977,0.422163962739377,0.364484313690921,1.68865585095751
0.357299999999977,0.464888242936121,0.438153340007984,1.85955297174457
0.357399999999977,0.491143625360274,0.484291580557117,1.96457450144114
0.357499999999977,0.5,0.5,2
0.357599999999977,0.491143625368419,0.484291580571525,1.96457450147363
0.357699999999977,0.464888242952144,0.438153340035895,1.85955297180849
0.357799999999977,0.422163962762668,0.364484313730581,1.68865585105043
0.357899999999977,0.364484313725629,0.267913397514008,1.4579372549022
0.357999999999977,0.293892626163857,0.154508497215075,1.17557050465506
0.358099999999977,0.212889645802278,0.0313952597936717,0.851558583208702
0.358199999999977,0.124344943603542,-0.0936906572643112,0.497379774413728
0.358299999999977,0.0313952597864509,-0.212889645756242,0.125581039145123
0.358399999999977,-0.0626666167605059,-0.318711994851915,-0.250666467042475
0.358499999999977,-0.154508497166687,-0.404508497170367,-0.618033988667398
0.358599999999977,-0.240876837031722,-0.464888242933414,-0.963507348127285
0.358699999999977,-0.31871199485749,-0.496057350653586,-1.27484797943049
0.358799999999977,-0.385256621373963,-0.496057350660891,-1.54102648549629
0.358899999999977,-0.438153340011384,-0.464888242954851,-1.75261336004598
0.358999999999977,-0.475528258140817,-0.404508497204628,-1.90211303256348
0.359099999999977,-0.496057350654493,-0.318711994896828,-1.98422940261808
0.359199999999977,-0.499013364215511,-0.212889645808984,-1.996053456862
0.359299999999977,-0.48429158056977,-0.0936906573215677,-1.9371663222788
0.359399999999977,-0.452413526242364,0.0313952597354977,-1.80965410496897
0.359499999999977,-0.404508497200376,0.154508497159639,-1.61803398880083
0.359599999999977,-0.342273552980373,0.267913397464793,-1.36909421192066
0.359699999999977,-0.267913397508047,0.36448431369068,-1.07165359003123
0.359799999999977,-0.184062276362801,0.438153340007814,-0.736249105449934
0.359899999999977,-0.0936906573144608,0.484291580557029,-0.374762629256727
0.359999999999977,-2.20258401392787E-11,0.5,-8.67391185044554E-11
0.360099999999977,0.0936906572712453,0.484291580571613,0.374762629086098
0.360199999999977,0.184062276321842,0.438153340036065,0.736249105288638
0.360299999999977,0.267913397470901,0.364484313730783,1.07165358988476
0.360399999999977,0.342273552948261,0.267913397514305,1.3690942117942
0.360499999999977,0.404508497174516,0.15450849721541,1.61803398869887
0.360599999999977,0.452413526223608,0.0313952597939661,1.80965410489511
0.360699999999977,0.484291580558829,-0.0936906572639656,1.93716632223565
0.360799999999977,0.499013364212748,-0.212889645755924,1.99605345685109
0.360899999999977,0.496057350660007,-0.318711994851644,1.98422940263983
0.360999999999977,0.475528258154412,-0.40450849717016,1.90211303261709
0.361099999999977,0.438153340032579,-0.464888242933285,1.75261336012955
0.361199999999977,0.385256621402006,-0.496057350653542,1.54102648560687
0.361299999999976,0.318711994891388,-0.496057350660935,1.27484797956731
0.361399999999976,0.240876837070275,-0.464888242954981,0.963507348282692
0.361499999999976,0.154508497208529,-0.404508497204835,0.618033988836062
0.361599999999976,0.0626666168041538,-0.318711994897099,0.25066646721842
0.361699999999976,-0.0313952597425429,-0.212889645809251,-0.125581038968129
0.361799999999976,-0.124344943560929,-0.0936906573219133,-0.497379774241955
0.361899999999976,-0.212889645762471,0.0313952597351465,-0.851558583048236
0.361999999999976,-0.293892626128265,0.154508497159358,-1.17557050451177
0.362099999999976,-0.364484313695512,0.267913397464496,-1.4579372547808
0.362199999999976,-0.422163962739094,0.364484313690439,-1.68865585095553
0.362299999999976,-0.464888242935927,0.438153340007645,-1.85955297174312
0.362399999999976,-0.491143625360175,0.484291580556942,-1.96457450144044
0.362499999999976,-0.5,0.5,-2
0.362599999999976,-0.491143625368517,0.4842915805717,-1.96457450147437
0.362699999999976,-0.464888242952338,0.438153340036234,-1.85955297180985
0.362799999999976,-0.422163962762951,0.364484313731024,-1.68865585105266
0.362899999999976,-0.36448431372599,0.267913397514602,-1.45793725490474
0.362999999999976,-0.293892626164284,0.154508497215744,-1.17557050465824
0.363099999999976,-0.212889645802756,0.0313952597943172,-0.851558583212052
0.363199999999976,-0.124344943604053,-0.09369065726362,-0.497379774417534
0.363299999999976,-0.0313952597869776,-0.212889645755606,-0.125581039149045
0.363399999999976,0.0626666167599823,-0.318711994851417,0.250666467038801
0.363499999999976,0.154508497166185,-0.404508497169953,0.618033988663876
0.363599999999976,0.240876837031259,-0.464888242933155,0.96350734812404
0.363699999999976,0.318711994857083,-0.496057350653498,1.27484797942763
0.363799999999976,0.385256621373627,-0.49605735066098,1.54102648549378
0.363899999999976,0.43815334001113,-0.46488824295511,1.75261336004419
0.363999999999976,0.475528258140654,-0.404508497205042,1.90211303256234
0.364099999999976,0.496057350654426,-0.31871199489737,1.98422940261759
0.364199999999976,0.499013364215544,-0.212889645809569,1.99605345686223
0.364299999999976,0.484291580569901,-0.093690657322259,1.93716632227983
0.364399999999976,0.452413526242564,0.0313952597347954,1.80965410497055
0.364499999999976,0.404508497200686,0.154508497159024,1.61803398880315
0.364599999999976,0.342273552980716,0.267913397464198,1.36909421192336
0.364699999999976,0.267913397508493,0.364484313690198,1.07165359003455
0.364799999999976,0.184062276363238,0.438153340007503,0.736249105453588
0.364899999999976,0.0936906573149793,0.484291580556854,0.374762629260364
0.364999999999976,2.24967583987396E-11,0.5,9.0441780945845E-11
0.365099999999976,-0.0936906572707269,0.484291580571788,-0.374762629082461
0.365199999999976,-0.184062276321352,0.438153340036404,-0.736249105285195
0.365299999999976,-0.267913397470456,0.364484313731265,-1.07165358988144
0.365399999999976,-0.342273552947876,0.267913397514899,-1.3690942117915
0.365499999999976,-0.404508497174206,0.154508497216079,-1.61803398869669
0.365599999999976,-0.452413526223383,0.0313952597946684,-1.80965410489353
0.365699999999976,-0.484291580558697,-0.0936906572632744,-1.93716632223473
0.365799999999976,-0.499013364212715,-0.212889645755287,-1.99605345685085
0.365899999999976,-0.496057350660073,-0.318711994851146,-1.98422940264029
0.365999999999976,-0.475528258154575,-0.404508497169747,-1.9021130326183
0.366099999999976,-0.438153340032833,-0.464888242933026,-1.75261336013133
0.366199999999976,-0.385256621402343,-0.496057350653461,-1.54102648560937
0.366299999999976,-0.318711994891795,-0.496057350661024,-1.27484797956718
0.366399999999976,-0.240876837070737,-0.46488824295524,-0.963507348282749
0.366499999999976,-0.154508497209031,-0.404508497205215,-0.618033988835907
0.366599999999976,-0.0626666168046774,-0.318711994897641,-0.250666467218484
0.366699999999976,0.0313952597420162,-0.212889645809888,0.125581038968292
0.366799999999976,0.124344943560418,-0.0936906573226046,0.497379774241893
0.366899999999976,0.212889645761993,0.0313952597344442,0.851558583048383
0.366999999999976,0.293892626127838,0.154508497158689,1.17557050451172
0.367099999999976,0.364484313695151,0.267913397463901,1.45793725478091
0.367199999999976,0.422163962738812,0.364484313689957,1.68865585095549
0.367299999999976,0.464888242935754,0.438153340007333,1.8595529717431
0.367399999999976,0.491143625360076,0.484291580556767,1.96457450144043
0.367499999999976,0.5,0.5,2
0.367599999999976,0.491143625368616,0.484291580571861,1.96457450147434
0.367699999999976,0.464888242952511,0.438153340036573,1.85955297180988
0.367799999999976,0.422163962763234,0.364484313731506,1.68865585105257
0.367899999999976,0.364484313726312,0.267913397515148,1.45793725490478
0.367999999999976,0.293892626164711,0.154508497216414,1.17557050465811
0.368099999999976,0.212889645803233,0.0313952597950195,0.85155858321211
0.368199999999976,0.124344943604564,-0.0936906572629288,0.497379774417376
0.368299999999976,0.0313952597875043,-0.212889645754969,0.12558103914911
0.368399999999976,-0.0626666167594587,-0.318711994850875,-0.250666467038963
0.368499999999976,-0.154508497165683,-0.40450849716954,-0.618033988663815
0.368599999999976,-0.240876837030797,-0.464888242932896,-0.963507348124183
0.368699999999976,-0.318711994856677,-0.496057350653417,-1.27484797942758
0.368799999999976,-0.38525662137329,-0.496057350661068,-1.54102648549374
0.368899999999976,-0.438153340010876,-0.464888242955369,-1.75261336004416
0.368999999999976,-0.475528258140491,-0.404508497205422,-1.90211303256232
0.369099999999976,-0.49605735065436,-0.318711994897912,-1.98422940261761
0.369199999999976,-0.499013364215577,-0.212889645810206,-1.99605345686224
0.369299999999976,-0.484291580570032,-0.0936906573228943,-1.93716632227979
0.369399999999976,-0.452413526242789,0.0313952597340931,-1.80965410497058
0.369499999999976,-0.404508497200996,0.154508497158355,-1.61803398880305
0.369599999999976,-0.342273552981101,0.267913397463604,-1.36909421192341
0.369699999999976,-0.267913397508939,0.364484313689716,-1.07165359003441
0.369799999999976,-0.184062276363729,0.438153340007163,-0.736249105453648
0.369899999999976,-0.0936906573154977,0.484291580556679,-0.374762629260204
0.369999999999976,-2.30245200770614E-11,0.5,-9.05064645801429E-11
0.370099999999976,0.0936906572702084,0.484291580571949,0.374762629082621
0.370199999999976,0.184062276320914,0.438153340036743,0.736249105285135
0.370299999999976,0.26791339747001,0.364484313731747,1.07165358988138
0.370399999999975,0.342273552947533,0.267913397515445,1.36909421178864
0.370499999999975,0.404508497173896,0.154508497216748,1.61803398869451
0.370599999999975,0.452413526223182,0.0313952597953707,1.80965410489186
0.370699999999975,0.484291580558566,-0.093690657262639,1.93716632223381
0.370799999999975,0.499013364212685,-0.212889645754651,1.99605345685061
0.370899999999975,0.496057350660139,-0.318711994850603,1.98422940264075
0.370999999999975,0.475528258154721,-0.404508497169366,1.90211303261945
0.371099999999975,0.438153340033088,-0.464888242932767,1.75261336013312
0.371199999999975,0.385256621402679,-0.496057350653372,1.54102648561173
0.371299999999975,0.318711994892202,-0.496057350661112,1.27484797957003
0.371399999999975,0.2408768370712,-0.464888242955499,0.963507348286193
0.371499999999975,0.154508497209533,-0.404508497205629,0.618033988839645
0.371599999999975,0.062666616805201,-0.318711994898183,0.250666467222157
0.371699999999975,-0.0313952597414894,-0.212889645810524,-0.125581038964369
0.371799999999975,-0.124344943559907,-0.0936906573232399,-0.497379774238306
0.371899999999975,-0.212889645761515,0.031395259733742,-0.851558583044622
0.371999999999975,-0.293892626127411,0.15450849715802,-1.17557050450872
0.372099999999975,-0.36448431369479,0.267913397463355,-1.45793725477822
0.372199999999975,-0.422163962738529,0.364484313689476,-1.68865585095351
0.372299999999975,-0.46488824293556,0.438153340006994,-1.85955297174174
0.372399999999975,-0.491143625359977,0.484291580556606,-1.9645745014397
0.372499999999975,-0.5,0.5,-2
0.372599999999975,-0.491143625368715,0.484291580572036,-1.96457450147503
0.372699999999975,-0.464888242952706,0.438153340036912,-1.85955297181124
0.372799999999975,-0.422163962763517,0.364484313731988,-1.68865585105455
0.372899999999975,-0.364484313726674,0.267913397515742,-1.45793725490747
0.372999999999975,-0.293892626165138,0.154508497217083,-1.17557050466129
0.373099999999975,-0.212889645803659,0.0313952597957218,-0.851558583215461
0.373199999999975,-0.124344943605076,-0.0936906572622934,-0.497379774421183
0.373299999999975,-0.0313952597879743,-0.212889645754332,-0.125581039152805
0.373399999999975,0.0626666167589351,-0.318711994850332,0.250666467034838
0.373499999999975,0.154508497165236,-0.40450849716916,0.618033988660293
0.373599999999975,0.240876837030334,-0.464888242932637,0.963507348120739
0.373699999999975,0.318711994856314,-0.496057350653328,1.27484797942473
0.373799999999975,0.385256621372954,-0.496057350661149,1.54102648549138
0.373899999999975,0.438153340010649,-0.464888242955628,1.75261336004227
0.373999999999975,0.475528258140328,-0.404508497205836,1.90211303256117
0.374099999999975,0.496057350654294,-0.318711994898454,1.98422940261715
0.374199999999975,0.49901336421561,-0.212889645810843,1.99605345686247
0.374299999999975,0.484291580570164,-0.0936906573235856,1.93716632228071
0.374399999999975,0.452413526243014,0.0313952597333908,1.80965410497225
0.374499999999975,0.404508497201306,0.154508497157685,1.61803398880536
0.374599999999975,0.342273552981486,0.267913397463058,1.36909421192611
0.374699999999975,0.267913397509384,0.364484313689235,1.07165359003773
0.374799999999975,0.18406227636422,0.438153340006824,0.736249105457091
0.374899999999975,0.0936906573160161,0.484291580556519,0.374762629264288
0.374999999999975,2.35522817553831E-11,0.5,9.42091270215325E-11
0.375099999999975,-0.0936906572696901,0.484291580572124,-0.37476262907876
0.375199999999975,-0.184062276320423,0.438153340037054,-0.736249105281692
0.375299999999975,-0.267913397469565,0.364484313732228,-1.07165358987826
0.375399999999975,-0.342273552947148,0.267913397516039,-1.36909421178859
0.375499999999975,-0.404508497173586,0.154508497217418,-1.61803398869448
0.375599999999975,-0.452413526222958,0.031395259796073,-1.80965410489193
0.375699999999975,-0.484291580558435,-0.0936906572619478,-1.9371663222338
0.375799999999975,-0.499013364212652,-0.212889645754014,-1.99605345685062
0.375899999999975,-0.496057350660205,-0.318711994850061,-1.98422940264079
0.375999999999975,-0.475528258154884,-0.404508497168953,-1.90211303261947
0.376099999999975,-0.438153340033342,-0.464888242932508,-1.75261336013315
0.376199999999975,-0.385256621402979,-0.496057350653284,-1.54102648561177
0.376299999999975,-0.318711994892608,-0.496057350661193,-1.27484797957008
0.376399999999975,-0.240876837071612,-0.464888242955758,-0.96350734828625
0.376499999999975,-0.154508497210035,-0.404508497206043,-0.61803398883949
0.376599999999975,-0.0626666168056682,-0.318711994898681,-0.250666467222222
0.376699999999975,0.0313952597409627,-0.212889645811161,0.125581038964532
0.376799999999975,0.124344943559451,-0.0936906573239312,0.497379774238244
0.376899999999975,0.212889645761038,0.0313952597330964,0.851558583044769
0.376999999999975,0.293892626126984,0.154508497157351,1.17557050450867
0.377099999999975,0.364484313694428,0.267913397462761,1.45793725477834
0.377199999999975,0.422163962738246,0.364484313688994,1.68865585095347
0.377299999999975,0.464888242935365,0.438153340006655,1.8595529717418
0.377399999999975,0.491143625359878,0.484291580556431,1.96457450143968
0.377499999999975,0.5,0.5,2
0.377599999999975,0.491143625368814,0.484291580572211,1.96457450147504
0.377699999999975,0.4648882429529,0.438153340037224,1.85955297181127
0.377799999999975,0.422163962763799,0.364484313732469,1.68865585105459
0.377899999999975,0.364484313727035,0.267913397516336,1.45793725490752
0.377999999999975,0.293892626165565,0.154508497217698,1.17557050466116
0.378099999999975,0.212889645804137,0.0313952597964241,0.851558583215519
0.378199999999975,0.124344943605587,-0.0936906572616022,0.497379774421025
0.378299999999975,0.031395259788501,-0.212889645753747,0.12558103915287
0.378399999999975,-0.0626666167584115,-0.31871199484979,-0.250666467034999
0.378499999999975,-0.154508497164734,-0.404508497168746,-0.618033988660232
0.378599999999975,-0.240876837029872,-0.464888242932378,-0.963507348120881
0.378699999999975,-0.318711994855907,-0.49605735065324,-1.27484797942468
0.378799999999975,-0.385256621372617,-0.496057350661237,-1.54102648549148
0.378899999999975,-0.438153340010395,-0.464888242955887,-1.75261336004224
0.378999999999975,-0.475528258140165,-0.404508497206249,-1.90211303256122
0.379099999999975,-0.496057350654235,-0.318711994898953,-1.98422940261714
0.379199999999975,-0.499013364215643,-0.212889645811479,-1.99605345686247
0.379299999999975,-0.484291580570281,-0.0936906573242768,-1.93716632228073
0.379399999999975,-0.452413526243238,0.0313952597327452,-1.80965410497228
0.379499999999974,-0.404508497201583,0.154508497157016,-1.61803398880754
0.379599999999974,-0.34227355298187,0.267913397462464,-1.36909421192881
0.379699999999974,-0.267913397509782,0.364484313688792,-1.07165359004086
0.379799999999974,-0.184062276364711,0.438153340006485,-0.736249105460533
0.379899999999974,-0.0936906573165345,0.484291580556343,-0.374762629267925
0.379999999999974,-2.40800434337049E-11,0.5,-9.79117894629221E-11
0.380099999999974,0.0936906572691716,0.484291580572299,0.374762629075123
0.380199999999974,0.184062276319932,0.438153340037393,0.73624910527825
0.380299999999974,0.267913397469119,0.36448431373271,1.07165358987513
0.380399999999974,0.342273552946763,0.267913397516633,1.36909421178589
0.380499999999974,0.404508497173275,0.154508497218033,1.6180339886923
0.380599999999974,0.452413526222733,0.0313952597967753,1.80965410489025
0.380699999999974,0.484291580558304,-0.0936906572612566,1.93716632223288
0.380799999999974,0.499013364212619,-0.212889645753429,1.99605345685038
0.380899999999974,0.496057350660271,-0.318711994849519,1.98422940264126
0.380999999999974,0.475528258155047,-0.404508497168539,1.90211303262061
0.381099999999974,0.438153340033596,-0.46488824293227,1.75261336013493
0.381199999999974,0.385256621403316,-0.496057350653196,1.54102648561413
0.381299999999974,0.318711994893015,-0.496057350661281,1.27484797957294
0.381399999999974,0.240876837072075,-0.464888242956017,0.963507348289494
0.381499999999974,0.154508497210537,-0.404508497206456,0.618033988843011
0.381599999999974,0.0626666168061918,-0.318711994899224,0.250666467225895
0.381699999999974,-0.031395259740436,-0.212889645811798,-0.125581038960836
0.381799999999974,-0.12434494355894,-0.0936906573246224,-0.497379774234658
0.381899999999974,-0.21288964576056,0.0313952597323941,-0.851558583041419
0.381999999999974,-0.293892626126603,0.154508497156682,-1.17557050450568
0.382099999999974,-0.364484313694067,0.267913397462167,-1.45793725477565
0.382199999999974,-0.422163962737994,0.364484313688551,-1.68865585095149
0.382299999999974,-0.464888242935171,0.438153340006316,-1.85955297174035
0.382399999999974,-0.49114362535979,0.484291580556256,-1.96457450143899
0.382499999999974,-0.5,0.5,-2
0.382599999999974,-0.491143625368902,0.484291580572386,-1.96457450147574
0.382699999999974,-0.464888242953094,0.438153340037563,-1.85955297181263
0.382799999999974,-0.422163962764082,0.364484313732912,-1.68865585105657
0.382899999999974,-0.364484313727396,0.26791339751693,-1.45793725491005
0.382999999999974,-0.293892626165992,0.154508497218367,-1.17557050466434
0.383099999999974,-0.212889645804614,0.0313952597971264,-0.851558583218869
0.383199999999974,-0.124344943606098,-0.0936906572609109,-0.497379774424612
0.383299999999974,-0.0313952597890278,-0.21288964575311,-0.125581039156565
0.383399999999974,0.0626666167578879,-0.318711994849248,0.250666467031326
0.383499999999974,0.154508497164232,-0.404508497168332,0.618033988656494
0.383599999999974,0.240876837029409,-0.46488824293214,0.963507348117438
0.383699999999974,0.3187119948555,-0.496057350653152,1.27484797942183
0.383799999999974,0.385256621372281,-0.496057350661325,1.54102648548898
0.383899999999974,0.43815334001014,-0.464888242956125,1.75261336004045
0.383999999999974,0.475528258140002,-0.404508497206663,1.90211303255994
0.384099999999974,0.496057350654169,-0.318711994899495,1.98422940261668
0.384199999999974,0.499013364215676,-0.212889645812065,1.99605345686271
0.384299999999974,0.484291580570412,-0.093690657324968,1.93716632228165
0.384399999999974,0.452413526243463,0.031395259732043,1.80965410497385
0.384499999999974,0.404508497201893,0.154508497156347,1.61803398880757
0.384599999999974,0.342273552982255,0.26791339746187,1.36909421192886
0.384699999999974,0.267913397510228,0.36448431368831,1.07165359004072
0.384799999999974,0.184062276365201,0.438153340006146,0.736249105460594
0.384899999999974,0.0936906573169971,0.484291580556168,0.374762629267765
0.384999999999974,2.46078051120266E-11,0.5,9.82038467726633E-11
0.385099999999974,-0.0936906572687091,0.484291580572474,-0.374762629075059
0.385199999999974,-0.184062276319442,0.438153340037732,-0.73624910527819
0.385299999999974,-0.267913397468721,0.364484313733153,-1.07165358987508
0.385399999999974,-0.342273552946379,0.267913397517227,-1.36909421178585
0.385499999999974,-0.404508497172999,0.154508497218702,-1.61803398869213
0.385599999999974,-0.452413526222508,0.0313952597974208,-1.80965410489032
0.385699999999974,-0.484291580558187,-0.0936906572605653,-1.93716632223286
0.385799999999974,-0.499013364212586,-0.212889645752792,-1.99605345685039
0.385899999999974,-0.496057350660337,-0.318711994848977,-1.98422940264126
0.385999999999974,-0.47552825815521,-0.404508497168126,-1.90211303262063
0.386099999999974,-0.43815334003385,-0.46488824293201,-1.75261336013496
0.386199999999974,-0.385256621403652,-0.496057350653108,-1.54102648561403
0.386299999999974,-0.318711994893422,-0.496057350661369,-1.27484797957299
0.386399999999974,-0.240876837072537,-0.464888242956255,-0.963507348289352
0.386499999999974,-0.154508497211039,-0.40450849720687,-0.618033988843289
0.386599999999974,-0.0626666168067154,-0.318711994899766,-0.250666467225959
0.386699999999974,0.0313952597399093,-0.212889645812383,0.125581038960772
0.386799999999974,0.124344943558428,-0.0936906573253136,0.497379774234595
0.386899999999974,0.212889645760083,0.0313952597316918,0.85155858304136
0.386999999999974,0.293892626126176,0.154508497156066,1.17557050450544
0.387099999999974,0.364484313693706,0.267913397461573,1.45793725477576
0.387199999999974,0.422163962737711,0.364484313688069,1.68865585095145
0.387299999999974,0.464888242934977,0.438153340005977,1.85955297174041
0.387399999999974,0.491143625359691,0.484291580556081,1.96457450143898
0.387499999999974,0.5,0.5,2
0.387599999999974,0.491143625369001,0.484291580572561,1.96457450147575
0.387699999999974,0.464888242953289,0.438153340037902,1.85955297181257
0.387799999999974,0.422163962764334,0.364484313733394,1.68865585105661
0.387899999999974,0.364484313727757,0.267913397517525,1.45793725490994
0.387999999999974,0.293892626166373,0.154508497219037,1.17557050466439
0.388099999999974,0.212889645805092,0.031395259797772,0.851558583218928
0.388199999999974,0.124344943606554,-0.0936906572602197,0.497379774424674
0.388299999999974,0.0313952597895545,-0.212889645752474,0.125581039156629
0.388399999999974,-0.0626666167574207,-0.31871199484875,-0.250666467031262
0.388499999999974,-0.15450849716373,-0.404508497167919,-0.618033988656433
0.388599999999973,-0.240876837028997,-0.464888242931881,-0.963507348114193
0.388699999999973,-0.318711994855094,-0.496057350653071,-1.27484797941897
0.388799999999973,-0.385256621371945,-0.496057350661413,-1.54102648548662
0.388899999999973,-0.438153340009886,-0.464888242956384,-1.75261336003867
0.388999999999973,-0.475528258139839,-0.404508497207077,-1.90211303255879
0.389099999999973,-0.496057350654103,-0.318711994900037,-1.98422940261621
0.389199999999973,-0.499013364215709,-0.212889645812701,-1.99605345686294
0.389299999999973,-0.484291580570543,-0.0936906573256592,-1.93716632228257
0.389399999999973,-0.452413526243688,0.0313952597313407,-1.80965410497543
0.389499999999973,-0.404508497202204,0.154508497155732,-1.61803398880988
0.389599999999973,-0.34227355298264,0.267913397461276,-1.36909421193155
0.389699999999973,-0.267913397510673,0.364484313687828,-1.07165359004404
0.389799999999973,-0.184062276365692,0.438153340005835,-0.736249105464036
0.389899999999973,-0.0936906573175155,0.484291580555994,-0.374762629271625
0.389999999999973,-2.51355667903484E-11,0.5,-1.01906509214053E-10
0.390099999999973,0.0936906572681906,0.484291580572634,0.374762629071422
0.390199999999973,0.184062276318951,0.438153340038071,0.736249105274747
0.390299999999973,0.267913397468276,0.364484313733635,1.07165358987195
0.390399999999973,0.342273552945994,0.267913397517822,1.36909421178315
0.390499999999973,0.404508497172688,0.154508497219371,1.61803398868995
0.390599999999973,0.452413526222284,0.0313952597981231,1.80965410488875
0.390699999999973,0.484291580558055,-0.0936906572598741,1.93716632223194
0.390799999999973,0.499013364212553,-0.212889645752155,1.99605345685015
0.390899999999973,0.496057350660396,-0.318711994848478,1.98422940264173
0.390999999999973,0.475528258155373,-0.404508497167712,1.90211303262177
0.391099999999973,0.438153340034077,-0.464888242931751,1.75261336013675
0.391199999999973,0.385256621403989,-0.496057350653027,1.54102648561653
0.391299999999973,0.318711994893785,-0.496057350661457,1.27484797957584
0.391399999999973,0.240876837073,-0.464888242956514,0.963507348292796
0.391499999999973,0.154508497211486,-0.40450849720725,0.61803398884681
0.391599999999973,0.062666616807239,-0.318711994900308,0.250666467229633
0.391699999999973,-0.0313952597393826,-0.21288964581302,-0.125581038957076
0.391799999999973,-0.124344943557917,-0.0936906573260048,-0.497379774231009
0.391899999999973,-0.212889645759605,0.0313952597309895,-0.85155858303801
0.391999999999973,-0.293892626125749,0.154508497155397,-1.17557050450244
0.392099999999973,-0.364484313693344,0.267913397460979,-1.45793725477322
0.392199999999973,-0.422163962737428,0.364484313687588,-1.68865585094947
0.392299999999973,-0.464888242934782,0.438153340005665,-1.85955297173905
0.392399999999973,-0.491143625359592,0.484291580555906,-1.96457450143828
0.392499999999973,-0.5,0.5,-2
0.392599999999973,-0.4911436253691,0.484291580572722,-1.96457450147644
0.392699999999973,-0.464888242953483,0.438153340038241,-1.85955297181402
0.392799999999973,-0.422163962764617,0.364484313733875,-1.68865585105859
0.392899999999973,-0.364484313728119,0.267913397518071,-1.45793725491263
0.392999999999973,-0.2938926261668,0.154508497219706,-1.17557050466739
0.393099999999973,-0.21288964580557,0.0313952597984743,-0.851558583222278
0.393199999999973,-0.124344943607065,-0.0936906572595285,-0.497379774428261
0.393299999999973,-0.0313952597900812,-0.212889645751837,-0.125581039160325
0.393399999999973,0.0626666167568971,-0.318711994848207,0.250666467027588
0.393499999999973,0.154508497163228,-0.404508497167505,0.618033988652911
0.393599999999973,0.240876837028534,-0.464888242931622,0.963507348114336
0.393699999999973,0.318711994854687,-0.496057350652983,1.27484797941892
0.393799999999973,0.385256621371644,-0.496057350661502,1.54102648548672
0.393899999999973,0.438153340009632,-0.464888242956643,1.75261336003864
0.393999999999973,0.475528258139693,-0.404508497207457,1.90211303255884
0.394099999999973,0.496057350654037,-0.318711994900579,1.9842294026162
0.394199999999973,0.499013364215739,-0.212889645813338,1.99605345686294
0.394299999999973,0.484291580570674,-0.0936906573262946,1.93716632228258
0.394399999999973,0.452413526243888,0.0313952597306384,1.80965410497546
0.394499999999973,0.404508497202514,0.154508497155062,1.61803398880979
0.394599999999973,0.342273552983025,0.26791339746073,1.36909421193177
0.394699999999973,0.267913397511119,0.364484313687347,1.0716535900439
0.394799999999973,0.184062276366183,0.438153340005496,0.736249105464096
0.394899999999973,0.0936906573180339,0.484291580555819,0.374762629271466
0.394999999999973,2.56633284686701E-11,0.5,1.01971192848351E-10
0.395099999999973,-0.0936906572676722,0.484291580572809,-0.374762629071359
0.395199999999973,-0.18406227631846,0.43815334003841,-0.736249105274687
0.395299999999973,-0.26791339746783,0.364484313734116,-1.07165358987209
0.395399999999973,-0.342273552945609,0.267913397518368,-1.3690942117831
0.395499999999973,-0.404508497172378,0.15450849722004,-1.61803398869005
0.395599999999973,-0.452413526222059,0.0313952597988254,-1.80965410488862
0.395699999999973,-0.484291580557924,-0.0936906572592387,-1.93716632223192
0.395799999999973,-0.49901336421252,-0.212889645751519,-1.99605345685015
0.395899999999973,-0.496057350660462,-0.318711994847936,-1.98422940264174
0.395999999999973,-0.475528258155536,-0.404508497167332,-1.90211303262179
0.396099999999973,-0.438153340034331,-0.464888242931492,-1.75261336013689
0.396199999999973,-0.385256621404325,-0.496057350652939,-1.54102648561643
0.396299999999973,-0.318711994894191,-0.496057350661546,-1.27484797957589
0.396399999999973,-0.240876837073462,-0.464888242956773,-0.963507348292653
0.396499999999973,-0.154508497211988,-0.404508497207664,-0.618033988846872
0.396599999999973,-0.0626666168077626,-0.31871199490085,-0.250666467229697
0.396699999999973,0.0313952597389126,-0.212889645813656,0.125581038957012
0.396799999999973,0.124344943557406,-0.0936906573266402,0.497379774231166
0.396899999999973,0.212889645759179,0.0313952597302872,0.851558583037951
0.396999999999973,0.293892626125322,0.154508497154728,1.17557050450258
0.397099999999973,0.364484313693022,0.267913397460433,1.45793725477302
0.397199999999973,0.422163962737145,0.364484313687106,1.68865585094943
0.397299999999973,0.464888242934609,0.438153340005326,1.85955297173902
0.397399999999973,0.491143625359493,0.484291580555745,1.96457450143827
0.397499999999972,0.5,0.5,2
0.397599999999972,0.491143625369199,0.484291580572897,1.96457450147718
0.397699999999972,0.464888242953677,0.43815334003858,1.85955297181538
0.397799999999972,0.4221639627649,0.364484313734357,1.68865585106057
0.397899999999972,0.36448431372848,0.267913397518665,1.45793725491517
0.397999999999972,0.293892626167227,0.154508497220375,1.17557050467038
0.398099999999972,0.212889645806047,0.0313952597991766,0.851558583225834
0.398199999999972,0.124344943607576,-0.0936906572588931,0.497379774431847
0.398299999999972,0.0313952597906079,-0.2128896457512,0.12558103916402
0.398399999999972,-0.0626666167563735,-0.318711994847665,-0.250666467023689
0.398499999999972,-0.154508497162726,-0.404508497167125,-0.61803398864939
0.398599999999972,-0.240876837028072,-0.464888242931363,-0.963507348110692
0.398699999999972,-0.318711994854281,-0.496057350652894,-1.27484797941607
0.398799999999972,-0.385256621371308,-0.496057350661583,-1.54102648548422
0.398899999999972,-0.438153340009378,-0.464888242956902,-1.75261336003685
0.398999999999972,-0.47552825813953,-0.404508497207871,-1.90211303255763
0.399099999999972,-0.49605735065397,-0.318711994901078,-1.98422940261571
0.399199999999972,-0.499013364215772,-0.212889645813975,-1.99605345686317
0.399299999999972,-0.484291580570806,-0.0936906573269858,-1.9371663222835
0.399399999999972,-0.452413526244113,0.0313952597299361,-1.80965410497703
0.399499999999972,-0.404508497202824,0.154508497154393,-1.61803398881196
0.399599999999972,-0.342273552983368,0.267913397460136,-1.36909421193447
0.399699999999972,-0.267913397511564,0.364484313686865,-1.07165359004703
0.399799999999972,-0.18406227636662,0.438153340005157,-0.736249105467539
0.399899999999972,-0.0936906573185523,0.484291580555658,-0.374762629275326
0.399999999999972,-2.61342467281311E-11,0.5,-1.0567385528974E-10
0.400099999999972,0.0936906572671538,0.484291580572984,0.374762629067498
0.400199999999972,0.184062276318022,0.438153340038722,0.736249105271244
0.400299999999972,0.267913397467385,0.364484313734598,1.07165358986877
0.400399999999972,0.342273552945266,0.267913397518962,1.3690942117804
0.400499999999972,0.404508497172068,0.154508497220656,1.61803398868774
0.400599999999972,0.452413526221834,0.0313952597995277,1.80965410488705
0.400699999999972,0.484291580557793,-0.0936906572585475,1.937166322231
0.400799999999972,0.499013364212486,-0.212889645750882,1.99605345684992
0.400899999999972,0.496057350660529,-0.318711994847394,1.9842294026422
0.400999999999972,0.475528258155699,-0.404508497166918,1.90211303262294
0.401099999999972,0.438153340034586,-0.464888242931233,1.75261336013867
0.401199999999972,0.385256621404661,-0.49605735065285,1.54102648561879
0.401299999999972,0.318711994894598,-0.496057350661627,1.27484797957874
0.401399999999972,0.240876837073925,-0.464888242957032,0.963507348296097
0.401499999999972,0.15450849721249,-0.404508497208077,0.618033988850393
0.401599999999972,0.0626666168082862,-0.318711994901349,0.250666467233596
0.401699999999972,-0.0313952597383858,-0.212889645814293,-0.125581038953316
0.401799999999972,-0.124344943556895,-0.0936906573273314,-0.49737977422736
0.401899999999972,-0.212889645758702,0.0313952597296417,-0.851558583034601
0.401999999999972,-0.293892626124895,0.154508497154059,-1.1755705044994
0.402099999999972,-0.364484313692661,0.267913397459838,-1.45793725477049
0.402199999999972,-0.422163962736863,0.364484313686624,-1.68865585094745
0.402299999999972,-0.464888242934415,0.438153340004987,-1.85955297173766
0.402399999999972,-0.491143625359394,0.48429158055557,-1.96457450143758
0.402499999999972,-0.5,0.5,-2
0.402599999999972,-0.491143625369298,0.484291580573072,-1.96457450147719
0.402699999999972,-0.46488824295385,0.438153340038891,-1.85955297181532
0.402799999999972,-0.422163962765183,0.364484313734839,-1.68865585106061
0.402899999999972,-0.364484313728802,0.267913397519259,-1.45793725491505
0.402999999999972,-0.293892626167654,0.15450849722099,-1.17557050467043
0.403099999999972,-0.212889645806473,0.0313952597998788,-0.851558583225893
0.403199999999972,-0.124344943608088,-0.0936906572582019,-0.49737977443191
0.403299999999972,-0.0313952597910779,-0.212889645750615,-0.125581039164085
0.403399999999972,0.0626666167558499,-0.318711994847123,0.250666467023851
0.403499999999972,0.154508497162224,-0.404508497166711,0.618033988649328
0.403599999999972,0.240876837027609,-0.464888242931104,0.963507348110835
0.403699999999972,0.318711994853874,-0.496057350652806,1.27484797941602
0.403799999999972,0.385256621370972,-0.496057350661671,1.54102648548432
0.403899999999972,0.438153340009124,-0.464888242957161,1.75261336003682
0.403999999999972,0.475528258139367,-0.404508497208284,1.90211303255768
0.404099999999972,0.496057350653904,-0.31871199490162,1.9842294026157
0.404199999999972,0.499013364215805,-0.212889645814611,1.99605345686316
0.404299999999972,0.484291580570937,-0.093690657327677,1.93716632228352
0.404399999999972,0.452413526244338,0.0313952597292905,1.80965410497696
0.404499999999972,0.404508497203134,0.154508497153724,1.618033988812
0.404599999999972,0.342273552983753,0.267913397459541,1.36909421193451
0.404699999999972,0.26791339751201,0.364484313686422,1.07165359004708
0.404799999999972,0.184062276367111,0.438153340004818,0.736249105467599
0.404899999999972,0.0936906573190707,0.484291580555483,0.374762629275166
0.404999999999972,2.66620084064528E-11,0.5,1.05738538924038E-10
0.405099999999972,-0.0936906572666354,0.484291580573159,-0.374762629067658
0.405199999999972,-0.184062276317532,0.438153340039061,-0.736249105271184
0.405299999999972,-0.267913397466939,0.36448431373508,-1.07165358986891
0.405399999999972,-0.342273552944881,0.267913397519556,-1.36909421178035
0.405499999999972,-0.404508497171758,0.154508497221325,-1.61803398868783
0.405599999999972,-0.452413526221634,0.03139525980023,-1.80965410488702
0.405699999999972,-0.484291580557662,-0.0936906572578563,-1.93716632223104
0.405799999999972,-0.499013364212457,-0.212889645750297,-1.99605345684991
0.405899999999972,-0.496057350660595,-0.318711994846852,-1.98422940264218
0.405999999999972,-0.475528258155845,-0.404508497166504,-1.90211303262296
0.406099999999972,-0.43815334003484,-0.464888242930995,-1.7526133601387
0.406199999999972,-0.385256621404962,-0.496057350652762,-1.54102648561898
0.406299999999972,-0.318711994895004,-0.496057350661715,-1.27484797957879
0.406399999999972,-0.240876837074387,-0.46488824295727,-0.963507348295954
0.406499999999972,-0.154508497212992,-0.404508497208491,-0.618033988850455
0.406599999999972,-0.0626666168088098,-0.318711994901891,-0.250666467233435
0.406699999999972,0.0313952597378591,-0.21288964581493,0.125581038953025
0.406799999999971,0.124344943556384,-0.0936906573280226,0.497379774223773
0.406899999999972,0.212889645758224,0.0313952597289394,0.851558583034543
0.406999999999971,0.293892626124468,0.154508497153389,1.1755705044964
0.407099999999971,0.364484313692299,0.267913397459244,1.45793725476795
0.407199999999971,0.42216396273658,0.364484313686181,1.68865585094534
0.407299999999971,0.464888242934221,0.438153340004648,1.85955297173621
0.407399999999971,0.491143625359295,0.484291580555395,1.96457450143688
0.407499999999971,0.5,0.5,2
0.407599999999971,0.491143625369397,0.484291580573247,1.96457450147789
0.407699999999971,0.464888242954045,0.438153340039258,1.85955297181685
0.407799999999971,0.422163962765466,0.364484313735282,1.68865585106259
0.407899999999971,0.364484313729164,0.267913397519853,1.45793725491774
0.407999999999971,0.293892626168081,0.154508497221714,1.17557050467343
0.408099999999971,0.212889645806951,0.0313952598005244,0.851558583229243
0.408199999999971,0.124344943608599,-0.0936906572575107,0.497379774435716
0.408299999999971,0.0313952597916046,-0.212889645749927,0.12558103916778
0.408399999999971,-0.0626666167553263,-0.318711994846625,-0.250666467020177
0.408499999999971,-0.154508497161776,-0.404508497166298,-0.618033988645807
0.408599999999971,-0.240876837027147,-0.464888242930845,-0.96350734810759
0.408699999999971,-0.318711994853511,-0.496057350652725,-1.27484797941299
0.408799999999971,-0.385256621370635,-0.496057350661759,-1.54102648548182
0.408899999999971,-0.438153340008897,-0.46488824295742,-1.75261336003504
0.408999999999971,-0.475528258139204,-0.404508497208664,-1.90211303255646
0.409099999999971,-0.496057350653845,-0.318711994902162,-1.98422940261524
0.409199999999971,-0.499013364215838,-0.212889645815248,-1.99605345686342
0.409299999999971,-0.484291580571068,-0.0936906573283124,-1.93716632228444
0.409399999999971,-0.452413526244563,0.0313952597285882,-1.80965410497864
