S0120000657863657074696F6E732E73726563D0
S21400000018F09FE518F09FE518F09FE518F09FE5BB
S21400001018F09FE518F09FE518F09FE518F09FE5AB
S21400002064020000680200006C020000700200001B
S21400003074020000643B01003402000078020000F5
S214000040240000EA84809FE5000058E380402DE904
S2140000501D00000A0040A0E30050A0E370709FE57A
S214000060018048E2082097E504E097E50C6097E5F4
S21400007002005EE1062082000700000A000056E348
S2140000800500000A0E30A0E10300B3E80EC043E00E
S21400009006005CE10300A2E8FAFFFF1A100097E5ED
S2140000A0000050E30230A0110300000A3000A3E86D
S2140000B0021043E0010050E1FBFFFF1A018048E216
S2140000C0010078E3147087E2E5FFFF1AC24C00EBEC
S2140000D001000000504101003C108FE21600A0E332
S2140000E0563412EF000050E3080000BA28209FE5BF
S2140000F01CD09FE5080092E5000050E300D0A01158
S21400010010109FE5040092E5000050E30000811502
S214000110CBFFFFEAF8FFFF3F2C4B0100504C0100DD
S21400012000D01FE5C6FFFFEAF8FFFF3F1C309FE543
S2140001301C009FE5003043E0060053E31EFF2F91AE
S21400014010309FE5000053E31EFF2F0113FF2FE141
S2140001503B4B0100384B01000000000024109FE5D7
S21400016024009FE5001041E04111A0E1A11F81E0BD
S214000170C110B0E11EFF2F0110309FE5000053E3D1
S2140001801EFF2F0113FF2FE1384B0100384B0100F3
S2140001900000000010402DE92C409FE50030D4E51B
S2140001A0000053E30600001ADFFFFFEB1C309FE55C
S2140001B0000053E318009F1500F020130130A0E361
S2140001C00030C4E51040BDE81EFF2FE1384B0100AB
S2140001D000000000F83B010040309FE5000053E3BC
S2140001E010402DE938109F1538009F1500F0201399
S2140001F034009FE5003090E5000053E30100001A4C
S2140002001040BDE8D4FFFFEA20309FE5000053E32E
S214000210FAFFFF0A0FE0A0E113FF2FE1F7FFFFEA66
S214000220000000003C4B0100F83B01006841010063
S2140002300000000004E04EE20F502DE9133AE0E320
S214000240F33E13E5490053E30000000AFEFFFFEA11
S2140002505F0000EB4920A0E3133AE0E3EF2E03E54E
S2140002600F90FDE8FEFFFFEAFEFFFFEAFEFFFFEA53
S214000270FEFFFFEAFEFFFFEAFEFFFFEAD230A0E342
S21400028003F029E10730E0E303D0A0E1D330A0E398
S21400029003F029E11EFF2FE15330A0E303F029E12C
S2140002A01EFF2FE1123AE0E3012CA0E3B72703E597
S2140002B00F2CA0E3F72E03E5131AE0E3FF2F0FE35E
S2140002C0FB2E01E50120A0E3FF2E01E5FF2F03E54D
S2140002D01EFF2FE1703104E3013040E3002093E578
S2140002E0003092E5083083E3003082E51EFF2FE100
S2140002F0F0412DE9E0FFFFEBE9FFFFEBF4FFFFEB3A
S214000300E4FFFFEB080C03E3010040E3B40000EB5E
S214000310705104E3015040E31C7C03E3017040E3AA
S214000320544B04E3014040E3002095E5003092E59D
S214000330020013E3FCFFFF1A003092E5043083E36B
S214000340003082E5002095E5003092E50430C3E3F6
S214000350003082E50700A0E14E0000EB306C03E3BE
S214000360016040E3041095E50600A0E1A20000EB62
S214000370340C03E3010040E3460000EB081095E56B
S2140003800600A0E19C0000EB002095E5003092E519
S214000390013083E3003082E5002095E5003092E5E9
S2140003A00130C3E3003082E5003094E5000053E3FB
S2140003B0FCFFFF0A0030A0E3003084E50C3095E532
S2140003C0001093E5480C03E3010040E3310000EB26
S2140003D0D4FFFFEA703104E3013040E3001093E5F8
S2140003E0002091E5042082E3002081E5002093E5CB
S2140003F0003092E50430C3E3003082E5543B04E36A
S214000400013040E30120A0E3002083E51EFF2FE13A
S2140004100030A0E310402DE90010A0E10320A0E189
S2140004200300A0E1930F00EB1040BDE81EFF2FE194
S21400043010402DE90010A0E30040A0E1CC0F00EB37
S21400044018309FE5000093E53C3090E5000053E34C
S2140004500FE0A01113FF2F110400A0E1174C00EBD2
S214000460583C01000E002DE904E02DE508D04DE2D1
S21400047010C08DE20C30A0E10C209DE5081090E540
S21400048004C08DE58F0000EB08D08DE204E09DE40B
S2140004900CD08DE21EFF2FE10F002DE904E02DE5C4
S2140004A00CD04DE2341B00EB14C08DE210209DE50D
S2140004B0081090E50C30A0E104C08DE5810000EB4B
S2140004C00CD08DE204E09DE410D08DE21EFF2FE1FB
S2140004D030402DE90050A0E124D04DE20100A0E11B
S2140004E00140A0E15F0000EB01C0A0E30210A0E322
S2140004F0383095E5E4209FE5000053E30CE080E00B
S21400050010308DE210408DE514008DE50CE08DE591
S214000510084095E51CC08DE508108DE518208DE592
S21400052004308DE52A00000A643094E5FC20D4E10E
S214000530010013E30238A0E11D00001A020413E3D1
S2140005402338A0E11600000A020A13E3643094057B
S214000550022A8203023AC303BC20C4016430840525
S2140005600500A0E104208DE20410A0E1871900EB4D
S214000570643094E5000050E30A50A0030050E013F6
S214000580010013E30200001ABC30D4E1020C13E3AE
S2140005900900000A0500A0E124D08DE23040BDE845
S2140005A01EFF2FE1580084E26A4B00EBFC20D4E1EA
S2140005B00238A0E12338A0E1E2FFFFEA580084E217
S2140005C0624B00EB0500A0E124D08DE23040BDE890
S2140005D01EFF2FE10500A0E1021700EBD1FFFFEAA6
S2140005E0543C010010402DE90040A0E1E21A00EB67
S2140005F00410A0E11040BDE8B4FFFFEA0F002DE9AB
S21400060004E02DE50CD04DE2DB1A00EB14C08DE2C1
S21400061010209DE5041090E50C30A0E104C08DE5A7
S214000620B00E00EB0CD08DE204E09DE410D08DE21D
S2140006301EFF2FE10E002DE904E02DE508D04DE267
S21400064010C08DE20C30A0E10C209DE5041090E572
S21400065004C08DE5A30E00EB08D08DE204E09DE417
S2140006600CD08DE21EFF2FE10310C0E3030010E262
S214000670000060E2043091E404C080E28CC1A0E196
S2140006800020E0E3323C831101C0A0E30CC48CE1FF
S2140006900CC88CE10C2043E00320C2E18C2312E05E
S2140006A00430910404008002F9FFFF0AFF0013E300
S2140006B001008012FF0C131301008012FF081313B1
S2140006C0010080121EFF2FE1F04F2DE943DF4DE2BF
S2140006D00350A0E101A0A0E10240A0E10060A0E17B
S2140006E024008DE5F31A00EB003090E50300A0E14E
S2140006F05C308DE5DBFFFFEB000056E358008DE530
S21400070038508DE50200000A383096E5000053E3C5
S214000710DB00000A64309AE5FC20DAE1010013E30E
S2140007200238A0E1B000001A020413E32338A0E167
S214000730A900000A020A13E30600001A64309AE5CC
S214000740022A82E3023AC3E3BC20CAE10228A0E1FF
S21400075064308AE52238A0E1080013E3A400000A0A
S21400076010209AE5000052E3A100000A1A2003E2D6
S2140007700A0052E3A700000A0030A0E304B0A0E19C
S21400078050308DE54C308DE554308DE568308DE584
S2140007906C308DE528308DE560308DE564308DE574
S2140007A0C8908DE29C308DE598308DE5083F9FE53A
S2140007B094908DE52CA08DE5108083E20030DBE57B
S2140007C0250053E3000053130B40A0E11300000A7A
S2140007D00130F4E5000053E325005313FBFFFF1A36
S2140007E00B5054E00D00000A98309DE59C209DE5D6
S2140007F0013083E2070053E3052082E000B089E57C
S214000800045089E598308DE59C208DE5089089D2C6
S214000810930000CA28309DE5053083E028308DE53A
S2140008200030D4E5000053E34703000A0020A0E3AD
S21400083000A0E0E30230A0E17720CDE50200A0E1D1
S21400084034208DE518208DE50250A0E101B084E249
S2140008500120D4E50A60A0E101C0A0E32BE0A0E3FC
S2140008602040A0E301B08BE2201042E2580051E3A2
S21400087001F19F97680200EA1C0D00001C120000A0
S2140008801C120000DC1000001C1200001C120000ED
S2140008901C1200001C1200001C1200001C1200009B
S2140008A0C00A0000041100001C120000E80A000044
S2140008B0D40E00001C120000F0100000300D0000E6
S2140008C0300D0000300D0000300D0000300D00002F
S2140008D0300D0000300D0000300D0000300D00001F
S2140008E01C1200001C1200001C1200001C1200004B
S2140008F01C1200001C1200001C1200001C1200003B
S2140009001C1200001C120000E40D00003C11000048
S2140009101C1200003C1100001C1200001C120000FB
S2140009201C1200001C120000C00E00001C1200006A
S2140009301C120000141100001C1200001C12000003
S2140009401C1200001C1200001C12000028110000DF
S2140009501C1200001C120000580D00001C120000A3
S2140009601C1200001C1200001C1200001C120000CA
S2140009701C1200001C1200001C1200001C120000BA
S2140009801C120000901000006C1000003C110000CB
S2140009903C1100003C1100007C1000006C100000B0
S2140009A01C1200001C120000700F00001C12000039
S2140009B09C0F0000FC0A0000140F0000E40F00006B
S2140009C01C120000F80F00001C120000D40C0000DF
S2140009D01C1200001C120000580F000058008AE28B
S2140009E05C4A00EBFC20DAE10238A0E12338A0E103
S2140009F04FFFFFEA0A10A0E124009DE5C70D00EBBB
S214000A00000050E32100001ABC30DAE11A2003E2AD
S214000A100A0052E357FFFF1AFE20DAE1000052E315
S214000A2054FFFFBA64209AE5010012E30200001AA0
S214000A30020C13E358008A02444A000B0530A0E17A
S214000A400420A0E10A10A0E124009DE5A40700EB25
S214000A5028008DE528009DE543DF8DE2F04FBDE8D8
S214000A601EFF2FE194208DE22C109DE524009DE5CD
S214000A70DE3600EB000050E3BB03001AC8908DE2A0
S214000A8063FFFFEA24009DE5D61500EB20FFFFEA92
S214000A9064309AE5010013E30200001ABC30DAE184
S214000AA0020C13E3E605000A0030E0E328308DE58B
S214000AB028009DE543DF8DE2F04FBDE81EFF2FE1E5
S214000AC038209DE5001092E5042082E2000051E304
S214000AD034108DE538208DE5050000AA34209DE50C
S214000AE0002062E234208DE518209DE5042082E394
S214000AF018208DE50020DBE559FFFFEA44208DE550
S214000B0018309DE5205013E2DF04001A18309DE5EA
S214000B10103013E238209D155104001A18209DE568
S214000B20405012E238209DE54D04000A0070A0E314
S214000B30B060D2E1042082E238208DE50020A0E3F8
S214000B4030208DE57720CDE501007AE3C200000A6B
S214000B50075086E1000055E300005A0318209DE583
S214000B608020C2E30150A0130050A0031C208DE596
S214000B707F03001A000053E33303001A18309DE584
S214000B80015013E23003000A3030A0E3422F8DE21A
S214000B90413062E540208DE505005AE10A30A0A10B
S214000BA00530A0B120308DE50030A0E348308DE55B
S214000BB030309DE5000053E30200000A20309DE53A
S214000BC0013083E220308DE51C309DE5023013E2D3
S214000BD018308DE520309D150230831220308D159B
S214000BE01C309DE5843013E23C308DE5AE01001AE2
S214000BF034309DE520209DE5026043E0000056E38A
S214000C00A90100DA100056E3540600DA98208DE2B7
S214000C10140092E80930A0E10410A0E10690A0E1DB
S214000C201070A0E30560A0E124409DE52C509DE5F2
S214000C30020000EA109049E2100059E3140000DABE
S214000C40012082E2700A9FE5070052E3101081E25D
S214000C50810083E898208DE59C108DE5083083D2CE
S214000C60F3FFFFDA94208DE20510A0E10400A0E176
S214000C705E3600EB000050E39103001A109049E244
S214000C80100059E3C8308DE29C109DE598209DE544
S214000C90EAFFFFCA0650A0E10140A0E10960A0E11A
S214000CA00390A0E1012082E20C3A9FE5044086E032
S214000CB0070052E398208DE59C408DE5480089E8C2
S214000CC0700100CA7730DDE5089089E230308DE5A6
S214000CD0760100EA44208DE518309DE5200013E3F8
S214000CE09F04001A18309DE5100013E3E203001A73
S214000CF018309DE538209DE5400013E30230A0E162
S214000D00DF03000AB060D2E1042082E20130A0E3F3
S214000D1038208DE50070A0E387FFFFEA000050E36F
S214000D200020DBE50C30A0010400A001CCFEFFEAA9
S214000D300010A0E3307042E20120DBE4011181E004
S214000D40811087E0307042E2090057E3F9FFFF9A0E
S214000D5034108DE5C3FEFFEA000053E35C399FE5DF
S214000D6044208DE57700CD1568308DE518309DE57B
S214000D70200013E36A04001A18309DE5100013E300
S214000D803405001A18309DE5400013E30070A013E8
S214000D900070A00338309DE5B060D3110060930565
S214000DA0043083120430830238308D1538308D05B8
S214000DB018209DE5010012E34303000A073096E180
S214000DC04103000A3030A0E34410DDE5022082E350
S214000DD07830CDE57910CDE518208DE50230A0E31A
S214000DE055FFFFEA000053E318309DE5103083E31B
S214000DF044208DE57700CD1518308DE518309DE53B
S214000E00200013E34D04001A18309DE5100013E38C
S214000E101605001A18309DE5400013E37C04000A0E
S214000E2038309DE5F060D3E1043083E2C67FA0E170
S214000E3038308DE50620A0E10730A0E1000052E33F
S214000E400030D3E26B0400BA7730DDE501007AE3C8
S214000E5030308DE50130A0E33CFFFF1A010053E37C
S214000E60C602000A020053E3C8108D125C02001A84
S214000E70C8308DE20320A0E168C09DE52632A0E1DF
S214000E80073E83E12702A0E10F1006E20070A0E112
S214000E900360A0E10130DCE7071096E1013062E56F
S214000EA0F5FFFF1A0230A0E140208DE518209DE5F1
S214000EB01C208DE5C8208DE2035042E035FFFFEA96
S214000EC018209DE5082082E318208DE50020DBE54C
S214000ED063FEFFEA0020DBE52A0052E301108BE206
S214000EE06106000A307042E2090057E301B0A0E153
S214000EF005A0A0E15BFEFF8A0120DBE40AA18AE0F0
S214000F008AA087E0307042E2090057E3F9FFFF9AB3
S214000F1054FEFFEA7830A0E33020A0E338109DE5C9
S214000F2018009DE57930CDE544308DE5043081E24A
S214000F3038308DE588379FE5020080E368308DE520
S214000F40006091E518008DE57820CDE50070A0E3FF
S214000F500230A0E3F8FEFFEA000053E360379FE5A7
S214000F6044208DE57700CD1568308DE57EFFFFEADD
S214000F700020DBE56C0052E318209D0518109D1537
S214000F80202082031010811318208D0518108D154F
S214000F900120DB0501B08B0231FEFFEA000053E3BF
S214000FA018309DE57700CD15200013E32B05001AB9
S214000FB018309DE5100013E3AB00001A18309DE5CD
S214000FC0400013E3A800000A38209DE5003092E5B3
S214000FD0042082E238208DE5B822DDE1B020C3E1AE
S214000FE0F5FDFFEA18209DE5202082E318208DE518
S214000FF00020DBE51AFEFFEA0040A0E338309DE55E
S21400100044208DE5002093E5040052E140208DE564
S2140010107740CDE5046083E27005000A01007AE3BC
S2140010203805000A0A20A0E10410A0E140009DE572
S2140010306F1B00EB000050E39505000A04A0A0E13A
S21400104040309DE5035040E018309DE51C308DE5AE
S214001050C53FC5E120308DE57730DDE538608DE5AC
S21400106048A08DE530308DE5D0FEFFEA000053E362
S21400107044208DE57700CD155FFFFFEA18209DE53B
S214001080402082E318208DE50020DBE5F4FDFFEA32
S2140010900030A0E344208DE50120A0E338009DE564
S2140010A00250A0E120208DE530308DE5002090E54F
S2140010B018C09DE57730CDE503A0A0E148308DE56A
S2140010C0043080E238308DE5A0308DE21CC08DE51E
S2140010D0A020CDE540308DE5BAFEFFEA18209DE55C
S2140010E0012082E318208DE50020DBE5DCFDFFEA29
S2140010F018209DE5802082E318208DE50020DBE5A2
S214001100D7FDFFEA0020DBE50C30A0E10E00A0E1F1
S214001110D3FDFFEA18309DE5103083E344208DE5CB
S21400112018308DE575FEFFEA18309DE5103083E334
S21400113044208DE518308DE5E6FEFFEA000053E317
S21400114018309DE57700CD15080013E338309DE58F
S21400115044208DE5076083E23104000A0730C6E3C9
S214001160082083E238208DE5002093E5043093E5DF
S21400117050208DE554308DE554309DE550509DE56A
S2140011800241C3E30500A0E10410A0E10020E0E373
S21400119030359FE55D4700EB000050E3A403001ADE
S2140011A00500A0E10410A0E10020E0E314359FE56F
S2140011B0444700EB000050E39D03001A60209DE5C5
S2140011C050009DE564309DE554109DE5374700EBE3
S2140011D0000050E38F04001A7730DDE530308DE5EF
S2140011E00330A0E318109DE58010C1E31C108DE5C8
S2140011F044109DE50350A0E120308DE5C8349FE5FE
S214001200470051E3C4249FE500A0A0E30320A0D13B
S21400121048A08DE540208DE564FEFFEA44208DE57C
S21400122044109DE5000053E37700CD15000051E320
S214001230C500000A0030A0E30120A0E3A010CDE521
S21400124018109DE530308DE57730CDE503A0A0E1A0
S21400125048308DE5A0308DE20250A0E120208DE5DB
S2140012601C108DE540308DE556FEFFEA38209DE5E2
S214001270003092E5042082E238208DE528209DE5A6
S214001280002083E54CFDFFEA94208DE22C109DE5BE
S21400129024009DE5D53400EB000050E3B201001AAF
S2140012A07730DDE530308DE5C8908DE29C409DE5D9
S2140012B030309DE5000053E30B00000A0120A0E358
S2140012C098309DE5023083E0070053E3024084E057
S2140012D098308DE577308DE2042089E5003089E589
S2140012E09C408DE5089089D2B10100CA18309DE572
S2140012F0000053E30B00000A0220A0E398309DE5AF
S214001300013083E2070053E3024084E098308DE525
S21400131078308DE2042089E5003089E59C408DE533
S214001320089089D2AB0100CA3C309DE5800053E3AB
S2140013304801000A05A04AE000005AE3310000DA3E
S21400134010005AE398309DD51E0000DA0420A0E174
S2140013501060A0E398309DE524709DE52C409DE547
S214001360020000EA10A04AE210005AE3140000DA75
S214001370013083E2070053E3102082E2008089E513
S214001380046089E598308DE59C208DE5089089D22B
S214001390F3FFFFDA94208DE20410A0E10700A0E13D
S2140013A0923400EB000050E37F01001A10A04AE2DE
S2140013B010005AE3C8908DE29C209DE598309DE58C
S2140013C0EAFFFFCA0240A0E1013083E2070053E3D0
S2140013D00A4084E0000589E898308DE59C408DE55C
S2140013E0089089D2070000DA94208DE22C109DE543
S2140013F024009DE57D3400EB000050E35A01001AFE
S2140014009C409DE5C8908DE21C309DE5010C13E3E1
S2140014105F00001A98309DE540209DE5013083E28C
S214001420054084E0070053E39C408DE5240089E8EE
S21400143098308DE5990100CA089089E21C309DE538
S214001440040013E33300000A34309DE520209DE5B8
S214001450025043E0000055E32E0000DA100055E38A
S21400146098309DD51C0000DA1060A0E398309DE50A
S21400147024709DE52CA09DE5020000EA105045E290
S214001480100055E3140000DA013083E228229FE5BD
S214001490070053E3104084E2440089E898308DE565
S2140014A09C408DE5089089D2F3FFFFDA94208DE208
S2140014B00A10A0E10700A0E14C3400EB000050E366
S2140014C02700001A105045E298308DE2100055E3D0
S2140014D0C8908DE2180093E8EAFFFFCA013083E265
S2140014E0070053E398308DE5CC319FE5054084E056
S2140014F09C408DE5280089E8060000DA94208DE2FD
S2140015002C109DE524009DE5383400EB000050E3E8
S2140015101501001A9C409DE528309DE534209DE588
S21400152020109DE5010052E1023083A0013083B017
S214001530000054E328308DE50501001A0030A0E3D2
S214001540C8908DE298308DE59BFCFFEA9C309DE5C7
S214001550000053E32CA09DE55704001A0030A0E3DA
S21400156098308DE564309AE5010013E3BC30DAE18B
S2140015700100001A020C13E3C701000A400013E33F
S21400158048FDFF1A28009DE543DF8DE2F04FBDE8D9
S2140015901EFF2FE144309DE5650053E34F0000DA5F
S2140015A060209DE550009DE564309DE554109DE566
S2140015B0384600EB000050E34501000A0120A0E396
S2140015C098309DE508119FE5023083E0024084E0F4
S2140015D0070053E3001089E5042089E59C408DE56B
S2140015E098308DE5089089D28E0300CA7C309DE540
S2140015F04C209DE5020053E1020000BA1C309DE538
S214001600010013E37300000A98308DE2180093E897
S21400161058209DE5013083E25C109DE5070053E30A
S214001620044082E0060089E898308DE59C408DE510
S214001630089089D2910300CA4C309DE5015043E2E0
S214001640000055E37CFFFFDA100055E37A0100DA6C
S2140016501060A0E398309DE524709DE52CA09DE5E4
S214001660020000EA105045E2100055E3730100DA6C
S214001670013083E2070053E3104084E2008089E5EE
S214001680046089E598308DE59C408DE5089089D208
S214001690F3FFFFDA94208DE20A10A0E10700A0E134
S2140016A0D23300EB000050E3ADFFFF1A98308DE216
S2140016B0C8908DE2180093E8E9FFFFEA5C3C010061
S2140016C08C3C0100A03C0100FFFFEF7F7C3C01004A
S2140016D0803C0100BC3C010067666666B43C0100C5
S2140016E04C309DE5010053E3C50100DA0130A0E36C
S2140016F098509DE540209DE5035085E0034084E03A
S214001700070055E3002089E5043089E59C408DE517
S21400171098508DE5089089D2D10100CA58309DE5D1
S214001720015085E25C209DE5070055E3044083E018
S2140017300C0089E898508DE59C408DE5089089D28C
S214001740D90100CA60209DE550009DE564309DE506
S21400175054109DE5CF4500EB000050E31401001A3D
S2140017604C309DE540209DE5015085E2013043E286
S214001770012082E2034084E0070055E398508DE59F
S214001780002089E59C408DE5043089E5DA0100CA31
S214001790089089E26C209DE5015085E2044082E0D5
S2140017A084308DE2070055E398508DE59C408DE52A
S2140017B0042089E5003089E51EFFFFDA94208DE2DB
S2140017C02C109DE524009DE5883300EB000050E3D7
S2140017D06500001AC8908DE29C409DE516FFFFEA62
S2140017E00210A0E1A621A0E1872E82E1A701A0E1D8
S2140017F0073006E20070A0E10260A0E1303083E22C
S214001800072096E1013041E5012041E2F3FFFF1A8F
S21400181018009DE5300053E30000A003010000120D
S214001820000050E30703000A3030A0E318009DE5EF
S214001830021041E21C008DE5C8008DE240108DE5E7
S214001840015040E0013042E5D2FCFFEAC8308DE2AC
S21400185040308DE5CFFCFFEA34309DE520209DE545
S214001860026043E0000056E3B1FEFFDA100056E3E4
S21400187098309DD5240000DA0920A0E10410A0E1EC
S2140018800690A0E11070A0E30560A0E198309DE509
S21400189024409DE52C509DE5020000EA109049E2A8
S2140018A0100059E3140000DA013083E2070053E326
S2140018B0101081E2008082E5047082E598308DE5A4
S2140018C09C108DE5082082D2F3FFFFDA94208DE28B
S2140018D00510A0E10400A0E1443300EB000050E353
S2140018E07700001A109049E2100059E3C8208DE2F4
S2140018F09C109DE598309DE5EAFFFFCA0650A0E1E2
S2140019000140A0E10960A0E10290A0E1013083E27D
S214001910070053E3064084E0008089E5046089E51B
S21400192098308DE59C408DE5089089D280FEFFDAE0
S21400193094208DE22C109DE524009DE52B3300EBD2
S214001940000050E30800001AC8908DE29C409DE518
S21400195077FEFFEA94208DE22C109DE524009DE59D
S214001960223300EB000050E3F3FEFF0A2CA09DE5B7
S214001970FBFEFFEA010053E318208DE538FDFF1A51
S214001980000057E3090056037D01008A422F8DE2CE
S214001990306086E218109DE5416062E51C108DE51A
S2140019A00350A0E140208DE57AFCFFEA04A0A0E108
S2140019B0EBFEFFEA94208DE22C109DE524009DE5C9
S2140019C00A3300EB000050E3E7FFFF1AC8908DE2F1
S2140019D09C409DE544FEFFEA94208DE22C109DE598
S2140019E024009DE5013300EB000050E3DEFFFF1A04
S2140019F0C8908DE29C409DE54AFEFFEA0120A0E3E8
S214001A0098309DE538131FE5023083E0024084E0FD
S214001A10070053E3001089E5042089E59C408DE526
S214001A2098308DE5089089D20F0300CA4C309DE5AA
S214001A30053093E10200001A1C309DE5010013E317
S214001A407DFEFF0A98309DE558209DE5013083E233
S214001A505C109DE5044082E0070053E3060089E839
S214001A609C408DE598308DE5089089D2360300CAF3
S214001A70000055E3170300BA013083E24C209DE5D1
S214001A80070053E398308DE540309DE5044082E042
S214001A909C408DE5003089E5042089E565FEFFDA87
S214001AA094208DE22C109DE524009DE5CF3200EBBE
S214001AB0000050E3ACFFFF1A9C409DE5C8908DE205
S214001AC05DFEFFEA05A0A0E1A5FEFFEA0230A0E366
S214001AD019FCFFEA7C509DE5000055E3C6FFFFDADF
S214001AE048309DE54C209DE5020053E10350A0B12F
S214001AF00250A0A1000055E3090000DA98309DE5E9
S214001B0040209DE5013083E2054084E0070053E372
S214001B10240089E89C408DE598308DE5089089D2B0
S214001B20A30200CA48309DE5000055E3053043A0F7
S214001B30000053E30350A0E16C0000DA100053E30A
S214001B4098309DD5580000DA1060A0E398309DE5E7
S214001B5024709DE52CA09DE5020000EA105045E2A9
S214001B60100055E3500000DA013083E2070053E32B
S214001B70104084E2008089E5046089E598308DE5B0
S214001B809C408DE5089089D2F3FFFFDA94208DE221
S214001B900A10A0E10700A0E1943200EB000050E339
S214001BA06FFEFF1A98308DE2C8908DE2180093E819
S214001BB0E9FFFFEA4C309DE5016043E2000056E392
S214001BC0F3FEFFDA100056E3C30000DA18B08DE526
S214001BD01070A0E306B0A0E124A09DE52C609DE572
S214001BE0020000EA10B04BE210005BE3B80000DA37
S214001BF0015085E2070055E3104084E2008089E545
S214001C00047089E598508DE59C408DE5089089D252
S214001C10F3FFFFDA94208DE20610A0E10A00A0E1AF
S214001C20723200EB000050E36A02001AC8908DE2A0
S214001C309C409DE598509DE5E9FFFFEA98309DE5BC
S214001C40013083E2054084E0070053E398308DE5D9
S214001C509C408DE5008089E5045089E5F5FDFFDAB6
S214001C608EFFFFEA006092E5042082E20530A0E1E4
S214001C7038208DE50070A0E3AFFBFFEA38209DE535
S214001C800230A0E1042082E2006093E50070A0E349
S214001C900130A0E338208DE5A7FBFFEA58008AE272
S214001CA0AA4500EBBC30DAE133FEFFEA013083E2FE
S214001CB0070053E3054084E0008089E5045089E589
S214001CC098308DE59C408DE5089089D2070000DAB3
S214001CD094208DE22C109DE524009DE5433200EB18
S214001CE0000050E320FFFF1A9C409DE5C8908DE25F
S214001CF07C209DE54C309DE5030052E15E0100AA84
S214001D0098309DE558109DE5013083E25C009DE526
S214001D10014084E0070053E3030089E89C408DE51A
S214001D2098308DE5089089D2820100CA4C309DE536
S214001D3048009DE5022043E0005043E0020055E1E4
S214001D400250A0A1000055E30B0000DA98109DE5B4
S214001D5040C09DE5011081E200308CE0054084E043
S214001D60070051E3003089E5045089E59C408DE585
S214001D7098108DE5089089D2620100CA000055E3EC
S214001D800250A0B1055042A0000055E3AAFDFFDABC
S214001D90100055E3A8FFFFDA1060A0E398309DE539
S214001DA024709DE52CA09DE5020000EA105045E257
S214001DB0100055E3A1FFFFDA013083E2070053E38A
S214001DC0104084E2008089E5046089E598308DE55E
S214001DD09C408DE5089089D2F3FFFFDA94208DE2CF
S214001DE00A10A0E10700A0E1003200EB000050E37B
S214001DF0DBFDFF1A98308DE2C8908DE2180093E85C
S214001E00E9FFFFEA1C309DE5010013E336FEFF1AEA
S214001E100130A0E398509DE540209DE5035085E005
S214001E20034084E0070055E39C408DE5002089E5EB
S214001E3098508DE5043089E554FEFFDA94208DE253
S214001E402C109DE524009DE5E83100EB000050E3F2
S214001E50C5FEFF1AC8908DE29C409DE598509DE512
S214001E604BFEFFEA94208DE22C109DE524009DE5B4
S214001E70DE3100EB000050E3BBFEFF1AC8908DE297
S214001E809C409DE598509DE523FEFFEA38309DE591
S214001E90076083E20730C6E3082083E2C00093E8C9
S214001EA038208DE50030A0E323FBFFEA94208DE286
S214001EB02C109DE524009DE5CC3100EB000050E39E
S214001EC0A9FEFF1AC8908DE29C409DE598509DE5BE
S214001ED01BFEFFEA0B60A0E118B09DE5015085E20D
S214001EE0064084E0070055E398508DE59C408DE55C
S214001EF0008089E5046089E524FEFFDA94208DE2FF
S214001F002C109DE524009DE5B83100EB000050E361
S214001F1095FEFF1A9C409DE598509DE5C8908DE281
S214001F201BFEFFEA38309DE5076083E20730C6E314
S214001F30082083E238208DE5C00093E89BFBFFEA8B
S214001F4038309DE5076083E20760C6E30C0096E83C
S214001F50081086E238108DE50260A0E10370A0E16B
S214001F60B5FBFFEA38309DE5076083E20730C6E33D
S214001F70082083E2C00093E838208DE50130A0E316
S214001F80EDFAFFEAC8308DE21C908DE50A40A0E32A
S214001F900050A0E30390A0E10600A0E10710A0E136
S214001FA00420A0E10530A0E17F4400EB302082E26F
S214001FB0012069E50600A0E10710A0E10530A0E1D8
S214001FC00420A0E1784400EB0060A0E10170A0E1ED
S214001FD0073096E1EFFFFF1A0930A0E118208DE2E6
S214001FE040908DE5040292E81C208DE5C8208DE225
S214001FF0035042E0E7FAFFEA2D30A0E3006076E205
S2140020007730CDE530308DE50070E7E20130A0E3B3
S214002010CCFAFFEA38109DE5006091E5041081E2F5
S214002020C67FA0E10620A0E10730A0E138108DE5CC
S21400203081FBFFEA50C09DE50C20A0E10C00A0E16A
S21400204054C09DE50C30A0E10C10A0E1AF4300EBBE
S214002050000050E3DC01001A44309DE501007AE3FD
S2140020602050C3E306A0A003BC00000A470055E3C7
S21400207000005A03B900001A54309DE5006053E290
S21400208018309DE5013C83E31C308DE5610100BA04
S2140020904750A0E301A0A0E330008DE550709DE519
S2140020A00200A0E38C108DE201048DE810108DE58F
S2140020B080008DE27C108DE20C008DE50720A0E10B
S2140020C00630A0E108108DE524009DE5910900EB9F
S2140020D0470055E340008DE5F101001A18309DE5F4
S2140020E0010013E3A301000A40309DE50A4083E0A7
S2140020F064309DE560209DE50700A0E10610A0E1A4
S214002100644300EB000050E30430A0110900001AFD
S2140021108C309DE5040053E10600002A3010A0E351
S214002120012083E28C208DE50010C3E58C309DE510
S214002130030054E1F9FFFF8A40209DE5470055E380
S214002140023043E04C308DE50701001A7C309DE5F7
S214002150030073E30320A0E148308DE50030A0A320
S2140021600130A0B30A0052E103A0A0D101A083C3AE
S21400217000005AE3E800000A44309DE5023043E2DE
S21400218044308DE548309DE54420DDE5013043E2EE
S214002190000053E38420CDE52D20A0B32B20A0A380
S2140021A07C308DE548309DB5013063B2090053E3BD
S2140021B093C08DC28520CDE50C00A0C1330000CAB7
S2140021C03020A0E3023083E08620CDE58730CDE5E1
S2140021D088308DE24C109DE584208DE2023043E08D
S2140021E0010051E36C308DE5035081E0990100DA7F
S2140021F058309DE5035085E0C53FC5E120308DE5AC
S2140022000030A0E348308DE530309DE5000053E314
S214002210B700001A03A0A0E17730DDE530308DE589
S21400222062FAFFEA0760C6E3003096E550308DE5B7
S214002230043096E554308DE5083086E238308DE57A
S214002240CCFBFFEA58008AE2404400EB0030E0E3B3
S21400225028308DE515FAFFEA38309DE5006093E5F5
S214002260043083E238308DE50070A0E3CFFAFFEA51
S21400227038309DE5006093E5EAFAFFEA1C309DE5FC
S214002280010013E3A8FEFF0A9CFEFFEA0200A0E19D
S214002290C02B1FE59312C2E0C31FA0E1421161E00C
S2140022A0012181E0822043E0302082E2090051E3F0
S2140022B0012040E50130A0E1012040E2F2FFFFCA24
S2140022C0303081E2020040E2FF1003E200005CE1F1
S2140022D0011042E57401009A86008DE20230A0E10A
S2140022E0000000EA0110D3E40C0053E10110C0E442
S2140022F0FBFFFF1A013083E2023043E086208DE2C6
S214002300033082E0B2FFFFEA94208DE22C109DE5B8
S21400231024009DE5B53000EB000050E392FDFF1A67
S2140023207C209DE54C309DE5C8908DE29C409DE567
S214002330022043E090FEFFEA94208DE22C109DE5FB
S21400234024009DE5A93000EB000050E386FDFF1A4F
S214002350C8908DE27C209DE59C409DE572FEFFEADC
S21400236054309DE5006053E218309DE5013C83E360
S2140023701C308DE5A90000BA0030A0E350709DE542
S21400238030308DE5460055E34500001A03E0A0E333
S2140023908CC08DE27C108DE280008DE20720A0E1EB
S2140023A00630A0E100E08DE510C08DE50C008DE55F
S2140023B008108DE504A08DE524009DE5D50800EB0A
S2140023C000C0A0E10040DCE530C044E200407CE212
S2140023D040008DE564309DE560209DE50700A0E1A6
S2140023E00610A0E10C40A4E0AA4200EB000050E377
S2140023F00130A0E30030A013030014E101306A129C
S2140024007C308D157C309D0540209DE50A3083E0AC
S214002410034082E035FFFFEA2D30A0E330308DE543
S2140024207730CDE56DFBFFEA94208DE22C109DE51C
S21400243024009DE56D3000EB000050E34AFDFF1AD6
S214002440C8908DE268FCFFEA18309DE51C308DE5EB
S214002450C8308DE2025043E040208DE5CDF9FFEA1A
S21400246038309DE528209DE5001093E5043083E292
S21400247038308DE5C23FA0E10C0081E8CEF8FFEAD7
S21400248094208DE22C109DE524009DE5573000EB4E
S214002490000050E334FDFF1AC8908DE29C409DE595
S2140024A064FCFFEA450055E3FCFEFF1A0200A0E3C9
S2140024B08C108DE200008DE510108DE580008DE219
S2140024C07C108DE201408AE20C008DE50720A0E139
S2140024D00630A0E104408DE508108DE524009DE55A
S2140024E08C0800EB40008DE540309DE5044083E01D
S2140024F0FEFEFFEA2D30A0E300A0A0E37730CDE596
S21400250030308DE5ACF9FFEA40009DE555F8FFEB6D
S21400251004A0A0E10050A0E1CAFAFFEA4C209DE525
S21400252048309DE5030052E1420000CA18209DE5B0
S214002530010012E348309D1558209D150250831067
S214002540C53FC511C32FC3010350A00120308D1510
S2140025506730A0E320208D0544308DE529FFFFEA93
S21400256098208DE2140092E8CDF9FFEA44309DE50C
S214002570650053E3C70000DA44309DE5660053E388
S2140025807C309DE548308DE5E3FFFF1A000053E3FD
S214002590A50000DA00005AE39C00001A18209DE50A
S2140025A0010012E39900001A20308DE50350A0E1E7
S2140025B014FFFFEA94208DE22C109DE524009DE593
S2140025C00A3000EB000050E3E7FCFF1AC8908DE2EB
S2140025D09C409DE552FDFFEA06A0A0E1E0FBFFEA75
S2140025E006005AE30A30A0310630A02318109DE5F5
S2140025F020308DE50350A0E1243F1FE502A0A0E1B6
S21400260038608DE51C108DE530208DE548208DE581
S21400261040308DE565F9FFEA4750A0E301A0A0E34E
S21400262054309DE5026183E22D30A0E350709DE5B5
S21400263030308DE552FFFFEA48309DE558209DE595
S214002640000053E34C309DE5025083E048309DD5B2
S214002650013063D2035085D0C53FC5E120308DE5FB
S2140026606730A0E344308DE5E6FEFFEA94208DE275
S2140026702C109DE524009DE5DC2F00EB000050E3C8
S214002680B9FCFF1AC8908DE27C509DE59C409DE504
S214002690E5FCFFEA18309DE51C308DE57730DDE57A
S2140026A00A50A0E120A08DE538608DE500A0A0E1ED
S2140026B048008DE530308DE53CF9FFEA24009DE5C5
S2140026C094208DE20A10A0E1C82F00EB000050E332
S2140026D0A1FBFF0AA2FBFFEA100075E3005065E2CB
S2140026E0260000AA1060A0E324709DE52CA09DE5BE
S2140026F0020000EA105045E2100055E31F0000DA21
S214002700013083E2070053E3104084E2008089E54D
S214002710046089E598308DE59C408DE5089089D267
S214002720F3FFFFDA94208DE20A10A0E10700A0E193
S214002730AE2F00EB000050E389FBFF1A98308DE2C5
S214002740C8908DE2180093E8E9FFFFEA94208DE236
S2140027502C109DE524009DE5A42F00EB000050E31F
S21400276081FCFF1A98308DE2C8908DE27C509DE582
S214002770180093E8BDFCFFEA8C309DE56DFEFFEA8D
S214002780013083E2054084E0070053E3008089E5DA
S214002790045089E598308DE59C408DE5089089E2E7
S2140027A0B4FCFFDA94208DE22C109DE524009DE514
S2140027B08E2F00EB000050E36BFCFF1A98308DE282
S2140027C0C8908DE2180093E8AAFCFFEA0330A0E365
S2140027D018109DE58010C1E31C108DE544109DE5A2
S2140027E00350A0E120308DE5C4309FE5470051E35B
S2140027F0C0209FE500A0A0E30320A0D17730DDE550
S21400280048A08DE540208DE530308DE5E7F8FFEAFD
S21400281048309DE558209DE5025083E00A5085E04B
S214002820C53FC5E120308DE576FEFFEA00005AE39D
S2140028300200001A18309DE5010013E31300000A99
S21400284058309DE5015083E20A5085E0C53FC5E15A
S21400285020308DE56BFEFFEA18309DE5013013E26F
S21400286048308DE5EDFFFF0A60FEFFEA38709DE513
S21400287000A097E50120DBE506005AE101B0A0E1E3
S214002880041087E206A0A0B138108DE5F4F7FFEA41
S2140028900130A0E343FFFFEA7C309DE548308DE53C
S2140028A037FEFFEA0A40A0E10EFFFFEA86308DE21F
S2140028B047FEFFEA843C0100883C010070402DE999
S2140028C00150A0E10260A0E10040A0E12A1200EB66
S2140028D00630A0E10520A0E10410A0E17040BDE8AC
S2140028E078F7FFEAF0412DE90140A0E101CBA0E333
S2140028F000E0A0E30260A0E10070A0E10380A0E198
S21400290046DE4DE2BE30D4E108D04DE2BC10D1E147
S214002910BE30CDE1643094E51C2094E50210C1E39E
S21400292064308DE5243094E5BC10CDE158008DE28E
S21400293068108DE208C08DE514C08DE51C208DE57D
S21400294024308DE518E08DE500108DE510108DE53E
S2140029507A4200EB0620A0E10830A0E10D10A0E1CD
S2140029600700A0E157F7FFEB006050E2040000BA52
S2140029700D10A0E10700A0E1840D00EB000050E37D
S2140029800060E013BC30DDE1400013E3BC30D4113E
S21400299040308313BC30C41158008DE2694200EB0E
S2140029A00600A0E146DE8DE208D08DE2F041BDE8EB
S2140029B01EFF2FE1F04F2DE901B0A0E1641091E574
S2140029C0010011E3FC10DBE1ABDF4DE214308DE5D6
S2140029D00138A0E124008DE52338A0110200001A7A
S2140029E0020413E32338A0E1FF03000A020A13E3FC
S2140029F064309B05023AC30364308B050030A0E3C5
S214002A000260A0E103A0A0E1021A8103BC10CB0182
S214002A101C308DE510308DE518308DE524809DE561
S214002A200670A0E10130D7E4000053E33C308DE5AA
S214002A30DF03000A0F1200EB3C309DE5030080E048
S214002A400150D0E5085005E2000055E30590A0E1EE
S214002A501700000A04209BE50C0000EA051200EBB4
S214002A6000309BE50020D3E5020080E00120D0E5A1
S214002A70080012E3013083E20B00000A04209BE505
S214002A80012042E200308BE504208BE501A08AE2BB
S214002A90000052E3F0FFFFCA0B10A0E10800A0E11F
S214002AA0AA1A00EB000050E3EBFFFF0A0760A0E164
S214002AB0DAFFFFEA250053E38000001A0540A0E194
S214002AC008508DE50160D6E5013087E2780056E3D0
S214002AD006F19F97790200EAB4310000C034000086
S214002AE0C0340000C0340000C0340000C034000011
S214002AF0C0340000C0340000C0340000C034000001
S214002B00C0340000C0340000C0340000C0340000F0
S214002B10C0340000C0340000C0340000C0340000E0
S214002B20C0340000C0340000C0340000C0340000D0
S214002B30C0340000C0340000C0340000C0340000C0
S214002B40C0340000C0340000C0340000C0340000B0
S214002B50C0340000C0340000C0340000C0340000A0
S214002B60C0340000C0340000C0340000BC2C00009C
S214002B70C0340000C0340000C0340000C034000080
S214002B8054330000C0340000C0340000C0340000DD
S214002B90C0340000C03400003C3300003C3300006A
S214002BA03C3300003C3300003C3300003C33000064
S214002BB03C3300003C3300003C3300003C33000054
S214002BC0C0340000C0340000C0340000C034000030
S214002BD0C0340000C0340000C0340000C034000020
S214002BE0C0340000C0340000283300001C3300004E
S214002BF0C03400001C330000C0340000C0340000A5
S214002C00C0340000C0340000B8320000C0340000F9
S214002C10C034000090320000C0340000C034000011
S214002C20C0340000C0340000C0340000C0340000CF
S214002C30C0340000C034000068320000C034000019
S214002C40C0340000E4310000C0340000C03400008E
S214002C50C0340000C0340000C0340000C03400009F
S214002C60C0340000EC320000D03200001C330000FC
S214002C701C3300001C33000004330000002D00004D
S214002C80C0340000C034000000340000C03400002F
S214002C90AC330000A433000094330000C0340000BE
S214002CA0C034000088330000C03400006C330000DD
S214002CB0C0340000C0340000683200000370A0E199
S214002CC004309BE5000053E34C0400DA00309BE53B
S214002CD0011057E50020D3E5020051E13403001A45
S214002CE004209BE5013083E2012042E200308BE5C0
S214002CF001A08AE204208BE50760A0E147FFFFEA17
S214002D000C308DE5F43E9FE51C308DE50030A0E3E9
S214002D100370A0E310308DE504309BE5000053E31C
S214002D203A0100DA08309DE5400013E30C00000A83
S214002D30017047E2030057E307F19F979D0000EA02
S214002D4028300000302F0000A42D0000E8340000DA
S214002D500B10A0E10800A0E1FC1900EB000050E316
S214002D602F01001A431100EB00309BE50020D3E54D
S214002D70020080E00120D0E5080012E3013083E283
S214002D80EAFFFF0A04209BE5012042E2000052E32E
S214002D9001A08AE204208BE500308BC5F0FFFFCA55
S214002DA0EAFFFFEA013044E2570F53E30030A093F6
S214002DB00070A0E31090A0E3573F448208209DE5F2
S214002DC001304382366D82E3344E9F850A20A0E1AF
S214002DD003A0A0E10730A0E110709DE5525F8DE2F0
S214002DE000109BE500C0D1E52B004CE24D0050E3FF
S214002DF000F19F97B90000EA8C310000E030000037
S214002E008C310000E0300000E0300000543100005B
S214002E1040310000403100004031000040310000E9
S214002E204031000040310000403100009C3100007D
S214002E309C310000E0300000E0300000E030000090
S214002E40E0300000E0300000E0300000E03000003D
S214002E5030310000303100003031000030310000E9
S214002E603031000030310000E0300000E03000007B
S214002E70E0300000E0300000E0300000E03000000D
S214002E80E0300000E0300000E0300000E0300000FD
S214002E90E0300000E0300000E0300000E0300000ED
S214002EA0E0300000E0300000E03000009C30000021
S214002EB0E0300000E0300000E0300000E0300000CD
S214002EC0E0300000E0300000E0300000E0300000BD
S214002ED03031000030310000303100003031000069
S214002EE03031000030310000E0300000E0300000FB
S214002EF0E0300000E0300000E0300000E03000008D
S214002F00E0300000E0300000E0300000E03000007C
S214002F10E0300000E0300000E0300000E03000006C
S214002F20E0300000E0300000E03000009C300000A0
S214002F3008309DE5000054E30040E003015013E232
S214002F403A01001A08309DE5100013E37303000AE7
S214002F50C81000EB00309BE50020D3E5020080E0BF
S214002F600120D0E5080012E3013083E20D00001ACC
S214002F7004209BE5015085E2012042E2050054E171
S214002F8000308BE504208BE50600000A000052E3C3
S214002F90EEFFFFCA0B10A0E10800A0E16B1900EBE2
S214002FA0000050E3E9FFFF0A0C709DE505A08AE0EB
S214002FB00760A0E199FEFFEA08309DE5000054E3B3
S214002FC00140A003015013E2FE02001A08309DE5FE
S214002FD0100013E30900001A760300EA032082E0DB
S214002FE000208BE50B10A0E10800A0E1035085E06F
S214002FF0034044E0551900EB000050E34203001A7A
S2140030000C009BE8040053E1F3FFFFBA043043E0F2
S214003010042082E0045085E00C008BE805A08AE0DE
S2140030200C709DE5E1FFFFEA08309DE5000054E3E3
S2140030300040E003100013E39B02000A0050A0E3E8
S21400304000209BE50030D2E5AA1F8DE2033081E028
S214003050603253E5000053E3012082E25D02000A7D
S21400306004309BE5015085E2013043E2050054E15F
S2140030700C008BE8CBFFFF0A000053E3F0FFFFCA0B
S2140030800B10A0E10800A0E1301900EB000050E3AF
S214003090C4FFFF1A00209BE5E9FFFFEA060C06E2E4
S2140030A0020C50E30D00001A0970A0E1026CC6E3A2
S2140030B0056C86E300C0C5E5015085E204009BE58B
S2140030C0010040E2000050E304008BE5230200DA32
S2140030D0011081E200108BE5014054E23FFFFF1A29
S2140030E0010C16E310708DE502A0A0E10370A0E1CC
S2140030F00500000A523F8DE2030055E14503008AB1
S214003100523F8DE2030055E12902000A10C016E284
S2140031108D02000A523F8DE2035045E0077085E0BD
S21400312007A08AE00C709DE50760A0E13BFEFFEA81
S2140031300A0057E3E9FFFFDA2E6DC6E3DCFFFFEA7D
S214003140C00A9FE58770A0E1F77090E12E6DC6E398
S214003150D7FFFFEA020B16E3D5FFFF0A000057E38E
S214003160026C86030870A003010B16E3166DC613E7
S214003170CFFFFF1A00005AE30E6DC6E301A04A1205
S21400318001408412013083E2CBFFFFEA800016E3A1
S214003190D2FFFF0A8060C6E3C5FFFFEA640A9FE528
S2140031A08770A0E1F77090E1080057E3E1FFFFCADF
S2140031B0CAFFFFEA64309BE5010013E30200001A31
S2140031C0BC30DBE1020C13E31903000A0030E0E335
S2140031D018308DE518009DE5ABDF8DE2F04FBDE8B9
S2140031E01EFF2FE10310A0E108309DE548008DE2A8
S2140031F0403083E308308DE5611900EB04309BE531
S214003200000053E30C008DE50170A0E3C4FEFFCA86
S2140032100B10A0E10800A0E1CC1800EB000050E382
S214003220BFFEFF0A64309BE5010013E30300001AAB
S214003230BC30DBE1020C13E358008B024340000B6A
S21400324018309DE5000053E3DFFFFF0ABC30DBE1EA
S214003250400013E3DCFFFF1A18009DE5ABDF8DE2AC
S214003260F04FBDE81EFF2FE10C308DE508309DE5E0
S214003270023C83E308308DE58C399FE51C308DE5F4
S2140032801030A0E30370A0E310308DE5A1FEFFEA46
S2140032900C308DE508309DE5013083E308308DE580
S2140032A064399FE51C308DE50830A0E30370A0E389
S2140032B010308DE597FEFFEA08209DE5022082E3A8
S2140032C00160D7E508208DE50370A0E1FDFDFFEA6B
S2140032D00C308DE524399FE51C308DE50A30A0E3DF
S2140032E00370A0E310308DE58AFEFFEA0C308DE512
S2140032F008309DE5403083E308308DE50070A0E39C
S21400330084FEFFEA08209DE5042082E30160D7E5FD
S21400331008208DE50370A0E1EAFDFFEA0C308DE59C
S2140033200470A0E37BFEFFEA0C308DE508309DE5D7
S214003330013083E308308DE5E5FFFFEA044184E0D1
S214003340844086E0304044E20160D7E50370A0E1A7
S214003350DCFDFFEA08209DE5102082E30160D7E54A
S21400336008208DE50370A0E1D6FDFFEA0C308DE560
S21400337094389FE51C308DE50A30A0E30370A0E387
S21400338010308DE563FEFFEA0C308DE50270A0E399
S21400339060FEFFEA0C308DE508309DE5223E83E3B3
S2140033A0B3FFFFEA0C308DE5BCFFFFEA0C308DE57D
S2140033B008309DE5100013E33D00001A040013E3F7
S2140033C0BD02001A08309DE5010013E3AF01001AA4
S2140033D008309DE5020013E3AC01000A0A20A0E1D4
S2140033E014009DE5001090E5CA3FA0E10C0081E8BE
S2140033F0043080E20C709DE514308DE5AAFDFFEAEE
S2140034000160D7E56C0056E308309D0508209D1541
S21400341002308303012082130260D70508308D0531
S2140034200270870208208D150370A011A5FDFFEA23
S2140034300070A0E340908DE20900A0E10820A0E320
S2140034400010A0E3451300EB08309DE5103013E2B2
S21400345008308DE514309D05005093050430830236
S21400346014308D053C508D12820F00EB00309BE52A
S2140034700030D3E5033080E00130D3E5A331A0E18E
S214003480013023E2000054E30030A00301300312B1
S214003490000053E39702001A08309DE5000053E34E
S2140034A00300001A003085E518309DE5013083E200
S2140034B018308DE50C709DE50760A0E157FDFFEA2A
S2140034C00C308DE56B0F00EB063080E00130D3E565
S2140034D0033003E2010053E308309D050130830307
S2140034E008308D057AFFFFEA0800A0E1710F00EBB7
S2140034F0013044E2570F53E3003090E528308DE565
S2140035000030A093573F4482013043820520A0E15B
S21400351034308D8534308D950030A0E330308DE525
S2140035200370A0E120308DE52C308DE508309DE558
S21400353008808DE50280A0E1C4469F85525F8DE23B
S2140035401E6D83E300009BE50010D0E52BC041E232
S2140035504E005CE30CF19F97ED0000EA1438000083
S2140035601439000014380000143900001439000023
S214003570EC370000983600009836000098360000B9
S21400358098360000983600009836000098360000FE
S21400359098360000983600001439000014390000F0
S2140035A014390000143900001439000014390000E2
S2140035B014390000F43800001439000014390000F3
S2140035C014390000B4380000043900001439000033
S2140035D01439000080380000143900001439000047
S2140035E01439000014390000443800001439000073
S2140035F01439000014390000143900001439000092
S2140036003438000014390000143900001439000062
S2140036101439000024380000143900001439000062
S2140036201439000014390000143900001439000061
S21400363014390000F4380000143900001439000072
S21400364014390000B43800000439000014390000B2
S21400365014390000803800001439000014390000C6
S21400366014390000143900004438000014390000F2
S2140036701439000014390000143900001439000011
S21400368034380000143900001439000014390000E2
S2140036901439000024380000090078E10D00001AF3
S2140036A0066DC6E30010C5E5015085E204109BE5F3
S2140036B0011041E2000051E3014044E201A08AE229
S2140036C004108BE59B0000DA010080E200008BE529
S2140036D0000054E39AFFFF1A0820A0E1000057E319
S2140036E008809DE5016CC613012042E2010052E30A
S2140036F03E02009A012049E2060052E30F00008ACB
S214003700020059E39F00009A030059E3044049125F
S214003710FF4004120430E011039085100700000AF1
S214003720011075E50B20A0E10800A0E1F32A00EBEC
S214003730050059E1F9FFFF1A01A04AE204A04AE099
S214003740010C16E30A00000A010B16E33302001A06
S214003750011055E5DF2001E2450052E3BF01001AE3
S214003760015045E201A04AE20B20A0E10800A0E1DA
S214003770E22A00EB102016E24DFFFF1A061C06E2B6
S214003780010B51E30020C5E5AE01000A30309DE58F
S214003790000053E3AA00001A0020A0E3521F8DE2A7
S2140037A00800A0E1BE1E00EB010016E30040A0E109
S2140037B00150A0E10100001A020016E39200000A80
S2140037C014209DE5003092E5042082E214208DE569
S2140037D0300083E818309DE50C709DE5013083E2EB
S2140037E018308DE50760A0E18CFCFFEA010C16E3BB
S2140037F0A8FFFF0A34309DE5000053E38060C6E36F
S214003800017087E20130431234308D150140841276
S214003810A5FFFFEA800016E3AEFFFF0A8060C6E35E
S2140038209FFFFFEA070059E3AAFFFF1A0890A0E3EC
S2140038309BFFFFEA060059E3A6FFFF1A0790A0E3E6
S21400384097FFFFEA000058E3000057033F00001A06
S21400385007CC06E2070C5CE31E6DC6030180A003DE
S2140038600070A0038EFFFF0A040059E301005913FD
S21400387098FFFF1A019089E2FF9009E288FFFFEAAD
S214003880000059E3000057030500001A07CC06E2C3
S214003890070C5CE31E6DC6030190A0030070A00336
S2140038A07FFFFF0A03C049E2FD001CE3F0FFFF0AAA
S2140038B088FFFFEA05CC06E2010B5CE30300000A82
S2140038C0010B16E383FFFF0A000057E3AE01000A70
S2140038D0020C16E320309D051E6DC6E3033047003C
S2140038E02C508D0530308D05066D86E30070A0E304
S2140038F06BFFFFEA010058E376FFFF1A0280A0E3A1
S21400390067FFFFEA020059E372FFFF1A0390A0E385
S21400391063FFFFEA28309DE500C0D3E501005CE1C7
S2140039206CFFFF1A020C16E36AFFFF0A0A6DC6E375
S21400393020708DE55AFFFFEA0B10A0E108009DE518
S214003940021700EB000050E360FFFF0A61FFFFEA8A
S214003950020058E3C3FFFF1A0380A0E350FFFFEA0C
S2140039600B10A0E10800A0E110308DE508208DE5E1
S214003970F61600EB000050E308209DE510309DE5AC
S214003980D4FDFF0AD5FDFFEA523F8DE2030055E164
S2140039900590A0E10600009A011079E50B20A0E151
S2140039A024009DE5552A00EB523F8DE2030059E1C5
S2140039B0F8FFFF1A64309BE5010013E304FEFF1ACC
S2140039C0BC30DBE1020C13E301FEFF1A58008BE269
S2140039D05E3E00EBFEFDFFEA000055E3F4FFFF0A43
S2140039E005A08AE00C709DE570FDFFEA58008BE2AA
S2140039F008208DE5573E00EBFC10DBE10138A0E126
S214003A002338A0E108209DE5F7FBFFEA0130A0E19E
S214003A100020A0E13D3D00EB14309DE5000050E3A2
S214003A20047083E2006093E58F01001A0400A0E1B1
S214003A300510A0E16F3D00EB14708DE5000086E5F3
S214003A4063FFFFEA2C109DE50A30A0E30020A0E308
S214003A50011081E20800A0E1381F00EB30309DE540
S214003A60032040E02C109DE5A63F8DE2033083E264
S214003A70030051E1A63F8D22023083222C308D2593
S214003A8088119FE52C009DE58D1700EB41FFFFEAAE
S214003A9014209DE5003092E50C709DE500A083E5BE
S214003AA0043082E214308DE5FFFBFFEA14309DE51A
S214003AB0005093E50570A0E1046083E200209BE5DA
S214003AC00030D2E5AA0F8DE2033080E0603253E585
S214003AD0000053E3011082E21000000A04309BE568
S214003AE0013043E20A008BE80030D2E5014054E2A0
S214003AF00130C7E40900000A04309BE5000053E3E8
S214003B00EDFFFFCA0B10A0E10800A0E18F1600EB46
S214003B10000050E3E8FFFF0A070055E1C0FDFF0A7A
S214003B20055057E0A2FFFF0A0030A0E30030C7E5CB
S214003B3018309DE5013083E214608DE518308DE580
S214003B4005A08AE00C709DE518FDFFEA00C0C5E5FB
S214003B5010309DE50020A0E3521F8DE20800A0E192
S214003B601CC09DE50FE0A0E11CFF2FE1200016E33E
S214003B70C100001A040016E3D800001A010016E37C
S214003B80BD00001A020016E31201000A1C309DE573
S214003B9074209FE5020053E1521F8DE210309DE530
S214003BA00020A0E30800A0E1CA00000AD51F00EB31
S214003BB014209DE5003092E5042082E214208DE575
S214003BC0030083E8B10000EA40908DE20900A0E11E
S214003BD00820A0E30010A0E3601100EB08309DE58C
S214003BE0103013E208308DE5AC00000A000054E304
S214003BF00070A0132EFEFF0A0060A0E3110000EA8A
S214003C0040B700005D010000C03C0100D8BD0000C8
S214003C10E43C010008309DE5000053E33600001A3E
S214003C20003087E505A08AE0014044E20060A0E39A
S214003C30047087E204209BE5000052E3230000DACC
S214003C40000054E32800000A7E0D00EB060050E159
S214003C5073FDFF0A06009BE8AA3F8DE20100D1E44F
S214003C6006C083E0012042E2015086E200108BE5A8
S214003C700530A0E100908DE50710A0E104208BE55B
S214003C8060014CE5522F8DE20800A0E1D40F00EB56
S214003C90010070E362FDFF0A000050E3DCFFFF0A4C
S214003CA0020070E30560A001E1FFFF0A08309DE511
S214003CB0000053E305A08AE0014044E20060A01340
S214003CC0D9FFFF0A04209BE5000052E3DBFFFFCA92
S214003CD00B10A0E10800A0E11C1600EB000050E36A
S214003CE0D6FFFF0A000056E34DFDFF1A08309DE59B
S214003CF0000053E3EBFDFF0AEDFDFFEA05A08AE0B6
S214003D00014044E20060A0E3C9FFFFEA000055E37B
S214003D1043FDFF0A05A08AE00C709DE5A3FCFFEAC0
S214003D2014309DE5006093E50650A0E1047083E240
S214003D30500D00EB00209BE50030D2E5030080E04C
S214003D400130D0E5080013E3011082E20E00001AED
S214003D5004309BE5013043E20A008BE80030D2E5F0
S214003D60014054E20130C5E40700000A04309BE538
S214003D70000053E3EDFFFFCA0B10A0E10800A0E12E
S214003D80F21500EB000050E3E8FFFF0A0030A0E366
S214003D900030C5E518309DE514708DE50C709DE586
S214003DA0066045E0013083E206A08AE018308DE523
S214003DB00760A0E119FBFFEA14509DE50430A0E17E
S214003DC0001095E50120A0E300B08DE50800A0E115
S214003DD0BB0900EB000050E3043085E210FDFF0A4B
S214003DE018209DE50C709DE5012082E200A08AE087
S214003DF018208DE514308DE50760A0E107FBFFEA8B
S214003E000B10A0E10800A0E1D01500EB000050E385
S214003E10ADFBFF0A02FDFFEA013045E2011055E561
S214003E200B20A0E10800A0E10350A0E1332900EB3D
S214003E30B2FCFFEA58008BE2443D00EB0030E0E3C2
S214003E4018308DE5E2FCFFEA20309DE5032057E0C0
S214003E50002062122C508D154EFEFF0A00FFFFEA6E
S214003E600B20A0E10800A0E1242900EB02A04AE212
S214003E70021055E5025045E23AFEFFEA14209DE5A1
S214003E80003092E5042082E214208DE5000083E5F0
S214003E9018309DE5013083E218308DE59CFCFFEA82
S214003EA014209DE5000054E3043082E2007092E5A1
S214003EB014308DE54FFFFF1A7AFDFFEA14209DE5CA
S214003EC0003092E5B0A0C3E1043082E20C709DE5BC
S214003ED014308DE5F4FAFFEA962000EB33FFFFEA94
S214003EE014209DE5003092E5042082E214208DE542
S214003EF0B000C3E1E5FFFFEAD20C00EB000057E19B
S214003F00C7FCFF0A0C009BE80100D2E400208BE50A
S214003F10AA2F8DE2016087E2013043E2077082E05B
S214003F2000908DE5522F8DE204308BE5600147E569
S214003F300630A0E10510A0E10800A0E1280F00EB84
S214003F40010070E3B6FCFF0A000050E300008505A0
S214003F501100000A020070E30670A0010D00001AAE
S214003F6004309BE5000053E33EFDFFCA0B10A0E1C2
S214003F700800A0E1751500EB000050E339FDFF0ACC
S214003F80000057E3A6FCFF1A42FDFFEA0820A0E166
S214003F9008809DE5D3FDFFEA000095E57A0C00EB6E
S214003FA0007050E22900000A000056E339FDFF0ABF
S214003FB0523F8DE2066083E0011076E50B20A0E11B
S214003FC00800A0E1CD2800EB523F8DE2060053E149
S214003FD0F8FFFF1A2FFDFFEA14209DE5003092E55A
S214003FE0000083E5043082E214308DE5A7FFFFEA87
S214003FF0523F8DE2030055E10590A0E16CFEFF9A6A
S214004000011079E50B20A0E124009DE5BB2800EB1C
S214004010523F8DE2030059E1F8FFFF1A64FEFFEA03
S214004020523F8DE2030055E10590A0E160FEFF9A45
S214004030011079E50B20A0E124009DE5AF2800EBF8
S214004040523F8DE2030059E1F8FFFF1A58FEFFEADF
S21400405008309DE5000053E306A08AE0014044E2F4
S214004060045085020070A003BCFFFFEA0000A0E336
S214004070F71500EB14708DE5000086E5D4FDFFEA29
S214004080F0412DE90050A0E10160A0E10270A0E13E
S214004090390C00EB004050E20200000A383094E58C
S2140040A0000053E34F08000B0730A0E10620A0E114
S2140040B00510A0E10400A0E1F041BDE83CFAFFEAEB
S2140040C070402DE90150A0E10260A0E10040A0E1AF
S2140040D0290C00EB0630A0E10520A0E10410A0E1C9
S2140040E07040BDE832FAFFEA10402DE9004050E289
S2140040F010D04DE20500000A38C094E500005CE3ED
S2140041000200001A0E008DE9360800EB0E009DE94D
S2140041100400A0E110D08DE21040BDE824FAFFEACA
S21400412070402DE90050A0E10140A0E1120C00EB28
S214004130003050E20200000A383093E5000053E3F6
S2140041403400000AFC20D4E10238A0E1020713E3A1
S2140041502338A0E10C00000A100094E5000050E3AC
S2140041601400000A012013E21B00001A020013E3E9
S21400417014209405000050E3082084E50000A013F6
S2140041801D00000A7040BDE81EFF2FE1100013E37B
S2140041903200000A040013E32000001A100094E521
S2140041A0082082E3BC20C4E1000050E30228A0E11E
S2140041B02238A0E1EAFFFF1A0A2D03E2020C52E3BE
S2140041C0E7FFFF0A0500A0E10410A0E1750C00EB74
S2140041D0BC30D4E1100094E5E1FFFFEA0020A0E344
S2140041E0143094E5000050E3003063E2183084E5B4
S2140041F0082084E50000A013E1FFFF1AFC30D4E19C
S214004200800013E340308313BC30C4110000E01379
S2140042107040BDE81EFF2FE1F20700EBC8FFFFEA83
S214004220301094E5000051E30700000A403084E2B5
S214004230030051E10200000A0500A0E19B0900EB23
S214004240FC20D4E10030A0E3303084E50030A0E369
S214004250100094E52420C2E3090084E8CFFFFFEABB
S2140042600930A0E3402082E3003085E50000E0E36B
S214004270BC20C4E1C2FFFFEAF0412DE90050A0E1F6
S214004280E0009FE50280A0E10370A0E10160A0E1EC
S214004290303C00EBD0309FE5004093E5483194E594
S2140042A0000053E3533F8402042093E5483184051D
S2140042B01F0052E3010082D20F0000DAAC309FE507
S2140042C0000053E32300000A190EA0E300F020E3E9
S2140042D0003050E21F00000A0010A0E30100A0E337
S2140042E00120A0E148C194E5041083E500C083E501
S2140042F0483184E5881183E58C1183E5000055E399
S2140043000700001A022082E2040083E554009FE5BD
S214004310026183E70D3C00EB0000A0E3F041BDE83E
S2140043201EFF2FE10110A0E302E183E088808EE506
S21400433088C193E51112A0E101C08CE188C183E534
S21400434008718EE5020055E38CC1930501108C01BF
S2140043508C118305EAFFFFEA08009FE5FB3B00EBB4
S2140043600000E0E3ECFFFFEA584B0100583C010078
S21400437000000000F04F2DE90190A0E300A0A0E3AC
S21400438014D04DE204008DE55C019FE50160A0E1DC
S214004390F03B00EB54319FE5003093E508308DE5A7
S2140043A0523F83E20C308DE508309DE5487193E579
S2140043B0000057E33D00000A0C809DE508B0A0E130
S2140043C0044097E5015054E201408452044187506E
S2140043D00700005A260000EA003194E5030056E183
S2140043E00500000A015045E2010075E3044044E27E
S2140043F01F00000A000056E3F6FFFF1A043097E598
S214004400013043E2050053E1003094E5045087058F
S21400441000A08415000053E3F1FFFF0A881197E51A
S2140044201925A0E1010012E1048097E52400000AA6
S2140044308C1197E5010012E12400001A801094E523
S21400444004009DE50FE0A0E113FF2FE1043097E59F
S214004450080053E1D3FFFF1A00309BE5070053E145
S214004460D0FFFF1A015045E2010075E3044044E224
S214004470DFFFFF1A78309FE5000053E30B00000AC9
S214004480043097E5000053E31400001A003097E567
S214004490000053E30500000A0700A0E100308BE5AA
S2140044A000F020E300709BE5000057E3C3FFFF1A0F
S2140044B034009FE5A53B00EB14D08DE2F04FBDE83D
S2140044C01EFF2FE10FE0A0E113FF2FE1DEFFFFEA62
S2140044D0800094E50FE0A0E113FF2FE1DAFFFFEA8A
S2140044E007B0A0E1007097E5EEFFFFEA584B010029
S2140044F0583C01000000000010402DE908009FE530
S2140045008E3B00EB1040BDE81EFF2FE1584B01002C
S21400451018309FE5000053E31EFF2F0110402DE9E1
S2140045200C009FE5B9EFFFEB1040BDE81EFF2FE142
S214004530344101007C640000F04F2DE9103090E516
S214004540105091E5030055E114D04DE20000A0C3E1
S2140045506C0000CA015045E2144081E204108DE56B
S214004560051194E7149080E20070A0E1011081E24A
S214004570050199E74E3700EB0531A0E108308DE5DF
S214004580038084E0006050E2033089E00C308DE563
S2140045902F00000A0000A0E304B0A0E10010A0E194
S2140045A009A0A0E10020A0E164E19FE504009BE4EF
S2140045B00E3000E0962322E02008A0E12238A0E199
S2140045C0963020E000C09AE50E3002E0033041E06D
S2140045D00E200CE00E1000E0023083E02C1861E0A4
S2140045E0431881E00E3003E0013883E10B0058E108
S2140045F004308AE44118A0E12028A0E1EAFFFF2A5F
S21400460008309DE5033099E7000053E31000001AD8
S2140046100C209DE5043042E2030059E10B00002A1D
S214004620043012E5000053E30800001A083042E2A6
S214004630030000EA002093E5000052E3043043E262
S2140046400200001A030059E1015045E2F8FFFF3A64
S214004650105087E504109DE50700A0E1E91000EB87
S214004660000050E3260000BA09E0A0E10030A0E315
S2140046709CC09FE5016086E2041094E400009EE57D
S2140046800C2001E0022043E02138A0E10C1000E0FD
S214004690012082E0203863E0423883E00C2002E00C
S2140046A0032882E1040058E104208EE44338A0E1A8
S2140046B0F0FFFF2A053199E7000053E3053189E052
S2140046C00F00001A042043E2020059E10B00002A02
S2140046D0042013E5000052E30800001A083043E205
S2140046E0030000EA002093E5000052E3043043E2B2
S2140046F00200001A030059E1015045E2F8FFFF3AB4
S214004700105087E50600A0E114D08DE2F04FBDE81A
S2140047101EFF2FE1FFFF0000F04F2DE9401090E54F
S2140047205CD04DE2000051E30040A0E102A0A0E111
S21400473003B0A0E18C509DE50600000A0130A0E31E
S214004740442090E51332A0E10C0081E9FD0E00EB59
S2140047500030A0E3403084E500005BE30130A0B306
S2140047600030A0A30B90A0E1003085B5003085A5F1
S214004770B0339FE50291CBB309B0A0B10930D3E1C5
S2140047801300000A0020A0E30030A0E30A00A0E126
S2140047900B10A0E1BF3900EB008050E22700000AB2
S2140047A00130A0E390209DE5000052E388209DE5BF
S2140047B0003082E59E00000A6C039FE590309DE580
S2140047C0000083E5010040E25CD08DE2F04FBDE8DA
S2140047D01EFF2FE154339FE588209DE500005AE335
S2140047E0003082E50D00001AFF94C9E30F96C9E376
S2140047F0000059E30900001A90309DE530039FE55C
S214004800000053E308308012EEFFFF0A90209DE57B
S214004810003082E55CD08DE2F04FBDE81EFF2FE150
S21400482090309DE50C039FE5000053E303308012B3
S214004830E4FFFF0A90209DE5003082E5F4FFFFEAE2
S21400484050208DE254308DE204208DE500308DE559
S2140048500A20A0E10B30A0E10400A0E1401100EB2B
S214004860295AB0E114008DE56700001A50809DE5D6
S21400487054509DE5055088E0433E85E2023083E2D1
S214004880200053E3410E85C2403063C21993A0C195
S214004890209063D2020080C23A0089C11A09A0D1D2
S2140048A0E23700EB0130A0E320308DE5015045E211
S2140048B01F1641E20020A0E37C329FE5163700EB8E
S2140048C0923F8FE20C0093E8183800EB913F8FE29E
S2140048D00C0093E8113700EB0060A0E10500A0E1B2
S2140048E00170A0E1DA3700EB233E8FE20C0093E87C
S2140048F00E3800EB0020A0E10130A0E10600A0E1A8
S2140049000710A0E1053700EB0060A0E10170A0E110
S2140049108C3900EB0020A0E308008DE50030A0E312
S2140049200600A0E10710A0E1603900EB000050E3AC
S2140049302E01001A08609DE5160056E30630A0E139
S2140049400130A0832C308D850C00008AFC319FE559
S214004950863183E00A20A0E1030093E80B30A0E153
S214004960643900EB000050E30620A011013042122B
S21400497008308D150030A0132C008D052C308D15B9
S214004980055048E0013055E20C308DE501306542B7
S21400499018308D450030A0530030A04318308D5598
S2140049A00C308D4508309DE5000053E3060100BA43
S2140049B00C209DE530308DE5032082E00030A0E33A
S2140049C00C208DE528308DE580309DE5090053E309
S2140049D01900008A050053E30150A0D30050A0C37D
S2140049E0043043C280308DC580309DE5023043E2FE
S2140049F0030053E303F19F97090100EA50520000B9
S214004A00044F000080520000B0560000FF34CBE395
S214004A100F36C3E3FF5F45E2FF1583E320808DE595
S214004A200A00A0E1035045E2031681E350809DE5AD
S214004A309FFFFFEA04019FE562FFFFEA0010A0E384
S214004A400400A0E1441084E580108DE51A0E00EB0A
S214004A500030E0E334308DE51C308DE50130A0E316
S214004A6080109DE510008DE584108DE5400084E5FE
S214004A7024308DE554309DE50320E0E108109DE5E7
S214004A800E0051E3A22FA0E10020A0C3000052E3D5
S214004A903200000A1C509DE5000055E30020A0C32C
S214004AA00120A0D384109DE5A0309FE5A12F12E041
S214004AB008209DE5823183E0000393E8F201000AB6
S214004AC01C609DE5000056E35F04001A0020A0E38A
S214004AD070309FE50800A0E10910A0E1933700EBD5
S214004AE00A20A0E10B30A0E1FC3800EB000050E308
S214004AF0C902000A1C609DE520608DE584309DE5B6
S214004B000330E0E110509DE508308DE5940000EAA2
S214004B1061436F63A787D23FB3C8608B288AC63FBE
S214004B20FB799F501344D33F0000F07FBD3C01004B
S214004B300F270000EC3C0100F83C01000000F83FA5
S214004B40BC3C01000000F03F00001440103E010095
S214004B50203D01000000244000001C400000E03F13
S214004B6024209DE5000052E3C300001A24309DE592
S214004B7028609DE518509DE520308DE50C209DE5CC
S214004B80000055E3000052C30230A0E1070000DA3F
S214004B90020055E10530A0B118109DE5035045E030
S214004BA0031041E0033042E018108DE50C308DE52F
S214004BB028309DE5000053E31600000A24309DE5EA
S214004BC0000053E39602000A000056E30E0000DAE7
S214004BD020109DE50620A0E10400A0E10E0F00EBEA
S214004BE014709DE50010A0E120008DE50720A0E1EF
S214004BF00400A0E1940E00EB0030A0E10710A0E155
S214004C000400A0E114308DE5CE0D00EB28309DE5C4
S214004C10062053E08302001A0110A0E30400A0E17E
S214004C20800E00EB30309DE5000053E30060A0E10D
S214004C306B0200DA0010A0E10320A0E10400A0E16E
S214004C40F50E00EB80309DE5010053E30060A0E127
S214004C50730300DA0070A0E3103096E5033186E0B7
S214004C60100093E5310E00EB200060E20C209DE57D
S214004C70020080E01F0010E20E02000A203060E210
S214004C80040053E32B0400DA18309DE51C0060E2B4
S214004C90003083E018308DE5003082E00C308DE582
S214004CA0005085E018309DE5000053E3040000DA6C
S214004CB00320A0E114109DE50400A0E1170F00EB0F
S214004CC014008DE50C309DE5000053E3040000DA87
S214004CD00610A0E10320A0E10400A0E10F0F00EB06
S214004CE00060A0E12C309DE5000053E3B502001AF9
S214004CF01C309DE580209DE5000053E30130A0D3E5
S214004D000030A0C3020052E30030A0D3000053E3FB
S214004D10F101000A1C309DE5000053E376FFFF1A00
S214004D200610A0E10520A0E30400A0E18C0D00EB36
S214004D300010A0E10060A0E114009DE5310F00EB3B
S214004D40000050E36CFFFFDA3130A0E308209DE559
S214004D50012082E208208DE510209DE50030C2E5A6
S214004D60015082E20610A0E10400A0E1750D00EB00
S214004D7020309DE5000053E30200000A20109DE568
S214004D800400A0E16F0D00EB14109DE50400A0E107
S214004D906C0D00EB0020A0E390109DE508309DE52B
S214004DA00020C5E5020051E188209DE5013083E240
S214004DB0003082E51803000A10009DE5005081E5EA
S214004DC05CD08DE2F04FBDE81EFF2FE10030A0E37F
S214004DD018209DE530308DE508309DE5032042E043
S214004DE0003063E218208DE528308DE5F5FEFFEAF9
S214004DF008909DE50900A0E1953600EB0130A0E1A2
S214004E000020A0E10710A0E10600A0E1213800EB99
S214004E10000050E30930A0010130430208308D0540
S214004E20C3FEFFEA0050A0E30400A0E1445084E57E
S214004E300510A0E1200D00EB08209DE554309DE50F
S214004E400E0052E30020A0C30120A0D3050053E1CA
S214004E500020A0B3050052E110008DE5400084E577
S214004E60B703001A0010E0E384208DE50120A0E3DC
S214004E7034108DE51C108DE524208DE580209DE501
S214004E80010052E3400300DA1C309DE5016043E276
S214004E9028309DE5060053E128309DB530209DB5AD
S214004EA0033046B0033082B0066043A030308DB584
S214004EB01C309DE528608DB50060A0B3000053E36C
S214004EC018309DB51C209DB5025043B00030A0B3ED
S214004ED018509DA51C309DA518209DE5032082E056
S214004EE018208DE50C209DE50110A0E3033082E03C
S214004EF00400A0E10C308DE5CA0D00EB20008DE526
S214004F001DFFFFEA0030A0E324308DE508309DE564
S214004F1084209DE5023083E034308DE5013083E265
S214004F20010053E30300A0A10100A0B30E0053E369
S214004F300050A083015005921C308DE50010A0E3C0
S214004F40170050E3441084E50800009A0120A0E30F
S214004F500430A0E30210A0E18330A0E1142083E235
S214004F60000052E1012081E2F9FFFF9A441084E537
S214004F700400A0E1D00C00EB000055E310008DE526
S214004F80400084E5BAFEFF0A0A80A0E10B90A0E18B
S214004F9008109DE5000051E338808DE53C908DE5D6
S214004FA0A50100DA5C241FE50F3001E24152A0E1C2
S214004FB0833182E0100015E3C00093E89101000AF7
S214004FC07C341FE50A00A0E10B10A0E1203083E24C
S214004FD00C0093E8F93600EB0390A0E300A0A0E1F4
S214004FE001B0A0E10F5005E2000055E30C00000AF6
S214004FF0AC841FE5010015E30600000A0600A0E1E8
S2140050000710A0E10C0098E8483600EB0060A0E12D
S2140050100170A0E1019089E2C550B0E1088088E205
S214005020F3FFFF1A0A00A0E10B10A0E10620A0E1A2
S2140050300730A0E1E13600EB00A0A0E101B0A0E15E
S2140050402C309DE5000053E30600000A0020A0E394
S21400505014351FE50A00A0E10B10A0E1933700EB22
S214005060000050E38802001A0900A0E1F83500EBC2
S2140050700A20A0E10B30A0E12C3600EB2C351FE512
S2140050800020A0E3253500EB1C309DE5000053E32F
S2140050900080A0E10D9541E2F000000A08309DE591
S2140050A044308DE51C309DE540308DE524309DE58F
S2140050B0000053E38001000A40209DE574351FE59B
S2140050C0823183E00C0013E90000A0E378151FE5A9
S2140050D0BA3600EB0820A0E10930A0E10E3500EB5F
S2140050E00080A0E10190A0E10A00A0E10B10A0E181
S2140050F0943700EB0050A0E1D53500EB0020A0E18E
S2140051000130A0E10A00A0E10B10A0E1023500EB9F
S214005110305085E2FFA005E210509DE50020A0E19A
S21400512000A0C5E50130A0E10060A0E10170A0E1AB
S2140051300800A0E10910A0E16E3700EB000050E384
S214005140015085E23E00001A0620A0E10730A0E1EB
S2140051500000A0E318161FE5EF3400EB0020A0E1E6
S2140051600130A0E10800A0E10910A0E1613700EBE2
S214005170000050E39002001A40209DE5010052E333
S214005180C900000A10309DE540209DE502B083E08E
S2140051900B0000EA0620A0E10730A0E10000A0E333
S2140051A064161FE5DC3400EB0820A0E10930A0E11E
S2140051B03E3700EB000050E37F02001A05005BE17B
S2140051C0B900000A0800A0E10910A0E10020A0E351
S2140051D084361FE5D53500EB0020A0E390361FE5AA
S2140051E00080A0E10190A0E10600A0E10710A0E188
S2140051F0CE3500EB0170A0E10060A0E1513700EB76
S21400520000A0A0E1923500EB0020A0E10130A0E173
S2140052100600A0E10710A0E1BF3400EB30A08AE250
S214005220FFA00AE201A0C5E40820A0E10930A0E141
S2140052300060A0E10170A0E11C3700EB000050E325
S214005240D3FFFF0A44309DE508308DE5CDFEFFEA2A
S2140052500030A0E324308DE584309DE5000053E364
S214005260020200DA0E0053E30050A08301500592BC
S2140052700300A0E134308DE51C308DE52EFFFFEAFB
S2140052800130A0E324308DE5F2FFFFEA0820A0E11C
S2140052900930A0E10A00A0E10B10A0E1473600EBC0
S2140052A0283700EB0A60A0E100A0A0E1683500EB1B
S2140052B00820A0E10930A0E19C3500EB0020A0E129
S2140052C00130A0E10600A0E10B10A0E1923400EB53
S2140052D010E09DE5010055E330C08AE20020A0E121
S2140052E00130A0E100C0CEE501508EE22F00000A9A
S2140052F00020A0E3A8371FE58C3500EB0020A0E3D4
S2140053000030A0E30060A0E10170A0E1E13600EB10
S214005310000050E39BFEFF1A0C408DE510B09DE5A3
S2140053201C409DE5090000EA0020A0E3E0371FE5E9
S2140053307E3500EB0020A0E30030A0E30060A0E193
S2140053400170A0E1D33600EB000050E31802001A0B
S2140053500820A0E10930A0E10600A0E10710A0E1C6
S214005360163600EBF73600EB00A0A0E1383500EB70
S2140053700820A0E10930A0E16C3500EB0020A0E198
S2140053800130A0E10600A0E10710A0E1623400EBC6
S21400539030C08AE201C0C5E40BC045E004005CE111
S2140053A00020A0E10130A0E1DEFFFF1A0C409DE5E1
S2140053B00200A0E10310A0E1583400EB0020A0E1B9
S2140053C00130A0E10060A0E10170A0E10800A0E1CA
S2140053D00910A0E1B53600EB000050E30800001A03
S2140053E00620A0E10730A0E10800A0E10910A0E136
S2140053F0A83600EB000050E362FEFF0A01001AE345
S21400540060FEFF0A01A055E5013045E210209DE54B
S214005410020000EA030052E1B701000A01A073E5AA
S21400542039005AE3015083E2F9FFFF0A01A08AE23D
S21400543000A0C3E553FEFFEA0900A0E1043500EB37
S2140054400A20A0E10B30A0E1383500EB0020A0E3F5
S21400545000391FE5313400EB0080A0E10D9541E2F4
S2140054600A00A0E10B10A0E10020A0E32C391FE504
S214005470293400EB0820A0E10930A0E100A0A0E15B
S21400548001B0A0E19B3600EB006050E26100001A1C
S2140054900820A0E1023189E20A00A0E10B10A0E199
S2140054A0823600EB000050E392FDFF1A38B08DE222
S2140054B0000C9BE86EFDFFEA1C00A0E318309DE59B
S2140054C0003083E018308DE50C309DE5003083E039
S2140054D0005085E00C308DE5F1FDFFEA24309DE5B7
S2140054E0000053E3E700001A10B09DE50090A0E32B
S2140054F00B50A0E10A80A0E314A09DE51C709DE57A
S214005500050000EA0A10A0E10930A0E10820A0E1A9
S2140055100400A0E1920B00EB00A0A0E10610A0E1C1
S2140055200A00A0E103FCFFEB300080E20100C5E4C6
S2140055300B3045E0030057E1F1FFFFCA10509DE530
S2140055401C309DE50070A0E1010053E3035085A0E8
S214005550015085B20090A0E314A08DE514109DE5DF
S2140055600120A0E30400A0E1EC0C00EB0610A0E193
S21400557014008DE5230D00EB000050E3A80100DACF
S214005580012055E5013045E210109DE5020000EAD5
S214005590030051E17501000A012073E5390052E36A
S2140055A0015083E2F9FFFF0A012082E20020C3E5F2
S2140055B00610A0E10400A0E1620B00EB20309DE5A0
S2140055C0000053E3EFFDFF0A000059E30300591102
S2140055D0E9FDFF0A0910A0E10400A0E1590B00EB69
S2140055E0E5FDFFEA80309DE5010053E3C10100DAE6
S2140055F00070A0E330309DE5000053E30100A003F7
S21400560099FDFF0A93FDFFEA38B08DE2000C9BE897
S2140056100290A0E373FEFFEA0060A0E320608DE541
S214005620C8FDFFEA28209DE514109DE50400A0E1D2
S214005630790C00EB14008DE576FDFFEA3601000AD2
S21400564008309DE5005063E2003B1FE50F2005E2B1
S214005650823183E00C0093E838108DE2030091E875
S214005660B23400EB4552B0E100A0A0E101B0A0E1E9
S2140056700290A0E371FEFF0A346B1FE5010015E3FC
S2140056800600000A0A00A0E10B10A0E10C0096E854
S214005690A63400EB00A0A0E101B0A0E1019089E2F1
S2140056A0C550B0E1086086E2F3FFFF1A63FEFFEA2A
S2140056B00130A0E324308DE513FEFFEA40609DE54F
S2140056C0781B1FE5861181E00820A0E10930A0E1E3
S2140056D0030011E9953400EB48008DE54C108DE58C
S2140056E00B10A0E10A00A0E1163600EB0050A0E186
S2140056F0573400EB0130A0E10020A0E10B10A0E140
S2140057000A00A0E1843300EB10309DE5305085E2BE
S214005710010056E30050C3E50080A0E10190A0E13F
S214005720015083E21900000A00A0A0E310309DE5B6
S21400573040209DE5E8BB1FE5027083E00A20A0E15B
S2140057400B30A0E10800A0E10910A0E1773400EBDF
S2140057500190A0E10080A0E1FA3500EB0060A0E136
S2140057603B3400EB0020A0E10130A0E10800A0E1FE
S2140057700910A0E1683300EB306086E20160C5E402
S214005780050057E10080A0E10190A0E1EAFFFF1AC2
S2140057900020A0E3403C1FE548108DE2030091E89E
S2140057A05E3300EB0820A0E10930A0E1BF3500EB36
S2140057B0000050E3DC00000A44309DE508308DE52B
S2140057C001A055E50FFFFFEA0610A0E114009DE5D5
S2140057D08C0C00EB000050E344FDFFAA0030A0E371
S2140057E014109DE50A20A0E30400A0E1DC0A00EB0B
S2140057F024309DE5000053E308309DE5013043E288
S21400580014008DE508308DE50E00001A34209DE565
S21400581080109DE5000052E30230A0E10130A0D3E5
S2140058200030A0C3020051E30030A0D3000053E3D1
S2140058300230A0011C308D052AFFFF0A34309DE59A
S2140058401C308DE532FDFFEA0030A0E30A20A0E31D
S21400585020109DE50400A0E1C10A00EB80309DE524
S21400586034209DE5020053E30130A0C30030A0D3EE
S214005870000052E30030A0C3000053E320008DE593
S2140058801C208D05ECFFFF1A000055E3040000DA2B
S2140058900520A0E120109DE50400A0E11F0C00EB10
S2140058A020008DE5000057E320809D05E900001AE2
S2140058B01C309DE510209DE5013043E2033082E078
S2140058C01C308DE501300AE20670A0E10250A0E12E
S2140058D018308DE520909DE514609DE5080000EAEF
S2140058E09F0A00EB0810A0E10090A0E10030A0E3C2
S2140058F00A20A0E30400A0E1990A00EB0080A0E1E2
S2140059000A50A0E10710A0E10600A0E109FBFFEBAA
S2140059100910A0E100A0A0E10600A0E1390C00EB10
S2140059200820A0E100B0A0E10710A0E10400A0E17B
S2140059304C0C00EB0C2090E5000052E330208AE28D
S2140059400030A0E10C208DE53100001A0010A0E127
S21400595014008DE50600A0E12A0C00EB0020A0E173
S21400596014309DE50310A0E10400A0E114208DE5AD
S214005970740A00EB80309DE514209DE5033092E12B
S2140059800200001A18309DE5000053E3DC00000A10
S21400599000005BE38B0000BA80309DE503309BE19E
S2140059A00200001A18309DE5000053E38500000A47
S2140059B0000052E3B80000CA1C309DE5050053E124
S2140059C00C30DDE501A085E20030C5E50A50A0E117
S2140059D0BD00000A0610A0E10030A0E30A20A0E304
S2140059E00400A0E15E0A00EB080059E10060A0E1B7
S2140059F00910A0E10030A0E30A20A0E30400A0E123
S214005A00B6FFFF1A560A00EB0090A0E10080A0E166
S214005A10BAFFFFEA0120A0E3D1FFFFEA10009DE5F0
S214005A2068FBFFEA00005AE389FCFF1AFF34CBE369
S214005A300F36C3E3000053E3ECFEFF1A0271CBE31C
S214005A40277AA0E1077AA0E1000057E3E8FEFF0A04
S214005A5018309DE5013083E218308DE50C309DE569
S214005A60013083E20C308DE50170A0E3E0FEFFEA32
S214005A700130A0E30010A0E334308DE5441084E547
S214005A8084308DE51C308DE538FDFFEA1C309DE541
S214005A90000053E367FEFF0A34509DE5000055E31F
S214005AA081FEFFDA0020A0E35C3F1FE50A00A0E1CC
S214005AB00B10A0E19D3300EB00A0A0E101B0A0E137
S214005AC0010089E2623300EB0A20A0E10B30A0E17E
S214005AD0963300EB843F1FE50020A0E38F3200EBF7
S214005AE008309DE5013043E20080A0E144308DE5BA
S214005AF00D9541E240508DE56BFDFFEA3020A0E3B6
S214005B0010109DE50020C1E508209DE5012082E2F9
S214005B1008208DE501A055E543FEFFEA38B08DE28A
S214005B20000C9BE80290A0E344FDFFEA48308DE2BB
S214005B300C0093E80000A0E3E41F1FE5763200EBBC
S214005B400820A0E10930A0E1EA3400EB000050E3B1
S214005B500100001A54FEFFEA0350A0E1013055E5AB
S214005B60300053E3013045E2FAFFFF0AB4FDFFEAD6
S214005B703130A0E308209DE5012082E208208DE573
S214005B8010209DE50030C2E588FEFFEA20209DE556
S214005B90000052E350309D05433E831203308312CB
S214005BA028609D1528609D053630630218509DE5D7
S214005BB0C8FCFFEA0C409DE572FCFFEA44309DE518
S214005BC008308DE50FFEFFEA000052E30610A0E164
S214005BD014608DE520908DE50760A0E10C709DE5D2
S214005BE00A0000DA0120A0E30400A0E14B0B00EB62
S214005BF00610A0E114008DE5820B00EB000050E3D8
S214005C00480000DA390057E33400000A31708AE2AF
S214005C1020909DE50070C5E520808DE5015085E269
S214005C2062FEFFEA0300001A010017E30100000A03
S214005C3052FEFFEA0350A0E1013055E5300053E381
S214005C40013045E2FAFFFF0A58FEFFEA0060A0E3D3
S214005C5020608DE5A8FBFFEA20709DE50400A0E12A
S214005C60041097E5940900EB0050A0E1102097E59A
S214005C70022082E20221A0E10C1087E20C0080E202
S214005C809F0800EB0510A0E10120A0E30400A0E1BE
S214005C90220B00EB0080A0E104FFFFEA14608DE514
S214005CA00760A0E10C709DE5390057E320908DE574
S214005CB00A00000A017087E20070C5E520909DE5A5
S214005CC0015085E220808DE538FEFFEA14608DE500
S214005CD020808DE50760A0E10C709DE51EFEFFEAC2
S214005CE03920A0E320909DE50020C5E520808DE5C5
S214005CF0015085E222FEFFEA00005AE33BFEFF1A4F
S214005D0049FFFFEA14608DE50760A0E10C709DE591
S214005D10390057E320908DE5F0FFFF0A00005BE3B3
S214005D20B9FFFFCAB9FFFFEAB8FFFF1A010017E381
S214005D30B6FFFF0AB2FFFFEA3C006012D8FBFF0A7C
S214005D40DDFDFFEA0030E0E384508DE51C308DE594
S214005D504FFBFFEAFC30D1E10328A0E1020712E383
S214005D60F0412DE90150A0E10080A0E13400001AC6
S214005D70042091E5023B83E3000052E3BC30C1E11E
S214005D80500000DA284095E5000054E35000000A71
S214005D900020A0E30338A0E1010203E22078B0E18E
S214005DA0006098E52338A0E1002088E55E00000A40
S214005DB0502095E5040013E30500000A301095E531
S214005DC0043095E5000051E3032042E03C30951591
S214005DD0032042100030A0E31C1095E50800A0E167
S214005DE00FE0A0E114FF2FE1010070E33B00000A82
S214005DF00010A0E3FC30D5E1102095E5023BC3E39C
S214005E00010A13E3BC30C5E1041085E5002085E5F2
S214005E104300001A301095E5000051E3006088E565
S214005E202B00000A403085E2030051E10800A01173
S214005E309E02001B0000A0E3300085E5F041BDE8AF
S214005E401EFF2FE1106091E5000056E32000000AD7
S214005E502228A0E1030012E30030A013004091E5E1
S214005E6014309105064044E0000054E3006081E5EC
S214005E70083081E5030000CA150000EA000054E37C
S214005E80006086E0120000DA0430A0E1247095E598
S214005E900620A0E11C1095E50800A0E10FE0A0E1B7
S214005EA017FF2FE1000050E3004044E0F2FFFFCA76
S214005EB00000E0E3BC30D5E1403083E3BC30C5E110
S214005EC0F041BDE81EFF2FE13C2091E5000052E3C3
S214005ED0ABFFFFCA0000A0E3F041BDE81EFF2FE1C4
S214005EE0001098E51D0051E3F0FFFF8A98309FE50B
S214005EF03331E0E1013013E2ECFFFF1AFC20D5E17C
S214005F0010C095E5022BC2E3010A12E3043085E5D2
S214005F10BC20C5E100C085E5BDFFFF0A000051E3D7
S214005F20BBFFFF1A500085E5B9FFFFEA0720A0E196
S214005F300130A0E31C1095E50800A0E10FE0A0E109
S214005F4014FF2FE1010070E30020A0E10200000A28
S214005F50BC30D5E1284095E595FFFFEA003098E58E
S214005F60000053E3F9FFFF0A160053E31D00531326
S214005F70BC30D51140308313006088050700A001AF
S214005F800200A011BC30C511CCFFFFEA0100402082
S214005F9070402DE9004050E20150A0E10200000AE6
S214005FA0383094E5000053E31500000AFC00D5E104
S214005FB0000050E30040A0010E00000A643095E5A2
S214005FC0010013E30100001A020C10E31300000A9C
S214005FD00400A0E10510A0E15DFFFFEB643095E54D
S214005FE0010013E30040A0E10200001ABC30D5E136
S214005FF0020C13E30400000A0400A0E17040BDE8B0
S2140060001EFF2FE1770000EBE7FFFFEA580085E26E
S214006010CE3400EB0400A0E17040BDE81EFF2FE187
S214006020580085E2CB3400EBE8FFFFEA10402DE98C
S214006030004050E20300000A4F0400EB0410A0E109
S2140060401040BDE8D1FFFFEA10309FE510109FE535
S214006050000093E5250400EB1040BDE81EFF2FE18D
S214006060583C0100905F000010402DE908109FE5A5
S2140060701E0400EB1040BDE81EFF2FE194FB00005D
S2140060800030A0E310402DE90040A0E1BC10C0E1C4
S214006090BE20C0E1003080E5043080E5083080E5B1
S2140060A0643080E5103080E5143080E5183080E5F7
S2140060B00310A0E10820A0E35C0080E2270800EBC4
S2140060C02C009FE52C109FE52C209FE52C309FE5AB
S2140060D0200084E51C4084E5241084E5282084E51F
S2140060E02C3084E5580084E2943400EB1040BDE880
S2140060F01EFF2FE12C99000068990000C09900004F
S214006100F0990000643090E5010013E30200001AE5
S214006110BC30D0E1020C13E30100000A0000A0E34B
S2140061201EFF2FE110402DE9580080E2893400EB75
S2140061300000A0E31040BDE81EFF2FE1643090E5AC
S214006140010013E30200001ABC30D0E1020C13E396
S2140061500100000A0000A0E31EFF2FE110402DE919
S214006160580080E2793400EB0000A0E31040BDE860
S2140061701EFF2FE1012041E270402DE9824082E0BF
S214006180042182E08241A0E10160A0E1741084E273
S214006190BF0400EB005050E20600000A0010A0E327
S2140061A00C0085E2046085E5682084E2001085E541
S2140061B0080085E5E90700EB0500A0E17040BDE8B2
S2140061C01EFF2FE110402DE910309FE510109FE5CF
S2140061D0000093E5C50300EB1040BDE81EFF2FE16D
S2140061E0583C010094FB000010402DE90040A0E15F
S2140061F07C009FE5573400EB382094E5000052E31E
S2140062001700001A0300A0E368109FE5BB3F84E276
S214006210E83284E5E02284E5E40284E53C1084E587
S214006220040094E50410A0E394FFFFEB080094E557
S2140062300120A0E30910A0E390FFFFEB0C0094E51B
S2140062400220A0E31210A0E38CFFFFEB0130A0E3D6
S2140062501C009FE5383084E53C3400EB1040BDE878
S2140062601EFF2FE108009FE5383400EB1040BDE824
S2140062701EFF2FE15C4B010068600000F0412DE935
S2140062800060A0E108019FE5323400EB04319FE591
S214006290005093E5383095E5000053E32D00000AE2
S2140062A00470A0E32E5E85E2043095E5013053E2EB
S2140062B0084095E50400005A210000EA013043E258
S2140062C0010073E3684084E21D00000AFC20D4E16C
S2140062D0000052E3F8FFFF1A0050A0E30020E0E3BE
S2140062E00130A0E3BE20C4E1BC30C4E1580084E223
S2140062F0645084E5113400EB94009FE5133400EB02
S214006300005084E5085084E5045084E5105084E588
S214006310145084E5185084E50510A0E10820A0E399
S2140063205C0084E28D0700EB305084E5345084E551
S214006330445084E5485084E50400A0E1F041BDE8FF
S2140063401EFF2FE1004095E5000054E30400000A1C
S2140063500450A0E1D3FFFFEA0500A0E1A1FFFFEB98
S214006360CEFFFFEA0710A0E10600A0E180FFFFEBEA
S214006370000050E30040A0E1000085E5F3FFFF1AAF
S2140063800C009FE5F13300EB0C30A0E3003086E50F
S214006390E8FFFFEA604B0100583C010010402DE981
S2140063A008009FE5EB3300EB1040BDE81EFF2FE131
S2140063B0604B010010402DE908009FE5E33300EB39
S2140063C01040BDE81EFF2FE1604B010010402DE994
S2140063D008009FE5DF3300EB1040BDE81EFF2FE10D
S2140063E05C4B010010402DE908009FE5D73300EB19
S2140063F01040BDE81EFF2FE15C4B010010402DE968
S21400640014009FE5D33300EB5B0300EB0C109FE515
S214006410150300EB1040BDE81EFF2FE1604B0100A6
S2140064200461000010402DE9530300EB10109FE5B7
S2140064300D0300EB0C009FE5C43300EB1040BDE8F5
S2140064401EFF2FE13C610000604B010010402DE96B
S21400645008009FE5B93300EB1040BDE81EFF2FE1B2
S214006460604B010010402DE908009FE5B33300EBB8
S2140064701040BDE81EFF2FE15C4B010070402DE987
S21400648034509FE534409FE5054044E04441B0E188
S214006490045185100500000A014044E2043035E549
S2140064A00FE0A0E113FF2FE1000054E3F9FFFF1A0D
S2140064B01F3700EB7040BDE81EFF2FE14C41010086
S2140064C050410100F04F2DE9920317E014D04DE241
S2140064D038409DE54600000A000050E30060A0E159
S2140064E00150A0E104308DE508208DE50200000A89
S2140064F0383090E5000053E35D00000A643094E510
S214006500010013E3FC30D4E10328A0E13C00000ABC
S2140065102228A0E1020A12E30600001A642094E58D
S214006520023A83E3022AC2E3BC30C4E10338A0E1A6
S214006530642084E52328A0E1048094E5000058E365
S2140065400010A0B30130A0B10830A0A10380A0B114
S214006550041084B5020012E30790A0010F00000AA1
S214006560450000EA0820A0E1001094E50500A0E13F
S214006570630600EB003094E5083083E0003084E5E5
S2140065800410A0E10600A0E1F00B00EB000050E3D1
S214006590089049E0085085E02600001A048094E53B
S2140065A0080059E1EEFFFF8A0920A0E10500A0E1FE
S2140065B0001094E5520600EB042094E5003094E5C4
S2140065C0092042E0099083E0042084E5009084E5F9
S2140065D0643094E5010013E31100001ABC30D4E1E6
S2140065E0020C13E30E00001A580084E2573300EB47
S2140065F004709DE50700A0E114D08DE2F04FBDE8E1
S2140066001EFF2FE1020412E32228A0E1C0FFFF1ABA
S214006610580084E24F3300EBFC30D4E10328A0E1BD
S214006620BAFFFFEA04709DE50700A0E114D08DE2F2
S214006630F04FBDE81EFF2FE1643094E5010013E340
S2140066400300001ABC30D4E1020C13E358008402A5
S2140066503E33000B090047E008109DE5142F00EBC1
S2140066600070A0E10700A0E114D08DE2F04FBDE875
S2140066701EFF2FE1DBFEFFEB9FFFFFEA030057E163
S2140066800730A031001094E50320A0E10500A0E14A
S2140066900C308DE51A0600EB0C309DE5008094E585
S2140066A0042094E5301094E5038088E0032042E05F
S2140066B0000051E3008084E5042084E5039047E071
S2140066C02800000A000059E3C0FFFF0A400084E2E9
S2140066D0000051E10300000A0600A0E1730000EB91
S2140066E0008094E50C309DE50010A0E3301084E5B2
S2140066F0142094E50C708DE500B0A0E30670A0E1D0
S21400670010A094E5035085E00260A0E1010000EAD5
S214006710000059E3ADFFFF0A105084E5149084E5AD
S214006720005084E50410A0E10700A0E1870B00EB11
S214006730042094E5000050E310A084E5146084E58E
S214006740008084E5029049E0025085E004B084E5CC
S214006750EEFFFF0A643094E5010013E30C709DE53C
S214006760B7FFFF0ABAFFFFEA000059E3DFFFFF1A90
S21400677096FFFFEAF0402DE90150A0E10260A0E19B
S2140067800370A0E10040A0E10CD04DE27A0200EBDD
S21400679000708DE50630A0E10520A0E10410A0E120
S2140067A047FFFFEB0CD08DE2F040BDE81EFF2FE167
S2140067B0F0412DE90140A0E1E4709FE50060A0E112
S2140067C0AB0600EB083097E5045093E5FE1E64E246
S2140067D00F1081E20350C5E3054081E02446A0E1A6
S2140067E0014044E20446A0E1010A54E3060000BA70
S2140067F00010A0E30600A0E1D00B00EB083097E500
S214006800053083E0030050E10400000A0600A0E122
S2140068109D0600EB0000A0E3F041BDE81EFF2FE15F
S214006820001064E20600A0E1C40B00EB010070E378
S2140068300C00000A6C209FE5081097E5003092E5F2
S214006840045045E0015085E30600A0E1044043E023
S214006850045081E5004082E58B0600EB0100A0E3D2
S214006860F041BDE81EFF2FE10010A0E30600A0E106
S214006870B20B00EB082097E5023040E00F0053E330
S214006880E1FFFFDA20109FE500C091E514109FE5B8
S214006890013083E30C0040E0043082E5000081E52F
S2140068A0D9FFFFEA1C4701006C4B0100244B010096
S2140068B070402DE9004051E23100000A0050A0E18E
S2140068C06B0600EB041014E5ACE29FE50130C1E373
S2140068D008C044E203008CE008609EE5042090E5D2
S2140068E0060050E10320C2E34E00000A010011E357
S2140068F0042080E50900001A084014E504C04CE0B6
S21400690008109CE508608EE2060051E1043083E042
S2140069105C00000A0C409CE50C4081E5081084E50C
S214006920021080E0041091E5010011E301208313BA
S21400693004208C1503308C172C00000A020C53E33D
S2140069401100002A0140A0E304009EE5A331A0E167
S214006950042083E04331A0E1143380E182118EE00D
S21400696082019EE7081041E204308EE50C108CE5AB
S21400697008008CE582C18EE70CC080E50500A0E12A
S214006980410600EB7040BDE81EFF2FE1A324A0E106
S214006990040052E34800008A2323A0E1394082E243
S2140069A08441A0E1381082E204008EE004209EE7D5
S2140069B0080040E2020050E14500000A041092E59B
S2140069C00310C1E3010053E12C00002A082092E5E1
S2140069D0020050E1F8FFFF1A0C3090E50C308CE511
S2140069E008008CE508C083E50CC080E5E2FFFFEAFE
S2140069F0081090E584419FE5040051E1023083E0F1
S214006A003A00000A0C0090E5012083E3020C53E3F1
S214006A100C0081E5081080E504208CE503308CE747
S214006A20D9FFFF2AC6FFFFEA010011E3023083E028
S214006A300600001A082014E502C04CE008008CE2AC
S214006A40030090E80C1080E5080081E5023083E042
S214006A502C219FE5001092E5012083E3010053E11D
S214006A6004208CE508C08EE5C3FFFF3A14319FE58D
S214006A700500A0E1001093E54CFFFFEBBEFFFFEA28
S214006A800200A0E1D3FFFFEA021080E0041091E5C7
S214006A90010011E33400001A081080E2033082E09F
S214006AA0060091E8010083E30C2081E5081082E5EA
S214006AB004008CE503308CE7AFFFFFEA140052E3D6
S214006AC01200008A5C4082E28441A0E15B1082E210
S214006AD0B4FFFFEA0140A0E304309EE54121A0E1B7
S214006AE0142283E104208EE50030A0E1BAFFFFEA1D
S214006AF0012083E314C08EE510C08EE50C108CE5F3
S214006B0008108CE504208CE503308CE79AFFFFEA3A
S214006B10540052E30400008A2326A0E16F4082E27C
S214006B208441A0E16E1082E29EFFFFEA550F52E319
S214006B300400008AA327A0E1784082E28441A0E115
S214006B40771082E297FFFFEA3C109FE5010052E1D2
S214006B502329A0917D4082928441A0917C1082924C
S214006B60FE4FA0837E10A0838EFFFFEA012083E302
S214006B7004208CE5003080E57FFFFFEA1C4701001B
S214006B8024470100284B0100684B01005405000013
S214006B90083092E5000053E3CB00000AF04F2DE9E1
S214006BA0FC30D1E10338A0E1020713E30CD04DE23C
S214006BB00140A0E100B0A0E10260A0E123A8A0E1AE
S214006BC02000000A102091E5000052E31D00000A94
S214006BD002901AE2005096E52500000A0080A0E325
S214006BE00870A0E17C949FE5000057E34A00000A85
S214006BF0090057E10730A0310930A02124A094E510
S214006C000820A0E11C1094E50B00A0E10FE0A0E135
S214006C101AFF2FE1000050E3890000DA083096E5FD
S214006C20003043E0000053E3008088E0007047E057
S214006C30083086E5EBFFFF1A0000A0E30CD08DE2DB
S214006C40F04FBDE81EFF2FE10410A0E10B00A0E10D
S214006C5032F5FFEB000050E3FC00001AFC30D4E1F4
S214006C600338A0E123A8A0E102901AE2005096E5BE
S214006C70D9FFFF1A01A01AE20A90A0019400001A98
S214006C80000059E32000000A020413E3087094E5AC
S214006C902338A0E12400000A070059E10780A0E19C
S214006CA03700003A120D13E33A00001A0930A0E14B
S214006CB0000094E50820A0E10A10A0E104308DE56C
S214006CC0D40400EB081094E5002094E5077041E03A
S214006CD0088082E0087084E5008084E504309DE545
S214006CE0082096E5032042E0000052E303A08AE075
S214006CF0039049E0082086E5CEFFFF0AFC30D4E189
S214006D00000059E30338A0E1DEFFFF1A00A095E576
S214006D10049095E5085085E2D8FFFFEA008095E5E7
S214006D20047095E5085085E2AEFFFFEA000094E5A2
S214006D30103094E5030050E10200008A148094E5C8
S214006D40080059E14500002A090057E10970A02112
S214006D500A10A0E10720A0E1AE0400EB082094E5AD
S214006D60003094E5072042E0073083E0000052E35D
S214006D70082084E5003084E52C00000A0730A0E1F6
S214006D80D6FFFFEA0970A0E10930A0E10980A0E182
S214006D90000094E5C6FFFFEA101094E5008094E535
S214006DA0142094E5018048E0822082E0017088E2A9
S214006DB0A22F82E0097087E0C220A0E1020057E11E
S214006DC00270A0910720A081010B13E33200000A95
S214006DD00210A0E10B00A0E1AD0100EB003050E294
S214006DE09C00000A0820A0E1101094E504308DE510
S214006DF0430400EBBC20D4E1122DC2E3802082E3E2
S214006E00BC20C4E104309DE5080083E0088047E02C
S214006E10103084E5088084E5147084E5000084E57D
S214006E200970A0E10930A0E10980A0E1A0FFFFEA17
S214006E300410A0E10B00A0E154FCFFEB000050E3BF
S214006E40CDFFFF0AFC30D4E10000E0E3403083E3EE
S214006E50BC30C4E10CD08DE2F04FBDE81EFF2FE140
S214006E60060179E30900A0310201E0230810A0E141
S214006E70542D00EB247094E5980003E00A20A0E16E
S214006E801C1094E50B00A0E10FE0A0E117FF2FE136
S214006E90003050E291FFFFCAE9FFFFEA0B00A0E1D5
S214006EA06B0800EB003050E2D6FFFF1A101094E596
S214006EB00B00A0E17DFEFFEB0C20A0E3FC30D4E14C
S214006EC000208BE58030C3E3DEFFFFEA0000A0E38E
S214006ED01EFF2FE10900A0E109A0A0E10980A0E1C2
S214006EE0260000EA000050E32D00000A080059E1E1
S214006EF00910A0310810A021102094E514C094E5D4
S214006F00083094E5000094E503308CE0020050E180
S214006F100020A0930120A083030051E10020A0D30D
S214006F20000052E30170A0E13800001A0C0051E1A5
S214006F30240000BA247094E50C30A0E10A20A0E1F9
S214006F401C1094E50B00A0E10FE0A0E117FF2FE175
S214006F50007050E2BAFFFFDA079059E00100A01374
S214006F602400000A083096E5073043E0000053E3AB
S214006F7007A08AE0078048E0083086E52DFFFF0A74
S214006F80000058E3D6FFFF1A083085E2048013E5B8
S214006F90000058E30350A0E108A013E5083083E2A0
S214006FA0F9FFFF0A0820A0E10A10A0E30A00A0E10A
S214006FB08F0300EB000050E3010080120A9040109F
S214006FC001908802C8FFFFEA0120A0E10A10A0E1B4
S214006FD0100400EB082094E5003094E5072042E01A
S214006FE0073083E0079059E0082084E5003084E508
S214006FF00100A013DAFFFF1A0410A0E10B00A0E1C5
S214007000E2FBFFEB000050E3D5FFFF0A8CFFFFEA30
S2140070100320A0E10A10A0E104308DE5FD0300EB9B
S214007020002094E504309DE5032082E0002084E5FE
S2140070300410A0E10B00A0E1D4FBFFEB000050E33E
S21400704004309DE57EFFFF1A0370A0E1C1FFFFEA52
S2140070500000E0E3F8FEFFEA0C20A0E3FC30D4E1F9
S21400706000208BE577FFFFEA00FCFF7FF0412DE96B
S2140070702E7E90E21900000A0180A0E10060A0E3E5
S214007080045097E5015055E2084097E50D00004A88
S214007090BC30D4E1010053E3015045E20600009AFB
S2140070A0FE30D4E1010073E30300000A0400A0E10F
S2140070B00FE0A0E118FF2FE1006086E1010075E314
S2140070C0684084E2F1FFFF1A007097E5000057E37E
S2140070D0EAFFFF1A0600A0E1F041BDE81EFF2FE11F
S2140070E00760A0E10600A0E1F041BDE81EFF2FE129
S2140070F0F0472DE92E6E90E21B00000A0180A0E109
S2140071000070A0E10090A0E3045096E5015055E21F
S214007110084096E50E00004ABC30D4E1010053E377
S214007120015045E20700009AFE30D4E1010073E307
S2140071300400000A0410A0E10700A0E10FE0A0E1AF
S21400714018FF2FE1009089E1010075E3684084E2B2
S214007150F0FFFF1A006096E5000056E3E9FFFF1A0D
S2140071600900A0E1F047BDE81EFF2FE10690A0E170
S2140071700900A0E1F047BDE81EFF2FE104309FE5BF
S214007180000093E51EFF2FE180410100FF0050E361
S2140071900100009A0000A0E31EFF2FE110402DE939
S2140071A00040A0E1330000EB040080E00100D0E5E1
S2140071B01040BDE8080000E21EFF2FE110402DE958
S2140071C0EDFFFFEB340090E50C309FE5000050E348
S2140071D00300A0011040BDE81EFF2FE1B0450100EE
S2140071E010402DE9004052E20400000A48109FE5D6
S2140071F00400A0E1020A00EB000050E30200001ABF
S21400720038009FE51040BDE81EFF2FE12C109FE5DB
S2140072100400A0E1FA0900EB000050E3F7FFFF0AC4
S2140072200400A0E118109FE5F50900EB000050E30C
S214007230F2FFFF0A0000A0E3F1FFFFEA003D0100B5
S214007240FC3C01002C3C010010402DE9CAFFFFEB7E
S214007250343090E510209FE5000053E30230A00193
S2140072601040BDE82801D3E51EFF2FE1B045010020
S214007270EC0090E51EFF2FE110402DE9BEFFFFEB6E
S214007280CDFFFFEB1040BDE8EC0090E51EFF2FE1C0
S21400729070402DE90150A0E10040A0E1B6FFFFEBF1
S2140072A00520A0E10410A0E17040BDE8CBFFFFEA96
S2140072B0F00080E21EFF2FE110402DE9AEFFFFEB4D
S2140072C0340090E510309FE5000050E30300A00175
S2140072D01040BDE8F00080E21EFF2FE1B04501003F
S2140072E010402DE9A4FFFFEB340090E510309FE539
S2140072F0000050E30300A0011040BDE8F00080E26B
S2140073001EFF2FE1B045010070402DE90140A0E1CD
S214007310FE10D1E1000051E340D04DE20250A0E162
S2140073200360A0E10F0000BA04208DE2F92200EB12
S214007330000050E30B0000BA08209DE50F2A02E289
S214007340023A42E2002073E20320A2E0020BA0E32E
S214007350013BA0E3002086E5003085E540D08DE2C5
S2140073607040BDE81EFF2FE10030A0E3BC20D4E152
S214007370800012E2003086E50500000A4020A0E307
S2140073800300A0E1002085E540D08DE27040BDE816
S2140073901EFF2FE1013BA0E3003085E540D08DE2E3
S2140073A07040BDE81EFF2FE170402DE9BC20D1E102
S2140073B0020012E308D04DE20140A0E10700000AF7
S2140073C00110A0E3432084E2141084E5002084E545
S2140073D0102084E508D08DE27040BDE81EFF2FE146
S2140073E004308DE20D20A0E10050A0E1C5FFFFEBC8
S2140073F000109DE50060A0E10500A0E1240000EB80
S214007400000050E3FC30D4E11600000A04C09DE5FD
S21400741078109FE500209DE5803083E300005CE364
S2140074203C1085E5BC30C4E1000084E5100084E52E
S214007430142084E50400001A063083E1BC30C4E161
S21400744008D08DE27040BDE81EFF2FE10500A0E1E8
S214007450FE10D4E1B62500EBFC30D4E1000050E38A
S21400746001308313F3FFFFEA020C13E3D8FFFF1A81
S2140074700110A0E3432084E2023083E3BC30C4E181
S214007480141084E5002084E5102084E5D0FFFFEA90
S21400749068600000F84F2DE90B6081E2160056E3A5
S2140074A00050A0E17200009A0760C6E3060051E1B2
S2140074B00010A0930110A083A63F91E18800001A57
S2140074C06B0300EB7E0F56E3BE01003AA634B0E134
S2140074D08900000A040053E3CF00008A2633A0E1A7
S2140074E0390083E238C083E28011A0E1E0769FE5B0
S2140074F0011087E0044091E5081041E2040051E1E4
S2140075000500001A0A0000EA000052E3660000AA1E
S2140075100C4094E5040051E10500000A043094E5AF
S2140075200330C3E3062043E00F0052E3F5FFFFDA23
S2140075300C00A0E1104097E598C69FE50C0054E1CA
S214007540043097051800000A043094E50330C3E3BE
S214007550062043E00F0052E3D30000CA000052E3C7
S21400756014C087E510C087E5670000AA020C53E345
S214007570B200002A0180A0E3042097E5A331A0E131
S214007580081083E04331A0E1183382E181E187E00F
S214007590818197E708204EE20C2084E5088084E588
S2140075A0043087E5814187E70C4088E50110A0E3B9
S2140075B04021A0E111E2A0E103005EE15C00008A48
S2140075C003001EE10800001A1EE1A0E10300C0E36C
S2140075D003001EE1040080E20300001A8EE0A0E132
S2140075E003001EE1040080E2FBFFFF0A809187E0B3
S2140075F00910A0E10040A0E10C8091E5080051E1EF
S2140076000500001AB50000EA000052E3BD0000AA1B
S2140076100C8098E5080051E1B000000A043098E5B7
S2140076200330C3E3062043E00F0052E3F5FFFFDA22
S2140076300C1098E508E098E5014086E3044088E5EC
S214007640066088E0014082E30C108EE50500A0E1AC
S21400765008E081E5146087E5106087E5101086E98C
S2140076600CC086E5032088E7070300EB084088E2A5
S214007670180000EA100051E31900008AFC0200EB33
S2140076801060A0E31830A0E30200A0E340759FE579
S214007690033087E0044093E5082043E2020054E10B
S2140076A09300000A043094E50330C3E3033084E01B
S2140076B0042093E50C1094E508C094E5012082E3CD
S2140076C00C108CE50500A0E108C081E5042083E5E8
S2140076D0ED0200EB084084E20400A0E1F84FBDE8AC
S2140076E01EFF2FE10C30A0E30040A0E3003085E54C
S2140076F00400A0E1F84FBDE81EFF2FE1021CA0E346
S2140077004000A0E33FC0A0E377FFFFEA033084E039
S214007710042093E5012082E30500A0E1042083E530
S214007720084084E2D80200EB0400A0E1F84FBDE870
S2140077301EFF2FE1084097E5043094E50390C3E36D
S214007740063049E00F0053E30020A0C30120A0D379
S214007750060059E101208233000052E32200000AAD
S21400776074849FE5083497E5002098E5010073E3EC
S214007770022086E0013A82120F308312FFAEC31356
S21400778010A082020FA0CA130A10A0E10500A0E113
S214007790EA0700EB010070E300B0A0E10300000A76
S2140077A0093084E0070054E1000053118300009A7A
S2140077B0084097E5043094E50330C3E3030056E140
S2140077C00020A0930120A083063043E00F0053E37F
S2140077D0012082D3000052E30300000A0500A0E166
S2140077E0A90200EB0040A0E3BAFFFFEA013083E302
S2140077F0012086E3066084E0042084E50500A0E11D
S214007800086087E5084084E2043086E59E0200EBC7
S2140078100400A0E1F84FBDE81EFF2FE1140053E37B
S2140078204400009A540053E3A500008A2636A0E1DF
S2140078306F0083E26EC083E28011A0E12AFFFFEAB8
S214007840A324A0E1040052E33E00009A140052E391
S214007850B100008A5C8082E28881A0E15B1082E24F
S21400786008E087E0082097E708E04EE202005EE1C5
S2140078709A00000A041092E50310C1E3010053E1E8
S2140078808D00002A082092E502005EE1F8FFFF1A4C
S2140078900C209EE5043097E50C2084E508E084E59E
S2140078A0084082E50C408EE53FFFFFEA01E086E3F4
S2140078B0011082E3066084E004E084E50500A0E1B0
S2140078C0146087E5106087E50CC086E5021086E93F
S2140078D0032084E76C0200EB084084E27DFFFFEAA9
S2140078E0014084E2030014E3081081E241FFFF1A1E
S2140078F01D0000EA0C4093E5040053E102008002FC
S2140079000BFFFF0A66FFFFEA0840A0E1033088E0AD
S214007910042093E50C1098E508C0B4E5012082E346
S214007920042083E50500A0E10C108CE508C081E585
S214007930550200EB67FFFFEA5C0083E25BC083E270
S2140079408011A0E1E8FEFFEA2323A0E1398082E26D
S2140079508881A0E1381082E2C0FFFFEA083019E40F
S214007960030059E1010040E29400001A030010E30E
S214007970F9FFFF1A043097E50E30C3E1043087E5BF
S2140079808EE0B0E10120A0130020A00303005EE11A
S2140079900020A08301200292000052E364FFFF0A49
S2140079A003001EE10400A0E10FFFFF1A8EE0A0E135
S2140079B003001EE1040080E2FBFFFF0A0AFFFFEA65
S2140079C0041098E5000053E101108AE0041088E5F1
S2140079D05C00000A082497E5010072E303304B10B0
S2140079E00110831008B487050410881507101BE2E1
S2140079F0011AA0030830611203B08B100A208BE036
S214007A00011A6112022AA0E108108112222AA0E1BE
S214007A1002A041E00A10A0E10500A0E1470700EB44
S214007A20010070E300A0A0030130A0030B3040105B
S214007A30041098E50A3083100130831301108AE0A1
S214007A40070054E108B087E5041088E504308BE5AC
S214007A500F00000A0F0059E30130A09304308B9505
S214007A605DFFFF9A0500A0E3042094E50C3049E290
S214007A700730C3E3012002E2032082E10F0053E354
S214007A80033084E0042084E5040083E5080083E5F1
S214007A903500008A2C3098E5084097E5030051E150
S214007AA0303098E52C108885030051E1043094E5C9
S214007AB0301088850330C3E33FFFFFEA02E0A0E111
S214007AC072FFFFEA550F53E30B00008AA637A0E1CA
S214007AD0780083E277C083E28011A0E182FEFFEAAD
S214007AE00180A0E3043097E54121A0E1183283E14C
S214007AF0043087E50E20A0E166FFFFEADC209FE564
S214007B00020053E10B00008A2639A0E17D0083E2E3
S214007B107CC083E28011A0E173FEFFEA540052E3CA
S214007B201600008A2326A0E16F8082E28881A0E109
S214007B306E1082E249FFFFEAFE1FA0E37F00A0E38B
S214007B407EC0A0E368FEFFEA032AA0E1222AA0E1A5
S214007B50000052E39EFFFF1A0A3089E0082097E5EE
S214007B60013083E3043082E5C9FFFFEA081084E2AF
S214007B700500A0E14DFBFFEB041098E5C4FFFFEA0B
S214007B80550F52E30400008AA327A0E1788082E222
S214007B908881A0E1771082E230FFFFEA3C109FE583
S214007BA0010052E12329A0917D8082928881A091D4
S214007BB07C108292FE8FA0837E10A08327FFFFEAB0
S214007BC0043097E56DFFFFEAA601A0E1083086E2E3
S214007BD0ADFEFFEA1C47010024470100684B010088
S214007BE054050000F0412DE9006052E208D04DE255
S214007BF00040A0E120509DE51600000A0380A0E1A9
S214007C000170A0E15CFDFFEB340090E57C309FE561
S214007C10000050E30300A00100508DE50620A0E11F
S214007C200830A0E1E46090E50710A0E10400A0E1C0
S214007C300FE0A0E116FF2FE1010070E30020A00393
S214007C408A30A003002085050030840508D08DE228
S214007C50F041BDE81EFF2FE147FDFFEB343090E515
S214007C6028209FE5000053E30230A00100508DE578
S214007C700610A0E118209FE5E46093E50400A0E16B
S214007C800130A0E30FE0A0E116FF2FE1E9FFFFEAD5
S214007C90B04501002C3C0100F0412DE90140A0E177
S214007CA008D04DE20070A0E10280A0E10360A0E1F0
S214007CB031FDFFEB000054E30050A0E11400000A81
S214007CC02DFDFFEB340090E57C309FE5000050E38F
S214007CD00300A00100608DE50420A0E10830A0E1CB
S214007CE0E44090E50710A0E10500A0E10FE0A0E168
S214007CF014FF2FE1010070E30020A0038A30A003E8
S214007D00002086050030850508D08DE2F041BDE8EC
S214007D101EFF2FE118FDFFEB343090E528209FE58D
S214007D20000053E30230A00100608DE50410A0E1DE
S214007D3018209FE5E44093E50500A0E10130A0E3AC
S214007D400FE0A0E114FF2FE1E9FFFFEAB0450100D4
S214007D502C3C0100F0412DE918809DE50370A0E160
S214007D600040A0E10150A0E10260A0E102FDFFEBAF
S214007D7034C090E528309FE500005CE303C0A00116
S214007D8018808DE5E4E09CE50730A0E10620A0E140
S214007D900510A0E10400A0E10EC0A0E1F041BDE89E
S214007DA01CFF2FE1B0450100000051E308D04DE272
S214007DB004108D02000052E30800000A000053E39E
S214007DC00900000A0030D2E5003081E50020D2E547
S214007DD0000092E20100A01308D08DE21EFF2FE102
S214007DE00200A0E108D08DE21EFF2FE10100E0E3D3
S214007DF0F8FFFFEA030010E370402DE9FFE001E220
S214007E003800000A000052E301C042E21E00000AE9
S214007E100030D0E50E0053E11C00000A013080E27D
S214007E20050000EA01C05CE21700003A0020D0E539
S214007E300E0052E1013083E21400000A030013E34F
S214007E400300A0E1F6FFFF1A03005CE31100008ABE
S214007E5000005CE32500000A0030D0E50E0053E188
S214007E600A00000A0CC080E0013080E2030000EA4D
S214007E700020D0E50E0052E1013083E20300000A44
S214007E8003005CE10300A0E1F8FFFF1A0000A0E396
S214007E907040BDE81EFF2FE158409FE5014404E016
S214007EA00E4084E150609FE550509FE5044884E111
S214007EB0003090E5043023E0062083E00330C2E182
S214007EC0050013E10010A0E1040080E20300001AA0
S214007ED004C04CE203005CE3F4FFFF8ADBFFFFEA2A
S214007EE00100A0E1DBFFFFEA02C0A0E1D5FFFFEA48
S214007EF00C00A0E1E5FFFFEAFFFF0000FFFEFEFE2C
S214007F00808080800F0052E30900008A000052E360
S214007F100030A0E13C00000A013043E2022081E08C
S214007F2001C0D1E4020051E101C0E3E5FBFFFF1A06
S214007F301EFF2FE1003081E1030013E33000001A3A
S214007F40F0402DE902E0A0E110C080E2103081E2AE
S214007F50107013E50C6013E5085013E5044013E5B4
S214007F6010E04EE20F005EE310700CE50C600CE5CE
S214007F7008500CE504400CE5103083E210C08CE29B
S214007F80F2FFFF8A103042E20F30C3E30F6002E2D6
S214007F90103083E2030056E3031081E0033080E0F4
S214007FA01A00009A0140A0E106C0A0E104E043E206
S214007FB004C04CE2045094E403005CE30450AEE5D5
S214007FC0FAFFFF8A04C046E203C0CCE304C08CE29A
S214007FD00C1081E00C3083E0032002E2000052E344
S214007FE001304312022081100300000A01C0D1E4D0
S214007FF0020051E101C0E3E5FBFFFF1AF040BDE8D7
S2140080001EFF2FE10030A0E1C2FFFFEA1EFF2FE1B6
S2140080100620A0E1F0FFFFEA010050E10A00009A06
S214008020023081E0030050E10700002A000052E31E
S214008030022080E01EFF2F0101C073E5030051E11E
S21400804001C062E5FBFFFF1A1EFF2FE10F0052E39F
S2140080500900008A000052E30030A0E13C00000A5C
S214008060013043E2022081E001C0D1E4010052E188
S21400807001C0E3E5FBFFFF1A1EFF2FE1003081E1A0
S214008080030013E33000001A70402DE902E0A0E17F
S21400809010C080E2103081E2104013E510400CE57D
S2140080A00C4013E50C400CE5084013E508400CE5D1
S2140080B010E04EE2044013E50F005EE304400CE5DA
S2140080C0103083E210C08CE2F2FFFF8A103042E2EA
S2140080D00F30C3E30F6002E2103083E2030056E382
S2140080E0031081E0033080E01A00009A0140A0E10E
S2140080F006C0A0E104E043E204C04CE2045094E46D
S21400810003005CE30450AEE5FAFFFF8A04C046E2D3
S21400811003C0CCE304C08CE20C1081E00C3083E09A
S214008120032002E2000052E30130431202208110D5
S2140081300300000A01C0D1E4010052E101C0E3E5FA
S214008140FBFFFF1A7040BDE81EFF2FE10030A0E1E4
S214008150C2FFFFEA1EFF2FE10620A0E1F0FFFFEAC4
S214008160030010E34000000A000052E3012042E250
S2140081701EFF2F01FFC001E20030A0E1020000EA6E
S214008180012042E2010072E31EFF2F0101C0C3E49A
S214008190030013E3F9FFFF1A030052E32A00009AD4
S2140081A010402DE9FFE001E20EE48EE10F0052E3FD
S2140081B00EE88EE11000009A0240A0E110C083E2B3
S2140081C0104044E20F0054E310E00CE50CE00CE530
S2140081D008E00CE504E00CE510C08CE2F7FFFF8A2F
S2140081E010C042E20FC0CCE30F2002E210C08CE2C7
S2140081F0030052E30C3083E00A00009A0340A0E13B
S21400820002C0A0E104C04CE203005CE304E084E4A6
S214008210FBFFFF8A04C042E203C0CCE304C08CE24A
S2140082200C3083E0032002E2000052E30400000A60
S214008230FF1001E2022083E00110C3E4030052E1D4
S214008240FCFFFF1A1040BDE81EFF2FE1000052E3BE
S2140082501EFF2F01FF1001E2022083E00110C3E49D
S214008260030052E1FCFFFF1A1EFF2FE10030A0E1E1
S214008270C8FFFFEA10402DE908009FE5352C00EB0B
S2140082801040BDE81EFF2FE19C4B010010402DE979
S21400829008009FE52D2C00EB1040BDE81EFF2FE1E7
S2140082A09C4B010010402DE908009FE5232C00EBB5
S2140082B01040BDE81EFF2FE19C4B01004C3090E5BE
S2140082C0000053E370402DE90050A0E10140A0E11A
S2140082D00900000A040193E7000050E30F00000ABB
S2140082E0002090E5042183E70030A0E3103080E50D
S2140082F00C3080E57040BDE81EFF2FE12120A0E392
S2140083000410A0E3ED1D00EB000050E34C0085E5F3
S2140083100030A011EEFFFF1A0000A0E3F4FFFFEA12
S2140083200110A0E31164A0E1052086E20500A0E1AB
S2140083300221A0E1E11D00EB000050E3F5FFFF0A7B
S214008340500080E9E7FFFFEA000051E34C3090154B
S214008350042091150201931700008115021183175E
S2140083601EFF2FE1F0402DE90140A0E10050A0E102
S21400837000E0A0E3106091E5BC709FE50CD04DE2F4
S21400838014C081E200009CE5071000E0923123E073
S2140083902018A0E12308A0E1920121E001E08EE28E
S2140083A0073003E0013883E00E0056E104308CE429
S2140083B02138A0E1F2FFFFCA000053E30600000ADE
S2140083C0082094E5020056E1070000AA062184E092
S2140083D0016086E2143082E5106084E50400A0E1C6
S2140083E00CD08DE2F040BDE81EFF2FE1041094E5AE
S2140083F00500A0E1011081E204308DE5AEFFFFEB41
S2140084000070A0E1102094E5022082E20C1084E2C5
S2140084100221A0E10C0080E2B9FEFFEB4C2095E5BE
S214008420041094E5010192E704309DE5000084E520
S214008430014182E70740A0E1E3FFFFEAFFFF0000FB
S214008440E4C09FE5F0472DE90370A0E1083083E221
S21400845093ECCCE0C33FA0E1CCC063E001005CE35A
S2140084600050A0E10140A0E10280A0E120609DE56F
S2140084702B0000DA0130A0E30010A0E38330A0E177
S21400848003005CE1011081E2FBFFFFCA0500A0E1EA
S21400849089FFFFEB0130A0E3090058E3146080E594
S2140084A0103080E50A4084D20980A0D30D0000DA9F
S2140084B009A084E20A60A0E10A90A0E3084084E0F4
S2140084C00130D6E40010A0E1303043E20920A0E1FC
S2140084D00500A0E1A2FFFFEB040056E1F7FFFF1A3C
S2140084E0084048E204408AE0080057E1087047C0A8
S2140084F00A60A0C3077084C0070000DA0130D4E425
S2140085000010A0E1303043E20620A0E10500A0E123
S21400851093FFFFEB040057E1F7FFFF1AF047BDE8B3
S2140085201EFF2FE10010A0E3D7FFFFEA398EE338E5
S2140085302028A0E10030A0E10228A0E1000052E3DC
S2140085400038A0010000A0131000A003FF0413E3EE
S2140085500334A001080080020F0213E30332A001D7
S21400856004008002030113E30331A001020080022D
S214008570000053E31EFF2FB1010113E30100801238
S2140085802000A0031EFF2FE1003090E5072013E235
S2140085900010A0E10900000A010013E31F00001A02
S2140085A0020013E3A330A0112331A0010030801590
S2140085B0003081050100A0130200A0031EFF2FE17A
S2140085C00308A0E12008A0E1000050E31000A0038B
S2140085D00200A0112338A001FF0013E32334A001FA
S2140085E0080080020F0013E32332A001040080027B
S2140085F0030013E32331A00102008002010013E30D
S2140086000400001AA330B0E10100001A2000A0E325
S2140086101EFF2FE1010080E2003081E51EFF2FE102
S2140086200000A0E31EFF2FE110402DE90140A0E16D
S2140086300110A0E320FFFFEB0120A0E3144080E53B
S214008640102080E51040BDE81EFF2FE1F04F2DE919
S214008650108091E5105092E5050058E114D04DE2E7
S2140086600140A0E10290A0E1040000AA0820A0E1D9
S2140086700940A0E10580A0E10190A0E10250A0E140
S214008680083094E5041094E5057088E0030057E18F
S214008690011081C208FFFFEB14A080E207B18AE058
S2140086A00B005AE10030A0E104008DE50A30A0314D
S2140086B00010A0330200002A041083E403005BE1EC
S2140086C0FCFFFF8A149089E2053189E00320A0E1CF
S2140086D0030059E1143084E2088183E03B00002A5D
S2140086E008B08DE50C708DE502B0A0E10370A0E146
S2140086F020E19FE500C099E50E601CE01400000A2A
S2140087000A40A0E10750A0E10010A0E3042095E491
S214008710000094E50E3002E00EC000E02228A0E142
S21400872096C323E02008A0E1960222E0013083E011
S214008730231882E00E3003E0013883E1050058E19B
S214008740043084E42118A0E1EFFFFF8A001084E5DE
S21400875000C099E52CC8B0E11600000A00309AE582
S2140087600A00A0E10340A0E10710A0E10020A0E37A
S214008770005091E52468A0E10E4005E09C6424E0EA
S2140087800E3003E0022084E0023883E1043080E407
S214008790043091E4004090E52338A0E10E5004E058
S2140087A09C5323E0010058E1223883E02328A0E10F
S2140087B0EEFFFF8A003080E5049089E209005BE165
S2140087C004A08AE2CAFFFF8A08B09DE50C709DE50A
S2140087D0000057E3090000DA04301BE5000053E30D
S2140087E004B04BE20300000A040000EA04303BE554
S2140087F0000053E30100001A017057E2FAFFFF1A67
S21400880004309DE50300A0E1107083E514D08DE2EE
S214008810F04FBDE81EFF2FE1FFFF0000033012E21D
S214008820F0412DE90240A0E10070A0E10150A00156
S2140088302500001A4441B0E11900000A486097E597
S214008840000056E32700000A0080A0E3050000EAC7
S214008850C440B0E11200000A000096E5000050E3B4
S2140088601200000A0060A0E1010014E3F7FFFF0A0F
S2140088700620A0E10510A0E10700A0E172FFFFEBD3
S214008880000055E3042095154C30971502119317F8
S2140088900010851502518317C440B0E10050A0E1D6
S2140088A0ECFFFF1A0500A0E1F041BDE81EFF2FE136
S2140088B00620A0E10610A0E10700A0E162FFFFEBA2
S2140088C0000086E5008080E5E5FFFFEA44209FE59E
S2140088D0013043E2032192E70030A0E3A0FEFFEB65
S2140088E00050A0E1D2FFFFEA0110A0E30700A0E1DC
S2140088F071FEFFEB0110A0E30030A0E318209FE517
S214008900101080E5142080E50060A0E1480087E5AF
S214008910003080E5CBFFFFEA103D01007102000049
S214008920F0472DE9107091E5C292A0E1083091E57C
S214008930077089E0014087E2030054E10150A0E19E
S2140089400280A0E10060A0E1041091E5030000DAD7
S2140089508330A0E1030054E1011081E2FBFFFFCA6F
S2140089600600A0E154FEFFEB000059E3143080E25D
S214008970040000DA0020A0E3091183E0042083E469
S214008980030051E1FCFFFF1A10E095E5141085E2A4
S2140089901F8018E20EE181E01400000A00C0A0E388
S2140089A0202068E2009091E519C88CE104C083E4B9
S2140089B004C091E401005EE13CC2A0E1F8FFFF8A3A
S2140089C000005CE300C083E5024087124C3096E569
S2140089D0042095E5021193E7014044E2104080E54B
S2140089E0001085E5025183E7F047BDE81EFF2FE142
S2140089F0043043E2042091E401005EE10420A3E594
S214008A00FBFFFF8AF0FFFFEA04E02DE5103091E55A
S214008A1000E0A0E1100090E5030050E00D00001A11
S214008A200331A0E114E08EE2141081E2031081E02D
S214008A3003308EE0010000EA03005EE10500002A34
S214008A4004C033E5042031E502005CE1F9FFFF0ACB
S214008A500200003A0100A0E304E09DE41EFF2FE1BF
S214008A600000E0E3FBFFFFEAF84F2DE902B0A0E1CB
S214008A70109091E5102092E5029049E0000059E33D
S214008A800170A0E14700001A0221A0E1146081E213
S214008A9014E08BE2023086E002208EE0010000EA5D
S214008AA0030056E14900002A04C033E5041032E50D
S214008AB001005CE1F9FFFF0A0E80A0214B00003A9E
S214008AC0041097E5FCFDFFEB00A0A0E3107097E50F
S214008AD010309BE530E19FE50C9080E50840A0E172
S214008AE00650A0E1038188E0076186E014C080E2BA
S214008AF0049095E4041094E40E3009E00A3083E014
S214008B002128A0E10EA001E00A3043E0292862E017
S214008B10432882E00E3003E0023883E1040058E187
S214008B2004308CE442A8A0E1F0FFFF8A050056E17D
S214008B301200009A0C40A0E10510A0E1C8E09FE5F5
S214008B40048091E40E3008E00A3083E04328A0E178
S214008B50282882E00E3003E0023883E1010056E167
S214008B60043084E442A8A0E1F4FFFF8A0550E0E167
S214008B70066085E00360C6E3046086E206C08CE01B
S214008B80000053E304C04CE20300001A04303CE546
S214008B90000053E3017047E2FBFFFF0A107080E518
S214008BA0F84FBDE81EFF2FE1146081A214808BA24F
S214008BB00090A0A3C1FFFFAA14608BE20B70A0E197
S214008BC0148081E20190A0E301B0A0E1BBFFFFEAC0
S214008BD00010A0E3B8FDFFEB0030A0E30120A0E307
S214008BE0143080E5102080E5F84FBDE81EFF2FE129
S214008BF00730A0E10680A0E10B70A0E10E60A0E1C6
S214008C0003B0A0E10190A0E3ACFFFFEAFFFF000085
S214008C105C309FE5013003E00D3543E2000053E38E
S214008C20020000DA0000A0E30310A0E11EFF2FE11F
S214008C30003063E2433AA0E1130053E3080000DA91
S214008C40143043E21E0053E30120A0D30130A0C33A
S214008C501F3063D21233A0D10010A0E30300A0E1BE
S214008C601EFF2FE10227A0E30000A0E35213A0E1BD
S214008C701EFF2FE10000F07FF0412DE9107090E517
S214008C80146080E2077186E0048017E50800A0E122
S214008C9026FEFFEB203060E20A0050E3003081E55C
S214008CA0043047E20C0000CAB0209FE5030056E1FE
S214008CB00B3060E2385382E10020A02308201735ED
S214008CC03223A031153080E2184382E10400A0E18F
S214008CD00510A0E1F041BDE81EFF2FE1030056E1BC
S214008CE01100002A0B2050E2083017E51000000A99
S214008CF068109FE508C047E20C0056E120E062E2FB
S214008D00188281E10C001735335E88E11332A031FA
S214008D101302A021300E83310040A0E10510A0E12F
S214008D200400A0E1F041BDE81EFF2FE10B3050E249
S214008D300600001A0340A0E1FF5588E3035685E3CA
S214008D400400A0E10510A0E1F041BDE81EFF2FE100
S214008D5008209FE50000A0E3185382E1EDFFFFEA3C
S214008D600000F03FF0412DE90340A0E108D04DE2BD
S214008D700110A0E30280A0E120609DE524509DE55F
S214008D804DFDFFEBE4309FE5FF14C4E30F16C1E38F
S214008D90244A13E001168113000058E30070A0E196
S214008DA004108DE51D00000A08008DE2088020E50D
S214008DB0F4FDFFEB0C009DE8000050E3201060126D
S214008DC0132182113330A0111420871504308D151D
S214008DD014208705000053E30110A0030210A0131F
S214008DE0000054E3183087E5101087E51500001AD8
S214008DF0430E40E2013187E0020040E2000086E5D3
S214008E00100093E5C9FDFFEB810260E0000085E5F8
S214008E100700A0E108D08DE2F041BDE81EFF2FE17B
S214008E2004008DE2D7FDFFEB0130A0E304209DE5B2
S214008E30000054E30310A0E1103087E5142087E516
S214008E40200080E2E9FFFF0A434E44E2034044E28A
S214008E50004084E0350060E2004086E5000085E5DD
S214008E600700A0E108D08DE2F041BDE81EFF2FE12B
S214008E70FF070000F0432DE90CD04DE20180A0E191
S214008E800D10A0E10090A0E17AFFFFEB0040A0E10A
S214008E900150A0E10800A0E104108DE275FFFFEB91
S214008EA000309DE50060A0E10170A0E1100098E5AB
S214008EB0101099E504209DE5001041E0023043E0E3
S214008EC0813283E0000053E3090000DA039A85E06C
S214008ED00950A0E10620A0E10730A0E10400A0E1CF
S214008EE00510A0E1352700EB0CD08DE2F043BDE87D
S214008EF01EFF2FE1033663E0031A87E00170A0E14E
S214008F00F3FFFFEA170050E3D0402DE90040A0E150
S214008F100A0000DA0000A0E30060A0E334109FE53A
S214008F2034709FE50620A0E10730A0E17F2600EB25
S214008F30014054E2FAFFFF1AD040BDE81EFF2FE1C1
S214008F4018309FE5804183E0101084E2030091E82A
S214008F50D040BDE81EFF2FE10000F03F0000244097
S214008F60103D010010C092E5143082E210402DE959
S214008F70014041E2C442A0E10CC183E0014084E22A
S214008F800C0053E1044180E00900002A041040E28E
S214008F9004E093E403005CE104E0A1E5FBFFFF8A44
S214008FA002304CE0153043E20330C3E3043083E282
S214008FB0030080E0000054E10300009A0030A0E3C4
S214008FC0043080E4000054E1FCFFFF8A1040BDE856
S214008FD01EFF2FE1103090E5C122A0E1020053E110
S214008FE014C080E203318CB00A0000BA080000DA30
S214008FF01F1011E20600000A02319CE73301A0E1CF
S214009000100153E102318CE00200000A0100A0E3E7
S2140090101EFF2FE102318CE003005CE10A00002A0B
S214009020040013E5000050E3043043E20300000AA6
S214009030F5FFFFEA042033E5000052E3F2FFFF1AD3
S21400904003005CE1FAFFFF3A1EFF2FE10000A0E3F9
S2140090501EFF2FE1F04F2DE9007051E20CD04DE2DB
S2140090600290A0E17F00000A0B4089E20080A0E1A8
S2140090707FFCFFEB160054E31020A0930030A09373
S2140090800240A0910740C483A43FA0810420A08191
S214009090090054E101308333000053E30C30A01381
S2140090A0041017E5085047E20360C1E30090A013E0
S2140090B0003088150F00001A020056E1110000BAB1
S2140090C00790A0E1043046E00F0053E35600008A04
S2140090D0043095E5013003E2063083E1043085E58F
S2140090E0065085E0043095E5013083E3043085E5DD
S2140090F00800A0E164FCFFEB0900A0E10CD08DE2C3
S214009100F04FBDE81EFF2FE114B49FE508309BE545
S21400911006C085E003005CE1A500000A04009CE5AB
S2140091200130C0E303308CE0043093E5010013E324
S2140091303200000A010011E38800000A0910A0E1CD
S2140091400800A0E1D2F8FFEB009050E2E7FFFF0A2C
S214009150043017E50130C3E3033085E0082049E218
S214009160030052E1E300000A042046E2240052E332
S214009170DD00008A130052E30930A0910720A09179
S2140091801400009A003097E5003089E5043097E532
S2140091901B0052E3043089E5082087920830899244
S2140091A00C00009A083097E5083089E50C3097E502
S2140091B00C3089E5240052E31030970510308905FD
S2140091C01420970510308912142089051020871264
S2140091D01830890218208702001092E5001083E5F7
S2140091E0041092E5041083E5082092E5082083E544
S2140091F00710A0E10800A0E1ACF5FFEBBBFFFFEA1B
S2140092000300C0E3003086E0020053E11C0000BA11
S21400921008108CE2060091E80790A0E10C2081E59A
S2140092200360A0E1081082E5A5FFFFEA042095E5AB
S214009230012002E2041085E0013083E3042082E18D
S214009240042085E5043081E5065085E0043095E588
S214009250013083E3081081E2043085E50800A0E1D0
S21400926092F5FFEBA1FFFFEA0210A0E188F8FFEB02
S2140092700090A0E10900A0E10CD08DE2F04FBDE81F
S2140092801EFF2FE1010011E3ABFFFF1A08A017E550
S2140092900AA045E004109AE50310C1E3000081E04F
S2140092A0063080E0020053E1300000BA0A90A0E1E8
S2140092B008108CE2060091E80C2081E5081082E593
S2140092C00C109AE50800B9E5042046E2240052E3B3
S2140092D00C1080E5080081E52F00008A130052E399
S2140092E00920A0911400009A001097E508108AE55E
S2140092F0041097E51B0052E30C108AE5087087926D
S21400930010208A920C00009A081097E510108AE543
S2140093100C1097E514108AE5240052E310209705F8
S21400932018208A0514209705107087121C208A05BD
S21400933018208A121870870220208A02001097E5EB
S214009340001082E5041097E5041082E5081097E502
S2140093500360A0E10A50A0E1081082E558FFFFEA8A
S21400936008A017E50AA045E004109AE50310C1E33B
S214009370013086E0020053E16FFFFFBA0A90A0E1D9
S2140093800C109AE50800B9E5042046E2240052E3F2
S2140093900C1080E5080081E5CFFFFF9A0710A0E1DA
S2140093A00900A0E10360A0E10A50A0E119FBFFEB71
S2140093B043FFFFEA04309CE50330C3E3063083E056
S2140093C0100084E2000053E13A0000AA010011E315
S2140093D059FFFF1A08A017E50AA045E004109AE511
S2140093E00310C1E3033081E0030050E1DFFFFFCA52
S2140093F00A90A0E10C109AE50800B9E5042046E2C0
S214009400240052E30C1080E5080081E53E00008A47
S214009410130052E30920A0911400009A001097E56B
S21400942008108AE5041097E51B0052E30C108AE545
S2140094300870879210208A920C00009A081097E510
S21400944010108AE50C1097E514108AE5240052E304
S2140094501020970518208A0514209705107087128B
S2140094601C208A0518208A121870870220208A027B
S214009470001097E5001082E5041097E5041082E5D9
S214009480081097E5081082E5043043E004208AE0DF
S214009490013083E308208BE5043082E504309AE54A
S2140094A0013003E2044083E10800A0E104408AE5BD
S2140094B075FBFFEB0FFFFFEA043043E0045085E046
S2140094C0013083E308508BE5043085E5043017E56A
S2140094D0013003E2044083E10800A0E1044007E510
S2140094E069FBFFEB0790A0E102FFFFEA0710A0E18F
S2140094F0C8FAFFEB3DFFFFEA043019E50330C3E38B
S214009500036086E00790A0E1EDFEFFEA0710A0E109
S2140095100900A0E104308DE5BEFAFFEB04309DE5BE
S214009520D8FFFFEA1C470100BC30D0E1093003E257
S214009530090053E30100000A0000A0E31EFF2FE12C
S21400954010402DE9B8F2FFEB1040BDE81EFF2FE1FA
S214009550F0412DE9005050E20140A0E10200000A6F
S214009560383095E5000053E34200000AFC20D4E1C1
S2140095700238A0E1020213E32338A0E10600001A35
S214009580641094E5022A82E3021AC1E30238A0E1DD
S214009590BC20C4E1641084E52338A0E10010A0E3F9
S2140095A0200013E3041084E52F00001A040013E3E0
S2140095B02200000A301094E5000051E30900000A7A
S2140095C0403084E2030051E10500A011B7F4FF1B10
S2140095D00000A0E33C3094E5000053E1300084E551
S2140095E0043084E53B00001A103094E5000053E395
S2140095F04600000AFC70D4E10738A0E1030813E334
S2140096002368A0E11D00001A102094E50500A0E1E3
S214009610002084E5205094E5143094E51C1094E571
S2140096200FE0A0E115FF2FE1000050E3040084E501
S2140096300000A0C3080000DAF041BDE81EFF2FE1DD
S214009640100013E33500000A080013E32500001A93
S214009650042082E3BC20C4E1E2FFFFEA1500001A02
S214009660BC30D4E1203083E3BC30C4E10000E0E34A
S214009670F041BDE81EFF2FE1DAF2FFEBBAFFFFEA8A
S2140096800120A0E3AC309FE5BC20C4E1000093E5D8
S214009690A4109FE574F6FFEB093006E2090053E3D9
S2140096A0BC70C4E1D7FFFF1A0410A0E10500A0E1DA
S2140096B0A7F1FFEBD3FFFFEA0020A0E3BC30D4E124
S2140096C0403083E3BC30C4E1042084E50000E0E3DE
S2140096D0F041BDE81EFF2FE1383094E5003084E508
S2140096E0F041BDE81EFF2FE10410A0E10500A0E157
S2140096F026F2FFEB000050E3DBFFFF1AFC20D4E16C
S214009700080084E5180084E50820C2E3CFFFFFEADE
S2140097100410A0E10500A0E122F7FFEBB4FFFFEA8A
S2140097200930A0E3402082E3003085E50000E0E356
S214009730BC20C4E1BFFFFFEA583C010028950000AA
S2140097400030A0E370402DE930409FE50050A0E1D6
S2140097500100A0E1003084E5FD2700EB010070E386
S2140097600100000A7040BDE81EFF2FE1003094E5BE
S214009770000053E3003085157040BDE81EFF2FE162
S214009780A04B010030402DE900C0D1E55E005CE34F
S2140097900020A0130120A0030240A0110240A00157
S2140097A001E0811201C0D10502E08102013040E2F1
S2140097B0FF1080E20120E3E5010053E1FCFFFF1A01
S2140097C000005CE301404E02012024120D00000A56
S2140097D00C20C0E701108EE2013051E52D0053E366
S2140097E00140A0E10A00000A5D0053E30500000AFC
S2140097F0000053E30200000A03C0A0E101E0A0E17C
S214009800F2FFFFEA0E40A0E10400A0E13040BDE810
S2140098101EFF2FE10140DEE504005CE10050A0D30E
S2140098200150A0C35D0054E301508503000055E3DA
S214009830F0FFFF1A02E08EE20C3080E001C08CE2FE
S2140098400C0054E10120E3E5FBFFFFCA021081E2B1
S214009850E0FFFFEA00009FE51EFF2FE10000C07F4B
S2140098600C002DE930402DE902E1E0E3825FA0E341
S2140098700040E0E374D04DE284C08DE20C30A0E1FD
S21400988080209DE508108DE518108DE508108DE206
S214009890B451CDE110E08DE51CE08DE5B641CDE19B
S2140098A004C08DE55D0A00EB0020A0E308309DE5CE
S2140098B00020C3E574D08DE23040BDE808D08DE2CC
S2140098C01EFF2FE10E002DE982CFA0E30231E0E378
S2140098D00010E0E304E02DE570D04DE278208DE244
S2140098E0B4C1CDE110308DE51C308DE5B611CDE16B
S2140098F004208DE508008DE518008DE51EF6FFEBCB
S21400990074209DE504309DE508108DE2430A00EBC7
S2140099100020A0E308309DE50020C3E570D08DE26E
S21400992004E09DE40CD08DE21EFF2FE110402DE9EF
S2140099300140A0E1FE10D1E19E1C00EB000050E3C8
S214009940503094A5BC30D4B1003083A0013AC3B3E4
S214009950503084A5BC30C4B11040BDE81EFF2FE1D6
S2140099600000A0E31EFF2FE1F0412DE90140A0E139
S214009970FC10D1E1010C11E30260A0E10370A0E14C
S2140099800050A0E10400000AFE10D4E10230A0E37B
S2140099900020A0E3751C00EBFC10D4E1011AC1E323
S2140099A0BC10C4E10730A0E10620A0E1FE10D4E11F
S2140099B00500A0E12F1800EBF041BDE81EFF2FE1E7
S2140099C010402DE90140A0E1FE10D1E1671C00EB3C
S2140099D0BC30D4E1010070E3013AC303013A8313BB
S2140099E050008415BC30C4E11040BDE81EFF2FE1D6
S2140099F010402DE9FE10D1E1561800EB1040BDE8EE
S214009A001EFF2FE101C020E003001CE32100001A26
S214009A1003C010E20300C0E30310C1E3042090E497
S214009A20043091040600000A03C02CE2FF34E0E391
S214009A308CC1A0E133CCA0E1043091E40C2082E19B
S214009A400C3083E104402DE50140A0E3044484E1AA
S214009A50044884E104C042E0030052E102C0CC01A5
S214009A6084031C010420900404309104F8FFFF0ACC
S214009A70020CA0E12224A0E1010050E3030C5021D7
S214009A802334A001F9FFFF0AFF3003E2200C63E055
S214009A9004409DE41EFF2FE1030010E30600000AC9
S214009AA00120D0E40130D1E4010052E3030052214A
S214009AB0F8FFFF0A030042E01EFF2FE130002DE909
S214009AC00140A0E3044484E1044884E1042090E4D7
S214009AD0035001E20310C1E3043091E4020055E3B1
S214009AE01700000A2D00008AFF54C2E3230455E144
S214009AF004C042E002C0CCE10700001A84C31CE0A8
S214009B00043091040600001A025025E0030C55E1CB
S214009B100800001A042090E4F2FFFFEA2334A0E1D4
S214009B20360000EAFFC4DCE33100001A0030D1E55D
S214009B30225CA0E1310000EA225CA0E1FF3003E2F3
S214009B402E0000EA0258A0E104C042E02558A0E139
S214009B5002C0CCE1230855E10E00001A84C31CE0C5
S214009B60043091040400001A025025E0030855E171
S214009B700600001A042090E4F1FFFFEA0CC8B0E1EA
S214009B801B00001AB030D1E12258A0E11B0000EA09
S214009B900338A0E12258A0E12338A0E1170000EA2C
S214009BA0FF5002E2230C55E104C042E002C0CCE1C3
S214009BB00700001A84C31CE0043091040600001A53
S214009BC0025025E0030455E10600001A042090E444
S214009BD0F2FFFFEA233CA0E1080000EAFF0012E3E0
S214009BE00300000A043091E42254A0E1FF34C3E3EA
S214009BF0020000EA0000A0E33000BDE81EFF2FE1EF
S214009C00FF2005E2FF0003E2010050E302005021BE
S214009C102554A0012334A001F8FFFF0A000042E00B
S214009C203000BDE81EFF2FE1F04F2DE90350A0E104
S214009C300030A0E384D04DE20090A0E10500A0E152
S214009C400180A0E118208DE570308DE597F5FFEBDB
S214009C5000B0A0E1000090E582DAFFEB0010A0E380
S214009C600020A0E30830A0E110108DE514208DE55B
S214009C7020008DE56C808DE50320A0E10140D3E453
S214009C802D0054E304F19F97E70000EA249E0000AD
S214009C902CA000002CA000002CA000002CA000008F
S214009CA02CA000002CA000002CA000002CA000007F
S214009CB0749F0000749F0000749F0000749F000053
S214009CC0749F00002CA000002CA000002CA0000018
S214009CD02CA000002CA000002CA000002CA000004F
S214009CE02CA000002CA000002CA000002CA000003F
S214009CF02CA000002CA000002CA000002CA000002F
S214009D002CA000002CA000002CA00000749F0000D7
S214009D102CA000002CA000002CA000002CA000000E
S214009D202CA000002CA000002CA000002CA00000FE
S214009D302CA000002CA00000749E00002CA00000A8
S214009D40689F00000020A0E320208DE5022088E226
S214009D506C208DE50240D8E5302044E2090052E34D
S214009D606C808D850020A0832600008A300054E396
S214009D700500001A6C209DE5012082E26C208DE52E
S214009D800040D2E5300054E3FAFFFF0A312044E2F7
S214009D90080052E3C000008A6C209DE502E0A0E1C6
S214009DA0010082E26C008DE528208DE5302044E23B
S214009DB00140DEE530E044E209005EE30800008A88
S214009DC0010080E26C008DE5022182E0822084E0C2
S214009DD00040D0E530E044E209005EE3302042E295
S214009DE0F6FFFF9A28E09DE50E0040E0D4EF9FE5E1
S214009DF00E0052E1080050D30E20A0C120009DE5C1
S214009E00000050E300206212000055E3A500001A8F
S214009E1024209DE5023093E19800001A00005CE3E0
S214009E20FC01000A18309DE5000053E30030A01343
S214009E3000A0A0E300B0A0E31C308D150400000ACB
S214009E4018309DE5008083E51C309DE5000053E357
S214009E500400001A0A00A0E10B10A0E184D08DE2F5
S214009E60F04FBDE81EFF2FE102318BE203B0A0E108
S214009E70F7FFFFEA0030A0E31C308DE501A082E288
S214009E806CA08DE50140D2E5000054E3E4FFFF0A34
S214009E90300054E30030A01324308D156900000A0A
S214009EA0303044E2090053E36803008A0070A0E300
S214009EB00A00A0E10760A0E10750A0E1080055E312
S214009EC0010080E2077187C0063186E06C008DE5F0
S214009ED0833084E0874084C0307044C20040D0E5C0
S214009EE0306043D2303044E2090053E3015085E24B
S214009EF0F1FFFF9A00109BE520209DE5871B00EBF5
S214009F00001050E21C00000A0030A0E305B0A0E1FB
S214009F100310A0E103C0A0E12020C4E3450052E303
S214009F205D00001A24009DE5032085E1002092E1F3
S214009F30BBFFFF0A6C809DE5012088E26C208DE562
S214009F400140D8E52B0054E37DFFFF0A2D0054E3C3
S214009F500020A0130120A00320208D1520208D05B1
S214009F6079FFFF0A7BFFFFEA0130A0E31C308DE596
S214009F70C1FFFFEA6C308DE53EFFFFEA6C309DE5E1
S214009F8020009DE5002083E06C208DE505B0A0E173
S214009F900040D3E70130A0E1302044E2090052E35C
S214009FA07C00008A000052E3010083E20030A0013A
S214009FB00240A0E16C009D051700000A010050E376
S214009FC0001081E0053083100100001AAA0400EAA0
S214009FD00C50A0E1080055E3060186E001C085E2CA
S214009FE08060A0D1020000DA10005CE3077187D021
S214009FF08770A0D103005CE1F4FFFF1A6C009DE5BA
S21400A000025085E208005CE3950300DA0030A0E326
S21400A010100055E3077187D0877082D0012080E258
S21400A0206C208DE50140D0E5DAFFFFEA0030A0E3C2
S21400A030300054E31C308DE50030A01302A0A0E1F0
S21400A04024308D1595FFFF1A0130DAE5580053E3EA
S21400A0501C02000A780053E31A02000A01A08AE2F2
S21400A0606CA08DE50040DAE5300054E3FAFFFF0A05
S21400A070000054E30130A01324308D1587FFFF1A2B
S21400A08000A0A0E300B0A0E318309DE5000053E375
S21400A0906CFFFF0A6C809DE568FFFFEA000055E351
S21400A0A00020A0E359FFFF0A00005BE305B0A00113
S21400A0B0100055E30540A0B11040A0A30600A0E1A3
S21400A0C0018042E0D92100EB090054E310008DE541
S21400A0D014108DE50F0000DA2C3D9FE5843183E0F7
S21400A0E0483043E20C0093E8102200EB10008DE5A8
S21400A0F014108DE50700A0E1CC2100EB0020A0E1C4
S21400A1000130A0E110108DE2030091E8032100EB7E
S21400A11010008DE514108DE50F0055E31F0000CAF2
S21400A120000058E31800000A620300DA160058E33D
S21400A1304F0300CAD01C9FE5881181E010308DE2E5
S21400A1400C0093E8030091E8F82100EB00A0A0E1E2
S21400A15001B0A0E1CBFFFFEA6C008DE2681C9FE532
S21400A160BC1900EB000050E32DFFFF0A6C309DE5A4
S21400A1700030D3E5280053E3E303000A4C3C9FE598
S21400A18014308DE50030A0E310308DE510B08DE280
S21400A190000C9BE8BBFFFFEA01C0A0E35DFFFFEAFF
S21400A1A0044045E0084084E0000054E3730200DA0F
S21400A1B00F3014E20700000A4C1C9FE5831181E073
S21400A1C0030091E810308DE20C0093E8D72100EBF5
S21400A1D010008DE514108DE50F40D4E33701001A0A
S21400A1E00030A0E324308DE50530A0E100608DE569
S21400A1F00B20A0E10A10A0E10900A0E18FF8FFEB18
S21400A200003050E244308DE5ED01000A0030A0E356
S21400A210030058E10020A0A3002068B238208DE596
S21400A220C82FC8E120308DE502A0A0E10340A0E1E0
S21400A230C10000EA031041E01F0051E30130A0D343
S21400A240012042E00110A0C30080A0D3808B9FC5F0
S21400A2501331A0D1038048C030308DD530108DC565
S21400A2601188A0C1027086E0070056E10730A0A161
S21400A2700630A0B1025085E024209DE5055082E01E
S21400A280050053E10530A0A1000053E3037047C06A
S21400A290035045C0036046C038309DE5000053E3D8
S21400A2A01100000A0410A0E10320A0E10900A0E1CB
S21400A2B059F9FFEB004050E2CB01000A70209DE503
S21400A2C00410A0E10900A0E1DFF8FFEB003050E247
S21400A2D0C501000A70109DE50900A0E13C308DE53F
S21400A2E018F8FFEB3C309DE570308DE5000057E335
S21400A2F0060000DA0720A0E170109DE50900A0E145
S21400A30086F9FFEB000050E370008DE5F402000ACA
S21400A31000005AE30500000A0B10A0E10A20A0E1A5
S21400A3200900A0E13CF9FFEB00B050E2AE01000AE4
S21400A330000055E3050000DA0B10A0E10520A0E1BF
S21400A3400900A0E175F9FFEB00B050E2A601000A93
S21400A350000056E3050000DA0410A0E10620A0E1A4
S21400A3600900A0E16DF9FFEB004050E29E01000AF3
S21400A3700B20A0E170109DE50900A0E1B9F9FFEB04
S21400A380003050E220308DE59701000A0070A0E30F
S21400A39020309DE50C2093E50410A0E10C7083E5C9
S21400A3A03C208DE597F9FFEB070050E10A0300BA61
S21400A3B0CE02000A0410A0E120009DE5ACFAFFEBF7
S21400A3C00020A0E30131A0E30050A0E10160A0E17D
S21400A3D0BC2200EB000050E30301000A3C309DE580
S21400A3E0000053E31301000A0020A0E3E4399FE5D0
S21400A3F030208DE534308DE5D8399FE50750A0E153
S21400A40040308DE514709DE51C6A9FE5C8399FE5D0
S21400A410068007E0030058E14801000A24309DE565
S21400A420003093E20130A0136A0658E30030A083A0
S21400A430000053E31E00000A40609DE50500A0E111
S21400A4400610A0E194299FE594399FE59D2200EB34
S21400A450000050E31200000A0500A0E10610A0E18B
S21400A460CF2200EB005050E2C101000AEF2000EBC3
S21400A4700050A0E140108DE53C309DE5000053E320
S21400A480B601001A40309DE5023183E250508DE55A
S21400A49054308DE550308DE20C0093E830208DE589
S21400A4A034308DE534309DE56B3683E2083043E08A
S21400A4B034308DE528108DE2030091E830708DE28F
S21400A4C0C00097E8D1F9FFEB0020A0E10130A0E141
S21400A4D00600A0E10710A0E1142100EB28308DE271
S21400A4E00C0093E80D2000EB0160A0E110008DE564
S21400A4F014108DE530399FE524209DE5063003E0F5
S21400A500080053E1000052035201000A70109DE556
S21400A5100900A0E18BF7FFEB0B10A0E10900A0E11A
S21400A52088F7FFEB0410A0E10900A0E185F7FFEB38
S21400A53020109DE50900A0E182F7FFEB44509DE561
S21400A5400900A0E1041095E55BF7FFEB00B050E2D0
S21400A5502501000A10308DE20C0093E80260A0E1AD
S21400A5600370A0E1102095E5022082E20221A0E11E
S21400A5700C1085E20C008BE228608DE52C708DE5D2
S21400A5805FF6FFEB78008DE274108DE204008DE537
S21400A5900620A0E10730A0E100108DE50900A0E14B
S21400A5A0EFF9FFEB000050E370008DE54C02000A67
S21400A5B00110A0E30900A0E11AF8FFEB004050E20A
S21400A5C00901000A74309DE5000053E30A20A0B19B
S21400A5D038209DA524109DE5036082A0035042B05C
S21400A5E078209DE5013043E0023083E0F4179FE5D4
S21400A5F0013043E20A50A0A138609DB5010053E146
S21400A600362062E20AFFFFBA0130A0E30080A0E332
S21400A61030308DE512FFFFEA494044E2250054E35E
S21400A62004F19F97FEFDFFEA9CA70000249E000011
S21400A630249E0000249E0000249E000058A10000D6
S21400A640249E0000249E0000249E0000249E0000FD
S21400A650249E0000249E0000249E0000249E0000ED
S21400A660249E0000249E0000249E0000249E0000DD
S21400A670249E0000249E0000249E0000249E0000CD
S21400A680249E0000249E0000249E0000249E0000BD
S21400A690249E0000249E0000249E0000249E0000AD
S21400A6A0249E0000249E00009CA70000249E00001C
S21400A6B0249E0000249E0000249E000058A1000056
S21400A6C04D0F54E3BE0000CA4442A0E1010054E32B
S21400A6D00030A0E3880200DA40279FE524608DE57D
S21400A6E00270A0E10360A0E120208DE510108DE24D
S21400A6F0030091E8010014E3C440A0E10200000A50
S21400A7000C0097E8892000EB0130A0E3010054E339
S21400A710016086E2087087E2F5FFFF1A000053E347
S21400A7200620A0E124609DE5D702001A14309DE5BE
S21400A730353643E214308DE520309DE5821183E006
S21400A740030091E810308DE20C0093E8772000EBD0
S21400A7500231C1E390269FE5233AA0E1033AA0E147
S21400A760020053E110008DE514108DE50120A0E1F4
S21400A7709300008A74169FE5010053E14A02009A8E
S21400A780A0369FE514308DE50030A0E324308DE53B
S21400A7900030E0E310308DE592FEFFEA6C008DE2BB
S21400A7A04C169FE52B1800EB000050E39CFDFF0ABB
S21400A7B06C309DE56C008DE2013043E234169FE577
S21400A7C06C308DE5231800EB000050E36C309D05DF
S21400A7D0013083026C308D054C369FE514308DE5D4
S21400A7E00030A0E310308DE567FEFFEA0500A0E12B
S21400A7F024369FE50610A0E10020A0E34B2000EBE6
S21400A8003C309DE5000053E30050A0E140108DE58C
S21400A8102700001A023181E248008DE54C308DE5B4
S21400A82048308DE20C0093E814709DE530208DE5ED
S21400A83034308DE5F3FEFFEA10208DE2060092E844
S21400A840000051E3A400001AFF34C2E30F36C3E34E
S21400A850000053E30270A0E13000001A0020A0E3DD
S21400A86070359FE50500A0E10610A0E18F2100EB02
S21400A870000050E30402001A0500A0E198359FE5A9
S21400A8800610A0E10020A0E3282000EB0050A0E185
S21400A890023181E240108DE560008DE564308DE583
S21400A8A060308DE20C0093E830208DE534308DE585
S21400A8B0D4FEFFEA0020A0E140309DE548208DE56B
S21400A8C04C308DE5D5FFFFEA1C209DE570308DE20B
S21400A8D008508DE504208DE500308DE518259FE5B0
S21400A8E074308DE26C108DE20900A0E1D81500EB03
S21400A8F0075010E20040A0E1E0FDFF0A060055E325
S21400A900FB00001A0030A0E301A08AE26CA08DE5EF
S21400A91000B0A0E300A0A0E31C308DE5D9FDFFEA5F
S21400A9200020A0E3D4349FE530208DE534308DE55B
S21400A930A0349FE50050A0E340308DE5B1FEFFEA6D
S21400A940353647E214308DE510108DE2030091E8AD
S21400A950AEF8FFEB0020A0E10130A0E130108DE260
S21400A960030091E8F11F00EB10308DE20C0093E835
S21400A970EA1E00EB88349FE5016006E0030056E11E
S21400A98028308DE20C0093E810008DE514108DE55C
S21400A9900210A0E10320A0E158108DE55C208DE5B3
S21400A9A0CF00009A7C349FE5030052E10B00000ABA
S21400A9B070349FE514308DE50030E0E310308DE50F
S21400A9C0D1FEFFEA60349FE50020A0E314308DE559
S21400A9D02230A0E310208DE5003089E5EAFDFFEA8D
S21400A9E058309DE5010073E3F0FFFF1A0B60A0E10D
S21400A9F00450A0E170009DE52C349FE50020A0E304
S21400AA0014308DE52230A0E310208DE5003089E576
S21400AA1010B08DE2000C9BE80010A0E10900A0E158
S21400AA2048F6FFEB0610A0E10900A0E145F6FFEBB3
S21400AA300510A0E10900A0E142F6FFEB44109DE5F9
S21400AA400900A0E13FF6FFEB20109DE50900A0E11C
S21400AA503CF6FFEB8BFDFFEA40709DE50500A0E1AC
S21400AA600710A0E1372100EB791F00EB0130A0E1D1
S21400AA700020A0E10710A0E10500A0E1A61E00EB63
S21400AA803C309DE5000053E30070A0E10180A0E1AA
S21400AA902300001A10309DE5000053E32000001A42
S21400AAA0FF64C6E30F66C6E3000056E31C00001A08
S21400AAB0BE3F8FE20C0093E8FC2000EB000050E362
S21400AAC091FEFF0A0B60A0E10450A0E110B08DE2F9
S21400AAD0000C9BE870009DE5CEFFFFEA10308DE28B
S21400AAE00C0093E8010052E30370A0118BFFFF1ADD
S21400AAF010308DE20C0093E8000053E30370A0E1F1
S21400AB0086FFFF1A0B60A0E10450A0E12230A0E30C
S21400AB1070009DE5003089E500A0A0E300B0A0E34A
S21400AB20BCFFFFEAA33F8FE20C0093E80700A0E11A
S21400AB300810A0E1DD2000EB000050E3E0FFFF1A64
S21400AB400700A0E10810A0E1273E8FE20C0093E882
S21400AB50E82000EB000050E36BFEFF0AD8FFFFEA98
S21400AB600520A0E140309DE550208DE554308DE570
S21400AB7047FEFFEA5C329FE540308DE53DFEFFEA8A
S21400AB8096FDFF0A004064E20F2014E20700000A68
S21400AB9074329FE5823183E010108DE2030091E865
S21400ABA00C0093E8052000EB10008DE514108DE5F1
S21400ABB04472B0E189FDFF0A1F0057E31E0000CA79
S21400ABC0103017E224308DE56A01000A6A30A0E3EF
S21400ABD0000057E324308DE5900100DA0030A0E352
S21400ABE010108DE2030091E818429FE5010017E37C
S21400ABF00200000A0C0094E84C1F00EB0130A0E3B2
S21400AC00C770B0E1084084E2F7FFFF1A000053E384
S21400AC10A001001A24309DE5000053E37F01001ACE
S21400AC200020A0E30030A0E310108DE2030091E8BE
S21400AC30982000EB000050E36AFDFF0A2230A0E3F4
S21400AC4000A0A0E300B0A0E3003089E50DFDFFEA18
S21400AC5000109BE520209DE50A00A0E12F1800EBE0
S21400AC6000B050E20700000A00B0A0E30B70A0E1BD
S21400AC700B60A0E10B30A0E10B10A0E10B50A0E1AF
S21400AC800BC0A0E1A3FCFFEA6C309DE520109DE51B
S21400AC90012083E06C208DE50140D3E7300054E3CB
S21400ACA00B30A0E10500001A012082E26C208DE541
S21400ACB00040D2E5300054E3013083E2F9FFFF0A9A
S21400ACC0312044E2080052E35E00009A0070A0E3E0
S21400ACD00B10A0E10760A0E10B50A0E101C0A0E3CB
S21400ACE08CFCFFEA14309DE5356683E214608DE542
S21400ACF0FFFDFFEA70209DE5000052E30500000A14
S21400AD003510A0E378008DE295F8FFEB0900A0E18E
S21400AD1070109DE58BF5FFEB060055E305F19F9758
S21400AD200A0000EA8CAD000064AD000034AE0000FE
S21400AD309CAD000040AD000064AD00008CAD00008E
S21400AD400231E0E314308DE50030E0E310308DE5AD
S21400AD50080014E314309D150231831314308D154A
S21400AD6009FDFFEA74309DE578108DE2060091E853
S21400AD70433E83E2033083E20126C2E3033A82E1E4
S21400AD8010108DE514308DE5F0FFFFEA0030A0E3EB
S21400AD9014308DE510308DE5ECFFFFEA88309FE536
S21400ADA014308DE50030A0E310308DE5E7FFFFEAB4
S21400ADB09535A094FFFFCF3F9535A094FFFFDF3F6A
S21400ADC035E5AF350000E03F1F4E0000943E010021
S21400ADD00000F8FFE2FBFFFF0000F03F0000E07F0E
S21400ADE00000C0FFFFFFDF4102FCFFFF0000A07C69
S21400ADF00000907C883E01008C3E0100383E010039
S21400AE000000F0BFFFFF9F7C603E0100203D010078
S21400AE10FFFF0F00000050390000E0BF0000E03FD9
S21400AE20103E01004C3E0100FFFFEF7F0000F07F68
S21400AE30FF07000078309DE510308DE57C309DE5FD
S21400AE4014308DE5C1FFFFEA0060A0E36C009DE5CD
S21400AE500670A0E100A0A0E10150A0E3304044E26B
S21400AE60011083E2066186E0866084E00030A0E39D
S21400AE7069FCFFEA253065E2030058E1C7FCFFCA1B
S21400AE807C401FE50F5065E2851184E0055048E0E0
S21400AE9010308DE20C0093E8030091E8854184E0D1
S21400AEA0A21E00EB0C0094E8A01E00EB00A0A0E1A0
S21400AEB001B0A0E173FCFFEA160078E3B7FCFFBA26
S21400AEC0BC201FE5882142E010108DE2030091E8C7
S21400AED00C0092E8391F00EB00A0A0E101B0A0E151
S21400AEE068FCFFEA0B60A0E10450A0E1C1FEFFEAA7
S21400AEF03C309DE5000053E30B60A0E10870A0E144
S21400AF000450A0E130809DE528B08DE2000C9BE85F
S21400AF106C00000A0C311FE510208DE2060092E856
S21400AF200230D3E19F00000A000057E36100000AE8
S21400AF3014309DE5030017E10D00000A3C309DE546
S21400AF40000053E310108DE2030091E824209DE5F5
S21400AF507A00000A560100EB0020A0E10130A0E1D3
S21400AF600A00A0E10B10A0E16C1D00EB00A0A0E120
S21400AF7001B0A0E124309DE5000053E31400000A70
S21400AF8074311FE55C308DE50030A0E358308DE568
S21400AF900A00A0E10B10A0E158308DE20C0093E807
S21400AFA0621E00EB0030A0E10140A0E1000051E38A
S21400AFB000A0A0E101B0A0E110308DE514408DE5C1
S21400AFC00300001A10309DE5000053E32230A00372
S21400AFD00030890570009DE58EFEFFEA3C309DE559
S21400AFE0070053E10B60A0E10450A0E128B08DE219
S21400AFF0000C9BE8DEFFFF1A10208DE2060092E8A8
S21400B000070051E1DAFFFF1AFF34C2E30F36C3E34D
S21400B010070053E1D6FFFF1A0241C2E3244AA0E12B
S21400B020044AA0E16B0654E3D1FFFF9A20209DE579
S21400B030143092E5070053E10200001A103092E542
S21400B040010053E3CAFFFFDA20109DE50120A0E3CC
S21400B0500900A0E131F6FFEB0510A0E120008DE528
S21400B06068F6FFEB000050E3C1FFFFDA24309DE5F1
S21400B070000053E34200000A6B0654E3400000CA97
S21400B080370654E3BDFFFFCA9FFEFFEA0020A0E399
S21400B09080321FE560208DE564308DE588321FE53F
S21400B0A03C509DE540308DE5FCFDFFEA353682E2FA
S21400B0B014308DE549FCFFEA10309DE5030018E1E9
S21400B0C0ABFFFF0A9CFFFFEA10208DE2060092E825
S21400B0D0FF34C2E30F36C3E3000053E391FFFF1AC9
S21400B0E0000051E30240A0E18EFFFF1A0241C4E3D4
S21400B0F0244AA0E1044AA0E1DBFFFFEA0320A0E126
S21400B100E8321FE520308DE587FDFFEA6C008DE212
S21400B11078208DE2F8121FE5E91500EB050050E3F4
S21400B12015FCFF1A7C309DE57F3483E30F3683E3FE
S21400B13014308DE578309DE510308DE512FCFFEA81
S21400B140DB0000EB0020A0E10130A0E10A00A0E156
S21400B1500B10A0E1F01C00EB0020A0E30030A0E301
S21400B16000A0A0E101B0A0E14A1F00EB000050E300
S21400B17065FEFF1A7EFFFFEA000057E396FEFFCA51
S21400B180A6FEFFEA014644E2243AE0E1033AE0E1A3
S21400B19014308DE50030E0E310308DE510B08DE220
S21400B1A0000C9BE872FFFFEA24309DE5000053E3A5
S21400B1B010109DE51700000A94331FE5023003E0E7
S21400B1C06A0653E31300008A0000E0E3233AA0E196
S21400B1D06B3063E21033A0E1010053E151FFFF1A28
S21400B1E0C0131FE5010052E1010073030130A00304
S21400B1F00030A013FEFDFF0AD4131FE5021001E085
S21400B200012681E214208DE510308DE510B08DE228
S21400B210000C9BE856FFFFEA0030E0E3EDFFFFEA94
S21400B220F8331FE510208DE2060092E8223A03E08C
S21400B2306B3063E2000053E378FEFFDA1F0053E34F
S21400B240080000DA0010A0E3340053E310108DE588
S21400B2500010E0D33736A0C3203043D2113302D0DB
S21400B26014308DE56DFEFFEA0020E0E310109DE54A
S21400B270123301E010308DE568FEFFEA05C0A0E15C
S21400B2806C009DE5015085E25DFBFFEA10008DE550
S21400B29014108DE524FDFFEA10008DE514108DE5F1
S21400B2A05BFEFFEA70402DE90040A0E10150A0E1FE
S21400B2B00260A0E1B0EFFFEB343090E518C09FE5E8
S21400B2C0000053E30620A0E10510A0E10400A0E181
S21400B2D00C30A0017040BDE852FAFFEAB04501000C
S21400B2E070402DE90150A0E10260A0E10040A0E11D
S21400B2F0A1EFFFEB0630A0E10520A0E10410A0E1DD
S21400B3007040BDE847FAFFEA70402DE90160A0E111
S21400B3100050A0E198EFFFEB0040A0E196EFFFEBB6
S21400B320343090E518C09FE5000053E30620A0E106
S21400B3300510A0E10400A0E10C30A0017040BDE8BB
S21400B34038FAFFEAB045010070402DE90150A0E14F
S21400B3500040A0E10260A0E187EFFFEB0520A0E13E
S21400B3600630A0E10410A0E12EFAFFEB0020A0E1D9
S21400B3700130A0E10040A0E10150A0E1E31E00EB97
S21400B380000050E30400001A0400A0E10510A0E14C
S21400B390181F00EB7040BDE81EFF2FE10000A0E381
S21400B3A02BF9FFEBFAFFFFEAF0412DE90160A0E17F
S21400B3B00050A0E170EFFFEB0040A0E16EEFFFEB66
S21400B3C0343090E5DCC09FE5000053E30C30A0016C
S21400B3D00620A0E10400A0E10510A0E111FAFFEBB1
S21400B3E00170A0E10060A0E1021F00EB0010A0E3E6
S21400B3F00050A0E14E1F00EB000050E30040A0010B
S21400B4000030A0E30020A0E30600A0E10710A0E1C2
S21400B4100140A0139F1E00EB000050E30130A0E3A4
S21400B4200030A013034004E0010014E31700001AE4
S21400B43074109FE50500A0E1551F00EB000050E3E7
S21400B4400600000A0020E0E360309FE50600A0E169
S21400B4500710A0E1A71E00EB000050E30B00000A57
S21400B4600215E0E30500A0E1371F00EB000050E303
S21400B4700900000A0600A0E10710A0E10020E0E3B2
S21400B4800136E0E3891E00EB000050E30200001ADC
S21400B49039EFFFEB2230A0E3003080E50500A0E1A5
S21400B4A0F041BDE81EFF2FE1B0450100FFFF7F7FA2
S21400B4B0FFFFEF7FF0412DE90280A0E10170A0E1DF
S21400B4C0D2F5FFEB000058E30040A0E10150A0E1F8
S21400B4D00D00000A40309FE5273A03E06B3063E238
S21400B4E0000053E3080000DA0040A0E3033AA0E1BE
S21400B4F0FF3583E2035683E20420A0E10530A0E195
S21400B5000A1D00EB0040A0E10150A0E10400A0E10C
S21400B5100510A0E1F041BDE81EFF2FE1FF07000087
S21400B520F04F2DE90CD04DE200108DE504008DE5BE
S21400B5300280A0E10360A0E10150A0E130A09DE5FB
S21400B540000000EA0750A0E10570A0E10A00A0E1B3
S21400B5500140D7E445EFFFEB040080E00130D0E582
S21400B560080013E3F6FFFF1A2D0054E34300000A19
S21400B5702B0054E36600000A1090D6E30750A0E1C3
S21400B58006B0A0110090A0130271E0135300000A49
S21400B5900B10A0E10700A0E1821B00EB0700A0E172
S21400B5A001A0A0E10B10A0E1411B00EB0030A0E3DE
S21400B5B00010E0E30320A0E101C0A0E3090000EAD8
S21400B5C0024040E0003074E20430A3E00E005AE18E
S21400B5D00030A0A3000053E31400001A0C30A0E1D2
S21400B5E09BE222E00140D5E430E044E209005EE35D
S21400B5F00700009A41E044E219005EE337E0449217
S21400B6000300009A61E044E219005EE30900008A44
S21400B61057E044E206005EE1060000AA020050E1A0
S21400B6200040A0230140A033A33F94E1E3FFFF0ABC
S21400B6300130A0E1EAFFFFEA010073E32000000A00
S21400B640000059E300206212000058E30300000ADD
S21400B650000053E300909D050400001A009088E562
S21400B6600200A0E10CD08DE2F04FBDE81EFF2FE1F6
S21400B6700270A0E1019045E20720A0E1F6FFFFEA94
S21400B680013076E20030A0331020D6E3025085E287
S21400B6900040D7E50190A0032400001A300054E3D0
S21400B6A01200000A000053E31E00000A0A60A0E32E
S21400B6B006B0A0E1000059E30271A0130271E00396
S21400B6C0B2FFFFEA2230A0E304209DE5000058E325
S21400B6D0003082E50720A001E5FFFF1ADFFFFFEA42
S21400B6E0013076E20030A033300054E3ECFFFF1A5E
S21400B6F00020D5E5DF2002E2580052E30700001ADA
S21400B7001060A0E30140D5E506B0A0E1025085E256
S21400B710E7FFFFEA0040D7E5027085E295FFFFEA03
S21400B720000053E30860A01306B0A0E1E0FFFFEAC4
S21400B73006B0A0E10190A0E30271A0E393FFFFEA48
S21400B740F0402DE90CD04DE20370A0E10040A0E1EE
S21400B7500150A0E10260A0E187EEFFEB34C090E567
S21400B76028309FE500005CE303C0A0010620A0E1AE
S21400B7700730A0E10510A0E10400A0E100C08DE5BF
S21400B78066FFFFEB0CD08DE2F040BDE81EFF2FE118
S21400B790B0450100F0402DE90150A0E10260A0E1B3
S21400B7A00370A0E10040A0E10CD04DE272EEFFEB8A
S21400B7B000708DE50630A0E10520A0E10410A0E1B0
S21400B7C056FFFFEB0CD08DE2F040BDE81EFF2FE1E8
S21400B7D0F0402DE90CD04DE20160A0E10270A0E13E
S21400B7E00050A0E164EEFFEB0040A0E162EEFFEB4C
S21400B7F034C090E528309FE500005CE303C0A0015C
S21400B8000620A0E10730A0E10510A0E10400A0E1B9
S21400B81000C08DE541FFFFEB0CD08DE2F040BDE8A7
S21400B8201EFF2FE1B0450100F04F2DE91CD04DE280
S21400B83010108DE514008DE500208DE50360A0E175
S21400B8400150A0E140809DE5000000EA0750A0E11D
S21400B8500570A0E10800A0E10140D7E483EEFFEB0D
S21400B860040080E00130D0E5080013E3F6FFFF1A7D
S21400B8702D0054E36300000A2B0054E38F00000AF7
S21400B8801030D6E30750A0E104308DE57D00000AB5
S21400B8900030A0E306A0A0E104308DE5C6BFA0E11D
S21400B8A00030E0E308308DE50231E0E30C308DE552
S21400B8B00C809DE508909DE50810A0E10A20A0E117
S21400B8C00B30A0E10900A0E1371E00EB0B30A0E131
S21400B8D00810A0E10270A0E10900A0E10A20A0E1A2
S21400B8E0311E00EB0080A0E30020A0E30030A0E3C0
S21400B8F000C0E0E301E0A0E3110000EA030051E12C
S21400B900020050010180A0030080A013040057E14C
S21400B9100080A0A3018008B2000058E31C00001AB3
S21400B920920B08E09A8329E00930A0E1928A89E028
S21400B930042098E00E80A0E1099083E0C43FA9E0CF
S21400B9400140D5E4309044E2090059E30940A09153
S21400B9500700009A419044E2190059E337404492A8
S21400B9600300009A619044E2190059E30A00008A35
S21400B970574044E2060054E1070000AA030051E1E4
S21400B980020050010190A0330090A023A88F99E1F7
S21400B990D9FFFF0A0C80A0E1E8FFFFEA010078E388
S21400B9A02F00000A04109DE5000051E30C00001A69
S21400B9B000109DE5000051E30400000A000058E373
S21400B9C010509D050900001A00109DE5005081E505
S21400B9D00200A0E10310A0E11CD08DE2F04FBDE80C
S21400B9E01EFF2FE1002072E20030E3E2EFFFFFEAE5
S21400B9F008208DE50C308DE508209DE5015045E2D8
S21400BA000C309DE5EFFFFFEA013076E20030A03310
S21400BA101020D6E30120A003025085E20040D7E5BF
S21400BA2004208D053000001A300054E31900000A87
S21400BA30000053E32900000A0AA0A0E300B0A0E338
S21400BA400A60A0E304309DE5000053E393FFFF0A7D
S21400BA500030A0E308308DE50231A0E30C308DE520
S21400BA6092FFFFEA2230A0E300209DE5000052E3AB
S21400BA7014209DE5003082E5DEFFFF1A08208DE2E7
S21400BA800C0092E8D1FFFFEA013076E20030A033E6
S21400BA90300054E3E5FFFF1A0020D5E5DF2002E280
S21400BAA0580052E30800001A0140D5E510A0A0E3B4
S21400BAB000B0A0E3025085E21060A0E3E0FFFFEADA
S21400BAC00040D7E5027085E26CFFFFEA000053E312
S21400BAD008A0A01300B0A0130860A013D8FFFF1A98
S21400BAE006A0A0E1C6BFA0E1D5FFFFEA0110A0E3D3
S21400BAF00020A0E30231A0E306A0A0E1C6BFA0E1BB
S21400BB000E008DE969FFFFEAF0402DE90CD04DE20A
S21400BB100370A0E10040A0E10150A0E10260A0E1B6
S21400BB2095EDFFEB34C090E528309FE500005CE320
S21400BB3003C0A0010620A0E10730A0E10510A0E1A7
S21400BB400400A0E100C08DE536FFFFEB0CD08DE2CF
S21400BB50F040BDE81EFF2FE1B0450100F0402DE9A2
S21400BB600150A0E10260A0E10370A0E10040A0E166
S21400BB700CD04DE280EDFFEB00708DE50630A0E1C5
S21400BB800520A0E10410A0E126FFFFEB0CD08DE21B
S21400BB90F040BDE81EFF2FE1F0402DE90CD04DE24D
S21400BBA00160A0E10270A0E10050A0E172EDFFEBA1
S21400BBB00040A0E170EDFFEB34C090E528309FE533
S21400BBC000005CE303C0A0010620A0E10730A0E16E
S21400BBD00510A0E10400A0E100C08DE511FFFFEB19
S21400BBE00CD08DE2F040BDE81EFF2FE1B04501000D
S21400BBF0F04F2DE90CD04DE20180A0E104008DE568
S21400BC000270A0E10360A0E101B0A0E130A09DE5D4
S21400BC10000000EA05B0A0E10B50A0E10A00A0E198
S21400BC200140D5E491EDFFEB040080E00130D0E563
S21400BC30083013E2F6FFFF1A2D0054E35500000A01
S21400BC402B0054E30390A0010390A0110040D505FB
S21400BC5002508B021030D6E30E00001A300054E378
S21400BC605000000A000056E30A00001A0A60A0E32B
S21400BC700510A0E306C0A0E154A19FE50D0000EA70
S21400BC80000056E30860A0030710A00306C0A0014A
S21400BC900EA2E0030700000A0610A0E10000E0E3A1
S21400BCA0831900EB0610A0E100A0A0E10000E0E38D
S21400BCB0BC1900EB06C0A0E10030A0E30020E0E3E2
S21400BCC00300A0E101E0A0E304B0A0E1090000EA5F
S21400BCD00AB040E000307BE20B30A3E0010054E104
S21400BCE00030A0D3000053E31400001A0E30A0E189
S21400BCF09C4020E001B0D5E430404BE2090054E31C
S21400BD000700009A41404BE2190054E337404B923B
S21400BD100300009A61404BE2190054E30900008AD0
S21400BD2057404BE2040056E1060000DA0A0050E1F4
S21400BD3000B0A09301B0A083A33F9BE1E3FFFF0AFE
S21400BD400230A0E1EAFFFFEA000053E3090000BA70
S21400BD50000059E300006012000057E30200000AEA
S21400BD60000053E30900001A008087E50CD08DE23E
S21400BD70F04FBDE81EFF2FE12230A0E304209DE532
S21400BD80000057E30000E0E3003082E5F6FFFF0A1C
S21400BD90018045E2F3FFFFEA0040D5E50190A0E30D
S21400BDA002508BE2AAFFFFEA0030D5E5DF3003E25F
S21400BDB0580053E3B1FFFF1A1060A0E30140D5E539
S21400BDC006C0A0E1025085E20F10A0E30FA2E0E358
S21400BDD0B8FFFFEA99999919F0402DE90CD04DE289
S21400BDE00370A0E10040A0E10150A0E10260A0E1E4
S21400BDF0E1ECFFEB34C090E528309FE500005CE303
S21400BE0003C0A0010620A0E10730A0E10510A0E1D4
S21400BE100400A0E100C08DE574FFFFEB0CD08DE2BE
S21400BE20F040BDE81EFF2FE1B0450100F0402DE9CF
S21400BE300150A0E10260A0E10370A0E10040A0E193
S21400BE400CD04DE2CCECFFEB00708DE50630A0E1A7
S21400BE500520A0E10410A0E164FFFFEB0CD08DE20A
S21400BE60F040BDE81EFF2FE1F0402DE90CD04DE27A
S21400BE700160A0E10270A0E10050A0E1BEECFFEB83
S21400BE800040A0E1BCECFFEB34C090E528309FE515
S21400BE9000005CE303C0A0010620A0E10730A0E19B
S21400BEA00510A0E10400A0E100C08DE54FFFFFEB08
S21400BEB00CD08DE2F040BDE81EFF2FE1B04501003A
S21400BEC0F04F2DE914D04DE208108DE50C008DE5FD
S21400BED000208DE503A0A0E10170A0E138609DE59B
S21400BEE0000000EA0570A0E10750A0E10600A0E10E
S21400BEF00140D5E4DDECFFEB040080E00130D0E546
S21400BF00083013E2F6FFFF1A2D0054E36B00000A18
S21400BF102B0054E304308D0504308D150040D50504
S21400BF20025087021030DAE30A00001A300054E3A9
S21400BF306700000A00005AE30600001A05E0A0E3C6
S21400BF407A7F8FE2C00097E80A80A0E30090A0E323
S21400BF500AA0A0E30E0000EACA9FA0E10A20A0E122
S21400BF600930A0E10000E0E30010E0E38E1C00EBE7
S21400BF700A20A0E10060A0E10170A0E10930A0E184
S21400BF800000E0E30010E0E3871C00EB0A80A0E17D
S21400BF9002E0A0E10030A0E30000A0E30010A0E370
S21400BFA000C0E0E301B0A0E3110000EA070051E1A1
S21400BFB0060050010130A0030030A0130E0054E12B
S21400BFC00030A0D3013003C2000053E31C00001A67
S21400BFD0900903E0983122E00210A0E1902883E067
S21400BFE0033081E0040092E0C41FA3E00B30A0E120
S21400BFF00140D5E4302044E2090052E30240A0911B
S21400C0000700009A412044E2190052E33740449268
S21400C0100300009A612044E2190052E30A00008AF5
S21400C020574044E204005AE1070000DA070051E1F5
S21400C030060050010120A0830020A093A33F92E1B8
S21400C040D9FFFF0A0C30A0E1E8FFFFEA000053E347
S21400C050100000BA04209DE5000052E30A00001A12
S21400C06000209DE5000052E30400000A000053E3B0
S21400C07008509D050F00001A00309DE5005083E52E
S21400C08014D08DE2F04FBDE81EFF2FE1000070E2F5
S21400C0900010E1E2F1FFFFEA2230A0E300209DE578
S21400C0A0000052E30C209DE50000E0E30010E0E312
S21400C0B0003082E5F1FFFF0A015045E2EDFFFFEA9E
S21400C0C00130A0E30040D5E504308DE5025087E25C
S21400C0D093FFFFEA0030D5E5DF3003E2580053E374
S21400C0E00800001A0140D5E50FE0A0E3025085E203
S21400C0F00060E0E30F72E0E31080A0E30090A0E3AE
S21400C10010A0A0E3A2FFFFEA00005AE391FFFF1A87
S21400C11007E0A0E30060E0E30E72E0E30880A0E33F
S21400C1200090A0E308A0A0E399FFFFEA0000A0E1CA
S21400C1309999999999999919F0402DE90CD04DE261
S21400C1400370A0E10040A0E10150A0E10260A0E180
S21400C15009ECFFEB34C090E528309FE500005CE377
S21400C16003C0A0010620A0E10730A0E10510A0E171
S21400C1700400A0E100C08DE550FFFFEB0CD08DE27F
S21400C180F040BDE81EFF2FE1B0450100F0402DE96C
S21400C1900150A0E10260A0E10370A0E10040A0E130
S21400C1A00CD04DE2F4EBFFEB00708DE50630A0E11D
S21400C1B00520A0E10410A0E140FFFFEB0CD08DE2CB
S21400C1C0F040BDE81EFF2FE1F0402DE90CD04DE217
S21400C1D00160A0E10270A0E10050A0E1E6EBFFEBF9
S21400C1E00040A0E1E4EBFFEB34C090E528309FE58B
S21400C1F000005CE303C0A0010620A0E10730A0E138
S21400C2000510A0E10400A0E100C08DE52BFFFFEBC8
S21400C2100CD08DE2F040BDE81EFF2FE1B0450100D6
S21400C220F04F2DE943DF4DE20140A0E128108DE5F7
S21400C2300290A0E138308DE52C008DE51DECFFEB7B
S21400C240003090E50300A0E168308DE505D1FFEBF6
S21400C250BC30D4E1800013E360008DE50200000AE4
S21400C260103094E5000053E3C906000A0030A0E34E
S21400C270C8A08DE250308DE54C308DE554308DE50C
S21400C28064308DE56C308DE520308DE558308DE5D9
S21400C2905C308DE59C308DE598308DE57C3F9FE5E4
S21400C2A094A08DE5108083E20030D9E5000053E3CA
S21400C2B0250053130940A0E11300000A0130F4E5FD
S21400C2C0000053E325005313FBFFFF1A095054E008
S21400C2D00D00000A98309DE59C209DE5013083E224
S21400C2E0070053E3052082E000908AE504508AE5C3
S21400C2F098308DE59C208DE508A08AD27F0000CA84
S21400C30020309DE5053083E020308DE50030D4E513
S21400C310000053E38100000A0020A0E30030E0E3C1
S21400C3207720CDE50360A0E124308DE50200A0E192
S21400C3300230A0E134208DE502B0A0E10250A0E179
S21400C340019084E20120D4E501C0A0E32BE0A0E345
S21400C3502040A0E3019089E2201042E2580051E319
S21400C36001F19F974B0200EA84CC000098CC0000B5
S21400C37098CC000078CC000098CC000098CC000048
S21400C38098CC000098CC000098CC000098CC000018
S21400C390CCC400005CCC000098CC0000F4C40000C4
S21400C3A0D4C7000098CC00001CC80000F0CB0000EA
S21400C3B0F0CB0000F0CB0000F0CB0000F0CB00008C
S21400C3C0F0CB0000F0CB0000F0CB0000F0CB00007C
S21400C3D098CC000098CC000098CC000098CC0000C8
S21400C3E098CC000098CC000098CC000098CC0000B8
S21400C3F098CC000098CC00007CCA0000DCCA000084
S21400C40098CC0000DCCA000098CC000098CC000055
S21400C41098CC000098CC0000B4CB000098CC00006C
S21400C42098CC0000C0CB000098CC000098CC000050
S21400C43098CC000098CC000098CC000028C80000DB
S21400C44098CC000098CC000058C8000098CC00009B
S21400C45098CC000098CC000098CC000098CC000047
S21400C46098CC000098CC000098CC000098CC000037
S21400C47098CC0000D0C8000018C90000DCCA000034
S21400C480DCCA0000DCCA0000DCC9000018C90000D5
S21400C49098CC000098CC0000E8C9000098CC0000BA
S21400C4A004CA000028C7000040CA00006CCC000088
S21400C4B098CC00005CC7000098CC000060C5000067
S21400C4C098CC000098CC000018CC000038209DE5E1
S21400C4D0001092E5042082E2000051E334108DE55E
S21400C4E038208DE5030000AA34209DE5002062E296
S21400C4F034208DE504B08BE30020D9E594FFFFEAF5
S21400C50094208DE228109DE52C009DE5471200EB57
S21400C510000050E30700001AC8A08DE277FFFFEA8C
S21400C5209C309DE5000053E32C009D1594208D1251
S21400C53028109D153D12001B28309DE5BC30D3E128
S21400C540400013E320309DE50030E01320308DE5F9
S21400C55020009DE543DF8DE2F04FBDE81EFF2FE192
S21400C56020001BE344208DE5B200001A38209DE52C
S21400C57010001BE30230A0E11904001A40001BE380
S21400C5801704000A0130A0E30070A0E3B060D2E117
S21400C590042082E238208DE50020A0E330208DE5DF
S21400C5A07720CDE524209DE5010072E3F200000A25
S21400C5B0075086E1000055E3000052038020CBE3DD
S21400C5C00150A0130050A00318208DE56303001A45
S21400C5D0000053E3D502001A01501BE2D302000A02
S21400C5E03030A0E3422F8DE2413062E540208DE5F9
S21400C5F024309DE5050053E10530A0B11C308DE5E3
S21400C6000030A0E348308DE530309DE5000053E370
S21400C6100200000A1C309DE5013083E21C308DE5E7
S21400C62018309DE5027013E21C309D15023083120F
S21400C6301C308D1518309DE5843013E23C308DE5B6
S21400C640B001001A34309DE51C209DE5026043E0F1
S21400C650000056E3AB0100DA100056E34F0600DA9E
S21400C66098208DE2140092E80A30A0E10410A0E1C0
S21400C67006A0A0E110B0A0E30560A0E12C409DE577
S21400C68028509DE5020000EA10A04AE210005AE396
S21400C690140000DA012082E2800B9FE5070052E3D7
S21400C6A0101081E2010883E898208DE59C108DE546
S21400C6B0083083D2F3FFFFDA94208DE20510A0E164
S21400C6C00400A0E1D91100EB000050E399FFFF1A27
S21400C6D010A04AE210005AE3C8308DE29C109DE597
S21400C6E098209DE5EAFFFFCA0650A0E10140A0E1C0
S21400C6F00A60A0E103A0A0E1012082E21C3B9FE5C6
S21400C700044086E0070052E398208DE59C408DE5C6
S21400C71048008AE8720100CA7730DDE508A08AE2A0
S21400C72030308DE5780100EA20501BE244208DE58C
S21400C7302601001A10301BE238209DE5AE03001AD1
S21400C74040501BE2AC03000AB060D2E1042082E253
S21400C75038208DE50070A0E38EFFFFEA0050A0E3CE
S21400C76038309DE544208DE5002093E5050052E134
S21400C770044083E240208DE57750CDE524309DE5EA
S21400C7803006000A010073E3F105000A0320A0E169
S21400C7900510A0E140009DE595EDFFEB000050E39D
S21400C7A04506000A0530A0E140209DE524508DE5B1
S21400C7B048308DE5025040E07730DDE5C52FC5E115
S21400C7C038408DE518B08DE51C208DE530308DE5C0
S21400C7D08CFFFFEA0020D9E52A0052E3011089E227
S21400C7E08206000A307042E2090057E30190A0E199
S21400C7F024508D85D7FEFF8A0510A0E10120D9E4DC
S21400C800011181E0811087E0307042E2090057E3B1
S21400C810F9FFFF9A24108DE5CEFEFFEA80B08BE389
S21400C8200020D9E5CAFEFFEA10B08BE320001BE328
S21400C83044208DE54CFFFF0A38309DE5074083E233
S21400C8400730C4E3082083E2C00093E838208DE573
S21400C8500130A0E34FFFFFEA000053E3C0399FE535
S21400C8607700CD1520001BE364308DE544208DE570
S21400C87038309DE5EF00001A10001BE3DB04001AB9
S21400C88040001BE30070A0130070A003B060D3113B
S21400C89000609305043083120430830238308D150F
S21400C8A038308D0501001BE3E900000A073096E1E9
S21400C8B0E700000A3030A0E34420DDE57830CDE51F
S21400C8C07920CDE502B08BE30230A0E331FFFFEA2A
S21400C8D00030A0E344208DE50120A0E338009DE56C
S21400C8E00250A0E11C208DE530308DE5002090E55B
S21400C8F07730CDE524308DE548308DE5043080E294
S21400C90038308DE5A0308DE218B08DE5A020CDE55D
S21400C91040308DE541FFFFEA000053E37700CD1578
S21400C92020001BE344208DE55900001A10001BE38D
S21400C930AB04001A40001BE3E203000A38309DE512
S21400C940F060D3E1043083E2C67FA0E138308DE5A5
S21400C9500620A0E10730A0E1000052E30030D3E259
S21400C960560000BA24209DE57730DDE5010072E32D
S21400C97030308DE50130A0E30CFFFF1A010053E3D1
S21400C9807902000A020053E3C8108D12CF01001A84
S21400C990C8308DE20320A0E164C09DE52632A0E108
S21400C9A0073E83E12702A0E10F1006E20070A0E137
S21400C9B00360A0E10130DCE7071096E1013062E594
S21400C9C0F5FFFF1A0230A0E140208DE5C8208DE279
S21400C9D018B08DE5035042E004FFFFEA40B08BE359
S21400C9E00020D9E55AFEFFEA0020D9E56C0052E3A4
S21400C9F00120D90520B08B030190890210B08B135B
S21400CA0053FEFFEA000053E37700CD1520001BE33A
S21400CA10AF04001A10001BE36A04001A40001BE370
S21400CA206804000A38209DE5003092E5042082E282
S21400CA3038208DE5B022DDE1B020C3E119FEFFEA23
S21400CA407830A0E33020A0E338109DE57930CDE5BE
S21400CA5044308DE5043081E238308DE5C4379FE5FB
S21400CA60006091E564308DE502B08BE37820CDE57B
S21400CA700070A0E30230A0E3C6FEFFEA000053E326
S21400CA8010B08BE37700CD1520001BE344208DE526
S21400CA90A5FFFF0A38309DE5074083E20740C4E360
S21400CAA00C0094E8000052E3081084E20370A0E152
S21400CAB00030D3E238108DE50260A0E1A8FFFFAA9F
S21400CAC02D30A0E3006076E27730CDE530308DE59E
S21400CAD00070E7E20130A0E3B1FEFFEA000053E396
S21400CAE038309DE57700CD1508001BE344208DE522
S21400CAF0074083E22B04000A0730C4E3082083E2E1
S21400CB0038208DE5002093E5043093E550208DE530
S21400CB1054308DE554309DE550509DE50241C3E309
S21400CB200500A0E10410A0E10020E0E3F8369FE550
S21400CB30F61800EB000050E36A03001A0500A0E1B7
S21400CB400410A0E10020E0E3DC369FE5DD1800EBF2
S21400CB50000050E36303001A50008DE20F0090E8D7
S21400CB60D21800EB000050E34205001A7730DDE5EE
S21400CB7030308DE50330A0E30350A0E11C308DE596
S21400CB800030A0E30310A0E148108DE544109DE5B9
S21400CB9024308DE594369FE5470051E390269FE5C7
S21400CBA00320A0D18000CBE318008DE540208DE562
S21400CBB094FEFFEA08B08BE30020D9E5E4FDFFEA27
S21400CBC010B08BE320501BE244208DE5D8FEFF0A10
S21400CBD038309DE5074083E20730C4E3082083E24F
S21400CBE0C00093E838208DE50030A0E369FEFFEA38
S21400CBF00010A0E3307042E20120D9E4011181E088
S21400CC00811087E0307042E2090057E3F9FFFF9A8F
S21400CC1034108DE5CFFDFFEA000053E304369FE5B0
S21400CC207700CD1520001BE364308DE544208DE5AC
S21400CC3038309DE50FFFFF0A074083E20730C4E364
S21400CC40082083E201001BE338208DE5C00093E84E
S21400CC5015FFFF1A0230A0E34EFEFFEA0020D9E5DA
S21400CC600C30A0E10E00A0E1B9FDFFEA20B08BE396
S21400CC700020D9E5B6FDFFEA01B08BE30020D9E538
S21400CC80B3FDFFEA000050E30020D9E50C30A00118
S21400CC900400A001AEFDFFEA44208DE544109DE5AA
S21400CCA0000053E37700CD15000051E31BFEFF0A9A
S21400CCB00030A0E30120A0E330308DE57730CDE5ED
S21400CCC024308DE548308DE5A0308DE20250A0E19D
S21400CCD01C208DE5A010CDE518B08DE540308DE523
S21400CCE04EFEFFEA94208DE228109DE52C009DE57F
S21400CCF04E1000EB000050E30EFEFF1A7730DDE525
S21400CD0030308DE5C8A08DE29C409DE530309DE535
S21400CD10000053E30B00000A0120A0E398309DE5D5
S21400CD20023083E0070053E3024084E098308DE54C
S21400CD3077308DE204208AE500308AE59C408DE558
S21400CD4008A08AD2920100CA000057E30B00000A2E
S21400CD500220A0E398309DE5013083E2070053E30C
S21400CD60024084E098308DE578308DE204208AE534
S21400CD7000308AE59C408DE508A08AD28D0100CA65
S21400CD803C309DE5800053E3EB00000A24309DE52F
S21400CD90056043E0000056E3320000DA100056E378
S21400CDA098309DD51E0000DA0420A0E128408DE2D0
S21400CDB01070A0E398309DE5100894E8020000EAA1
S21400CDC0106046E2100056E3140000DA013083E2F9
S21400CDD0070053E3102082E200808AE504708AE5AB
S21400CDE098308DE59C208DE508A08AD2F3FFFFDA07
S21400CDF094208DE20410A0E10B00A0E10B1000EBE4
S21400CE00000050E3CBFDFF1A106046E2100056E328
S21400CE10C8A08DE29C209DE598309DE5EAFFFFCAFC
S21400CE200240A0E1013083E2070053E3064084E0BD
S21400CE3000808AE504608AE598308DE59C408DE5A3
S21400CE4008A08AD2070000DA94208DE228109DE51B
S21400CE502C009DE5F50F00EB000050E3B5FDFF1A32
S21400CE609C409DE5C8A08DE218309DE5010C13E3BB
S21400CE704D00001A98309DE540209DE5013083E284
S21400CE80054084E0070053E39C408DE524008AE8D3
S21400CE9098308DE5590100CA08A08AE218309DE551
S21400CEA0040013E33300000A34309DE51C209DE5A2
S21400CEB0025043E0000055E32E0000DA100055E370
S21400CEC098309DD51C0000DA1060A0E398309DE5F0
S21400CED02C709DE528B09DE5020000EA105045E262
S21400CEE0100055E3140000DA013083E22C239FE59E
S21400CEF0070053E3104084E244008AE898308DE54A
S21400CF009C408DE508A08AD2F3FFFFDA94208DE2DC
S21400CF100B10A0E10700A0E1C40F00EB000050E3F7
S21400CF2084FDFF1A105045E298308DE2100055E35C
S21400CF30C8A08DE2180093E8EAFFFFCA013083E23A
S21400CF40070053E398308DE5D0329FE5054084E036
S21400CF509C408DE528008AE8060000DA94208DE2E1
S21400CF6028109DE52C009DE5B00F00EB000050E377
S21400CF7070FDFF1A9C409DE520309DE534209DE520
S21400CF801C109DE5010052E1023083A0013083B001
S21400CF90000054E320308DE5E900001A0030A0E3DD
S21400CFA0C8A08DE298308DE5BEFCFFEA44309DE5D2
S21400CFB0650053E3A40000DA50008DE20F0090E80D
S21400CFC0B41700EB000050E31501000A0120A0E3AF
S21400CFD098309DE55C129FE5023083E0024084E0D5
S21400CFE0070053E300108AE504208AE59C408DE59F
S21400CFF098308DE508A08AD2010300CA7C309DE5F2
S21400D0004C209DE5020053E1020000BA18309DE571
S21400D010010013E3C800000A98308DE2180093E878
S21400D02060209DE5013083E268109DE5070053E32C
S21400D030044082E006008AE898308DE59C408DE545
S21400D04008A08AD22A0300CA4C309DE5015043E26C
S21400D050000055E390FFFFDA100055E3DE0000DA2B
S21400D0601060A0E398309DE52C709DE528B09DE506
S21400D070020000EA105045E2100055E3D70000DA3F
S21400D080013083E2070053E3104084E200808AE523
S21400D09004608AE598308DE59C408DE508A08AD22C
S21400D0A0F3FFFFDA94208DE20B10A0E10700A0E169
S21400D0B05E0F00EB000050E31EFDFF1A98308DE275
S21400D0C0C8A08DE2180093E8E9FFFFEA0210A0E18D
S21400D0D0A621A0E1872E82E1A701A0E1073006E2A3
S21400D0E00070A0E10260A0E1303083E2072096E104
S21400D0F0013041E5012041E2F3FFFF1A300053E31F
S21400D1000030A00301300B12000053E3C402000AF3
S21400D1103030A0E3021041E2C8008DE240108DE5F9
S21400D12018B08DE5015040E0013042E52FFDFFEAE2
S21400D130C8308DE240308DE52CFDFFEA34309DE5A9
S21400D1401C209DE5026043E0000056E30EFFFFDA78
S21400D150100056E398309DD51E0000DA0420A0E1AA
S21400D16028408DE21070A0E398309DE5100894E802
S21400D170020000EA106046E2100056E3140000DAEF
S21400D180013083E2070053E3102082E200808AE544
S21400D19004708AE598308DE59C208DE508A08AD23B
S21400D1A0F3FFFFDA94208DE20410A0E10B00A0E16B
S21400D1B01E0F00EB000050E3DEFCFF1A106046E294
S21400D1C0100056E3C8A08DE29C209DE598309DE5B2
S21400D1D0EAFFFFCA0240A0E1013083E2070053E302
S21400D1E0064084E000808AE504608AE598308DE594
S21400D1F09C408DE508A08AD2E3FEFFDA94208DE2FB
S21400D20028109DE52C009DE5080F00EB000050E37C
S21400D210C8FCFF1AC8A08DE29C409DE5DAFEFFEA36
S21400D220983E01008C3C0100A03C0100FFFFEF7F10
S21400D2307C3C0100803C0100BC3C010067666666E1
S21400D240B43C0100843C0100883C01004C309DE564
S21400D250010053E3510100DA0130A0E398509DE548
S21400D26040209DE5035085E0034084E0070055E339
S21400D27000208AE504308AE59C408DE598508DE5CF
S21400D28008A08AD25D0100CA60309DE5015085E2A3
S21400D29068209DE5070055E3044083E00C008AE81B
S21400D2A098508DE59C408DE508A08AD25D0100CAA5
S21400D2B050008DE20F0090E8F61600EB000050E3F9
S21400D2C08F00001A4C309DE540209DE5015085E218
S21400D2D0013043E2012082E2034084E0070055E388
S21400D2E098508DE500208AE59C408DE504308AE55F
S21400D2F0B10000CA08A08AE26C209DE5015085E2D4
S21400D300044082E084308DE2070055E398508DE5B6
S21400D3109C408DE504208AE500308AE5DDFEFFDAD4
S21400D32094208DE228109DE52C009DE5BF0E00EBB5
S21400D330000050E37FFCFF1AC8A08DE29C409DE5EC
S21400D340D5FEFFEA94208DE228109DE52C009DE591
S21400D350B60E00EB000050E30FFFFF0A75FCFFEA75
S21400D360010053E302B0A0E185FDFF1A000057E379
S21400D370090056033501008A422F8DE2306086E2AE
S21400D380416062E518B08DE50350A0E140208DE5D0
S21400D39096FCFFEA94208DE228109DE52C009DE582
S21400D3A0A20E00EB000050E362FCFF1AC8A08DE25C
S21400D3B09C409DE563FEFFEA94208DE228109DE5E3
S21400D3C02C009DE5990E00EB000050E359FCFF1A77
S21400D3D0C8A08DE29C409DE568FEFFEA98309DE57A
S21400D3E0013083E2054084E0070053E398308DE582
S21400D3F09C408DE500808AE504508AE5A5FEFFDAAC
S21400D40094208DE228109DE52C009DE5870E00EB0C
S21400D410000050E347FCFF1A9C409DE5C8A08DE243
S21400D4209DFEFFEA7C509DE5000055E3010200DA10
S21400D43048309DE54C209DE5020053E10350A0B125
S21400D4400250A0A1000055E3090000DA98309DE5DF
S21400D45040209DE5013083E2054084E0070053E369
S21400D46024008AE89C408DE598308DE508A08AD295
S21400D470DF0200CA48309DE5000055E3053043A0B2
S21400D480000053E30350A0E1720000DA100053E3FB
S21400D49098309DD55E0000DA1060A0E398309DE5D8
S21400D4A02C709DE528B09DE5020000EA105045E28C
S21400D4B0100055E3560000DA013083E2070053E31C
S21400D4C0104084E200808AE504608AE598308DE5A5
S21400D4D09C408DE508A08AD2F3FFFFDA94208DE207
S21400D4E00B10A0E10700A0E1500E00EB000050E397
S21400D4F010FCFF1A98308DE2C8A08DE2180093E861
S21400D500E9FFFFEA4C309DE5016043E2000056E388
S21400D51078FFFFDA100056E31F0000DA24908DE54E
S21400D5200690A0E128608DE21070A0E3400896E81F
S21400D530020000EA109049E2100059E3140000DAF5
S21400D540015085E2070055E3104084E200808AE53A
S21400D55004708AE598508DE59C408DE508A08AD237
S21400D560F3FFFFDA94208DE20610A0E10B00A0E1A5
S21400D5702E0E00EB000050E3EEFBFF1A109049E27F
S21400D580100059E3C8A08DE29C409DE598509DE5AB
S21400D590EAFFFFCA0960A0E124909DE5015085E2FC
S21400D5A0064084E0070055E398508DE59C408DE5E5
S21400D5B000808AE504608AE54DFFFFDA94208DE25C
S21400D5C028109DE52C009DE5180E00EB000050E3AA
S21400D5D0D8FBFF1A9C409DE598509DE5C8A08DE2BB
S21400D5E044FFFFEA042082E2006093E50070A0E3B7
S21400D5F00130A0E338208DE5E6FBFFEA006092E507
S21400D600042082E20530A0E138208DE50070A0E31A
S21400D610E0FBFFEA013083E2070053E3054084E0C5
S21400D62000808AE504508AE598308DE59C408DE5BB
S21400D63008A08AD2070000DA94208DE228109DE523
S21400D6402C009DE5F90D00EB000050E3B9FBFF1A36
S21400D6509C409DE5C8A08DE27C209DE54C309DE574
S21400D660030052E1380000BA18309DE5010013E3CC
S21400D6703500001A4C309DE548009DE5022043E049
S21400D680005043E0020055E10250A0A1000055E31F
S21400D6900B0000DA98109DE540C09DE5011081E280
S21400D6A000308CE0054084E0070051E300308AE556
S21400D6B004508AE59C408DE598108DE508A08AD236
S21400D6C0540200CA000055E30250A0B1055042A023
S21400D6D0000055E3F0FDFFDA100055E33EFFFFDAE9
S21400D6E01060A0E398309DE52C709DE528B09DE580
S21400D6F0020000EA105045E2100055E337FFFFDA5B
S21400D700013083E2070053E3104084E200808AE59C
S21400D71004608AE598308DE59C408DE508A08AD2A5
S21400D720F3FFFFDA94208DE20B10A0E10700A0E1E2
S21400D730BE0D00EB000050E37EFBFF1A98308DE232
S21400D740C8A08DE2180093E8E9FFFFEA98309DE54F
S21400D75060109DE5013083E268009DE5014084E0AD
S21400D760070053E303008AE89C408DE598308DE57A
S21400D77008A08AD2BEFFFFDA94208DE228109DE52D
S21400D7802C009DE5A90D00EB000050E369FBFF1A95
S21400D790C8A08DE27C209DE59C409DE5B4FFFFEA95
S21400D7A018309DE5010013E3AAFEFF1A0130A0E33E
S21400D7B098509DE540209DE5035085E0034084E0B9
S21400D7C0070055E39C408DE500208AE598508DE5DE
S21400D7D004308AE5C6FEFFDA94208DE228109DE527
S21400D7E02C009DE5910D00EB000050E351FBFF1A65
S21400D7F0C8A08DE29C409DE598509DE5BDFEFFEAE1
S21400D80094208DE228109DE52C009DE5870D00EB09
S21400D810000050E347FBFF1AC8A08DE29C409DE540
S21400D82098509DE597FEFFEA94208DE228109DE52E
S21400D8302C009DE57D0D00EB000050E33DFBFF1A3C
S21400D840C8A08DE29C409DE598509DE597FEFFEAB6
S21400D850C8308DE218A08DE50A40A0E309A0A0E13B
S21400D8600050A0E30390A0E10600A0E10710A0E1AD
S21400D8700420A0E10530A0E14B1600EB302082E248
S21400D880012069E50600A0E10710A0E10530A0E14F
S21400D8900420A0E1441600EB0060A0E10170A0E1C6
S21400D8A0073096E1EFFFFF1A0930A0E1C8208DE2AD
S21400D8B040908DE5035042E00A90A0E118A09DE557
S21400D8C018B08DE549FBFFEA38109DE5006091E54C
S21400D8D0041081E2C67FA0E10620A0E10730A0E1A7
S21400D8E038108DE51BFCFFEA50C09DE50C20A0E13A
S21400D8F00C00A0E154C09DE50C30A0E10C10A0E1A6
S21400D900821500EB000050E31402001A24309DE557
S21400D910010073E344309DE52050C3E30630A003C6
S21400D92024308D052300000A24309DE5470055E38A
S21400D930000053031F00001A54309DE5006053E2B8
S21400D940013C8BE318308DE52B0100BA0130A0E3D3
S21400D9504750A0E330008DE550709DE524308DE5FE
S21400D9600200A0E324C09DE58C108DE201108DE836
S21400D97010108DE580008DE27C108DE20C008DE5A8
S21400D9800720A0E10630A0E108108DE52C009DE5FB
S21400D99060DBFFEB470055E340008DE52102001AEF
S21400D9A001001BE3D001000A40309DE524209DE5E0
S21400D9B0024083E02E0000EA54309DE5006053E20A
S21400D9C0013C8BE318308DE50E0100BA0030A0E371
S21400D9D050709DE530308DE5460055E33701001A5E
S21400D9E003E0A0E324409DE58CC08DE27C108DE230
S21400D9F080008DE20720A0E10630A0E104408DE51E
S21400DA0000E08DE510C08DE50C008DE508108DE575
S21400DA102C009DE53FDBFFEB00C0A0E10040DCE50D
S21400DA2030C044E200407CE240008DE55C309DE57D
S21400DA3058209DE50700A0E10610A0E10C40A4E0F8
S21400DA40141500EB000050E30130A0E30030A013F3
S21400DA50030014E1A201000A24309DE5013063E2D0
S21400DA607C308DE524209DE5023083E040209DE556
S21400DA70034082E05C309DE558209DE50700A0E16C
S21400DA800610A0E1031500EB000050E30430A011DF
S21400DA900900001A8C309DE5030054E10600009A48
S21400DAA03010A0E3012083E28C208DE50010C3E552
S21400DAB08C309DE5030054E1F9FFFF8A40209DE588
S21400DAC0470055E3023043E04C308DE53601001A3E
S21400DAD07C309DE5030073E30320A0E148308DE52C
S21400DAE00030A0A30130A0B324109DE5010052E150
S21400DAF0013083C3000053E30501000A44309DE56E
S21400DB00023043E244308DE548309DE54420DDE5B3
S21400DB10013043E2000053E38420CDE52D20A0B37E
S21400DB202B20A0A37C308DE548309DB5013063B234
S21400DB30090053E393C08DC28520CDE50C00A0C13B
S21400DB40750000CA3020A0E3023083E08620CDE5D1
S21400DB508730CDE588308DE24C109DE584208DE23F
S21400DB60023043E0010051E36C308DE5035081E064
S21400DB708C0100DA60309DE5035085E0C53FC5E1C5
S21400DB801C308DE50030A0E348308DE530309DE553
S21400DB90000053E3FB00001A24308DE57730DDE506
S21400DBA030308DE597FAFFEA0740C4E3003094E58D
S21400DBB050308DE5043094E554308DE5083084E22D
S21400DBC038308DE5D2FBFFEA38209DE5003092E53F
S21400DBD0042082E238208DE520209DE5002083E5A4
S21400DBE0B0F9FFEA38309DE5006093E554FBFFEAA4
S21400DBF0006093E5043083E238308DE50070A0E3E2
S21400DC0027FBFFEA94208DE228109DE52C009DE579
S21400DC10860C00EB000050E346FAFF1AC8A08DE21F
S21400DC20F5FCFFEAC8308DE218B08DE5025043E0FF
S21400DC3040208DE56DFAFFEA0120A0E398309DE5CF
S21400DC40101A1FE5023083E0024084E0070053E329
S21400DC5000108AE504208AE59C408DE598308DE525
S21400DC6008A08AD25A0000CA4C309DE5053093E1E0
S21400DC705300000A98309DE560209DE5013083E260
S21400DC8068109DE5044082E0070053E306008AE83A
S21400DC909C408DE598308DE508A08AD25F0000CACA
S21400DCA0000055E3680000BA013083E24C209DE591
S21400DCB0070053E398308DE540309DE5044082E050
S21400DCC09C408DE500308AE504208AE571FCFFDA89
S21400DCD0CAFDFFEA38309DE520209DE5001093E55B
S21400DCE0043083E238308DE5C23FA0E10C0081E8C5
S21400DCF06CF9FFEA94208DE228109DE52C009DE546
S21400DD004A0C00EB000050E30AFAFF1AC8A08DE2A6
S21400DD109C409DE5CBFCFFEA0200A0E1E82A1FE557
S21400DD209312C2E0C31FA0E1421161E0012181E02D
S21400DD30822043E0302082E2090051E3012040E5E2
S21400DD400130A0E1012040E2F2FFFFCA303081E25C
S21400DD50020040E2FF1003E200005CE1011042E531
S21400DD603801009A86008DE20230A0E1000000EA49
S21400DD700110D3E40C0053E10110C0E4FBFFFF1ACE
S21400DD80013083E2023043E086208DE2033082E0F9
S21400DD9070FFFFEA4010A0E32C009DE5BCE5FFEB1A
S21400DDA028309DE5000050E3000083E5100083E581
S21400DDB01E01000A4030A0E328209DE5143082E5CD
S21400DDC029F9FFEA18309DE5010013E332FCFF0A4B
S21400DDD0A7FFFFEA94208DE228109DE52C009DE524
S21400DDE0120C00EB000050E3D2F9FF1AC8A08DE237
S21400DDF07C509DE59C409DE59AFFFFEA0130A0E33C
S21400DE004750A0E324308DE554309DE5026183E25F
S21400DE102D30A0E350709DE530308DE5EDFEFFEA35
S21400DE2094208DE228109DE52C009DE5FF0B00EB6D
S21400DE30000050E3BFF9FF1A98308DE2C8A08DE2CB
S21400DE407C509DE5180093E894FFFFEA100075E308
S21400DE50005065E2A60000AA1060A0E32C709DE5C5
S21400DE6028B09DE5020000EA105045E2100055E398
S21400DE709F0000DA013083E2070053E3104084E29B
S21400DE8000808AE504608AE598308DE59C408DE543
S21400DE9008A08AD2F3FFFFDA94208DE20B10A0E1EF
S21400DEA00700A0E1E10B00EB000050E3A1F9FF1A28
S21400DEB098308DE2C8A08DE2180093E8E9FFFFEAEB
S21400DEC0450055E3A5FEFF1A0200A0E324109DE5D9
S21400DED0014081E28C108DE200008DE510108DE58A
S21400DEE080008DE27C108DE20C008DE50720A0E11D
S21400DEF00630A0E104408DE508108DE52C009DE578
S21400DF0004DAFFEB40008DE540309DE5044083E0F9
S21400DF10D7FEFFEA4C209DE548309DE5030052E120
S21400DF20580000CA01001BE348309D1560209D156F
S21400DF3002508310C53FC511C32FC3010350A00173
S21400DF401C308D156730A0E31C208D0544308DE510
S21400DF500DFFFFEA40009DE524508DE5C1C9FFEBAB
S21400DF600560A0E1C03FC0E11C308DE57730DDE5FF
S21400DF700050A0E138408DE518B08DE548608DE58D
S21400DF8030308DE59FF9FFEA2DB0A0E30030A0E326
S21400DF9077B0CDE524308DE530B08DE59CF9FFEA0D
S21400DFA098208DE2140092E8D2F9FFEA44309DE50D
S21400DFB0650053E3980000DA44309DE5660053E3BD
S21400DFC07C309DE548308DE5D1FFFF1A000053E315
S21400DFD0780000DA24209DE5000052E35700001A7E
S21400DFE001001BE35500001A1C308DE50350A0E12C
S21400DFF0E5FEFFEA94208DE228109DE52C009DE5C5
S21400E0008A0B00EB000050E34AF9FF1AC8A08DE225
S21400E0109C409DE516FDFFEA94208DE228109DE5C4
S21400E0202C009DE5810B00EB000050E341F9FF1A40
S21400E0307C209DE54C309DE5C8A08DE29C409DE58A
S21400E040022043E09EFDFFEA060053E30630A023CD
S21400E0500350A0E11C308DE5203E1FE524208DE511
S21400E06038408DE518B08DE530208DE548208DE5EB
S21400E07040308DE563F9FFEA2D30A0E330308DE5C2
S21400E0807730CDE5BAFAFFEA48309DE560209DE599
S21400E090000053E34C309DE5025083E048309DD5A8
S21400E0A0013063D2035085D0C53FC5E11C308DE5F5
S21400E0B06730A0E344308DE5B3FEFFEA24309DE5EB
S21400E0C01C308DE50350A0E17730DDE524008DE5BA
S21400E0D038408DE518B08DE548008DE530308DE58B
S21400E0E048F9FFEA7C309DE55DFEFFEA8C309DE551
S21400E0F071FEFFEA013083E2054084E0070053E347
S21400E10000808AE504508AE598308DE59C408DE5D0
S21400E11008A08AE2E3FEFFDA94208DE228109DE54F
S21400E1202C009DE5410B00EB000050E301F9FF1ABF
S21400E13098308DE2C8A08DE2180093E8D9FEFFEA79
S21400E14048309DE560209DE5025083E024309DE543
S21400E150035085E0C53FC5E11C308DE58AFEFFEA29
S21400E1600330A0E30350A0E11C308DE50030A0E3AF
S21400E1700310A0E148108DE544109DE524308DE5A0
S21400E180443F1FE5470051E3482F1FE50320A0D179
S21400E1907730DDE58000CBE318008DE540208DE587
S21400E1A030308DE517F9FFEA01301BE248308DE587
S21400E1B0E7FFFF0A6EFEFFEA24309DE5000053E30A
S21400E1C00100001A01001BE30600000A60309DE50E
S21400E1D0015083E224309DE5035085E0C53FC5E14C
S21400E1E01C308DE568FEFFEA0130A0E37DFFFFEA04
S21400E1F038209DE5007092E5060057E10670A0B154
S21400E2000120D9E50190A0E138109DE5041081E2D7
S21400E21024708DE538108DE54DF8FFEA7C309DE5DD
S21400E22048308DE537FEFFEA24409DE535FFFFEADE
S21400E2300020E0E30C30A0E320208DE52C209DE5B7
S21400E240003082E5C1F8FFEA86308DE241FEFFEA43
S21400E250F0412DE90140A0E1301091E5403084E224
S21400E260030051E11000000A345094E58570A0E1E7
S21400E2700720A0E176EBFFEB006050E21D00000AED
S21400E280058086E00520A0E10800A0E10610A0E1D8
S21400E2901BE7FFEB0000A0E3008084E5306084E528
S21400E2A0347084E5F041BDE81EFF2FE1011BA0E3BA
S21400E2B077E4FFEB000050E30E00000A012BA0E31A
S21400E2C04230D4E5300084E5342084E5FF33C0E5F1
S21400E2D04130D4E5FE33C0E54020D4E5FF3F80E280
S21400E2E0FD23C0E5013083E20000A0E3003084E5B2
S21400E2F0F041BDE81EFF2FE10000E0E3E8FFFFEA83
S21400E300010071E370402DE91F00000A000050E391
S21400E3100060A0E10240A0E10150A0E10200000A76
S21400E320383090E5000053E34A00000A643094E574
S21400E330010013E3FC30D4E10328A0E13D00000A0D
S21400E3402228A0E1020A12E364209405023A83031D
S21400E350022AC2032030C3E3642084050328A0E118
S21400E360010712E3BC30C4E12228A0E11700001A1E
S21400E370100012E30800001A643094E5010013E36D
S21400E3800100001A020C12E33F00000A0050E0E30E
S21400E3900500A0E17040BDE81EFF2FE1080012E373
S21400E3A00800000A0410A0E10600A0E1F7DEFFEB7B
S21400E3B0000050E32E00001AFC30D4E1080084E58B
S21400E3C0180084E50830C3E3043083E3BC30C4E1BE
S21400E3D0303094E5000053E3FF5005E22E00000ABB
S21400E3E0042094E5343094E5030052E11B0000AAB3
S21400E3F0003094E5012043E2002084E5015043E527
S21400E400043094E5642094E5013083E2010012E3D1
S21400E410043084E5DDFFFF1ABC30D4E1020C13E3C0
S21400E420DAFFFF1A580084E2C81300EB0500A0E1EB
S21400E4307040BDE81EFF2FE1020412E32228A0E18F
S21400E440BFFFFF1A580084E2C21300EBFC30D4E191
S21400E4500328A0E1B9FFFFEA62DFFFEBB2FFFFEAA5
S21400E4600600A0E10410A0E178FFFFEB000050E3F7
S21400E470DEFFFF0A643094E5010013E3C2FFFF1AD3
S21400E480BC30D4E1020C13E3BFFFFF1A580084E24D
S21400E490AE1300EB0050E0E3BCFFFFEA103094E55B
S21400E4A0000053E3002094E50C00000A020053E14C
S21400E4B00A00002A013052E5030055E10700001A61
S21400E4C0043094E5641094E5012042E2013083E2D2
S21400E4D0010011E30C0084E8CEFFFF0AABFFFFEA61
S21400E4E00430A0E103E0A0E30110A0E304C094E53B
S21400E4F0400084E2382084E534E084E53CC084E5CE
S21400E500300084E54250E3E5642094E5010012E320
S21400E510003084E5041084E5BEFFFF0A9BFFFFEA97
S21400E52070402DE90150A0E10040A0E112E3FFEBAE
S21400E5300520A0E10410A0E17040BDE86FFFFFEAEF
S21400E540F84F2DE9643091E5020A13E302B0A0E12A
S21400E5502400000A083092E5009092E5000053E39C
S21400E5600160A0110070A011089089121B00000A1B
S21400E57004A019E5085019E52A81B0E10040A0136F
S21400E580045045120200001A0E0000EA040058E18A
S21400E5900B00000A0620A0E10410B5E50700A0E184
S21400E5A01F0600EB010070E3014084E2F6FFFF1A4D
S21400E5B00030A0E308308BE504308BE5F84FBDE86B
S21400E5C01EFF2FE108309BE503A0CAE30A3043E0B4
S21400E5D0000053E308308BE5089089E2E3FFFF1A5A
S21400E5E00000A0E3F1FFFFEA68E1FFEBEFFFFFEAC0
S21400E5F0083092E5000053E3D0FFFF1A043082E5AE
S21400E6000300A0E11EFF2FE1F04F2DE90350A0E12B
S21400E610B4D04DE2003050E214308DE501A0A0E108
S21400E6200290A0E118508DE50200000A383093E50C
S21400E630000053E3CF00000A64309AE5010013E3BC
S21400E640FC30DAE10318A0E1A700001A020411E387
S21400E6502118A0E1A000000A020A11E30600001A31
S21400E66064209AE5023A83E3022AC2E3BC30CAE198
S21400E67064208AE50338A0E12318A0E1080011E32E
S21400E680A000000A10309AE5000053E39D00000A3F
S21400E6901A3001E20A0053E3A300000A0030A0E3A8
S21400E6A070808DE208B0A0E12C308DE508308DE555
S21400E6B044308DE540308DE53C808DE50CA08DE541
S21400E6C00030D9E5000053E3250053130940A0E1CC
S21400E6D01300000A0130F4E5000053E3250053134D
S21400E6E0FBFFFF1A095054E00D00000A40309DE57C
S21400E6F044209DE5013083E2070053E3022085E0D5
S21400E70000908BE504508BE540308DE544208DE588
S21400E71008B08BD2760000CA08309DE5053083E04D
S21400E72008308DE50030D4E5000053E32F04000ADE
S21400E7300010A0E30030A0E300A0E0E33730CDE512
S21400E740019084E20130D4E501C0A0E10100A0E11F
S21400E7500150A0E10A70A0E101E0A0E32B40A0E395
S21400E7602060A0E3019089E2202043E2580052E3B3
S21400E77002F19F97200200EAE8EF0000FCEF00009D
S21400E780FCEF0000C4EF0000FCEF0000FCEF000010
S21400E790FCEF0000FCEF0000FCEF0000FCEF0000C8
S21400E7A080E90000D0ED0000FCEF00009CE90000CE
S21400E7B068ED0000FCEF0000E0ED0000ECED00006E
S21400E7C0ECED0000ECED0000ECED0000ECED0000E0
S21400E7D0ECED0000ECED0000ECED0000ECED0000D0
S21400E7E0FCEF0000FCEF0000FCEF0000FCEF000078
S21400E7F0FCEF0000FCEF0000FCEF0000FCEF000068
S21400E800FCEF0000FCEF000010EE0000FCEF000044
S21400E810FCEF0000FCEF0000FCEF0000FCEF000047
S21400E820FCEF0000FCEF0000FCEF0000FCEF000037
S21400E830FCEF0000A4EC0000FCEF0000FCEF000082
S21400E840FCEF0000FCEF0000FCEF0000B0EC000066
S21400E850FCEF0000FCEF000014EF0000FCEF0000EF
S21400E860FCEF0000FCEF0000FCEF0000FCEF0000F7
S21400E870FCEF0000FCEF0000FCEF0000FCEF0000E7
S21400E880FCEF000088EF000004EF0000FCEF000043
S21400E890FCEF0000FCEF0000A8ED000004EF000015
S21400E8A0FCEF0000FCEF0000B4ED0000FCEF000001
S21400E8B0C8EE000068EC0000BCEC0000F8EC0000BD
S21400E8C0FCEF000004ED0000FCEF0000A8E90000EB
S21400E8D0FCEF0000FCEF0000D0EF000058008AE2DA
S21400E8E09C1200EBFC30DAE10318A0E12118A0E14D
S21400E8F058FFFFEA000052E31403001A40208DE59B
S21400E90008B0A0E183FFFFEA0A10A0E114009DE52D
S21400E91002D6FFEB000050E3F602001ABC10DAE164
S21400E9201A3001E20A0053E35BFFFF1AFE30DAE119
S21400E930000053E358FFFFBA64309AE5010013E382
S21400E9400200001A020C11E358008A027F12000B24
S21400E9500530A0E10920A0E10A10A0E114009DE521
S21400E960F30300EB08008DE508009DE5B4D08DE2CA
S21400E970F04FBDE81EFF2FE11ADEFFEB2DFFFFEA8A
S21400E98018309DE5000093E5043083E2000050E374
S21400E99018308DE5010000AA000060E2045085E30F
S21400E9A00030D9E56EFFFFEA1C008DE5200015E378
S21400E9B02B03001A18209DE5100015E30230A0E195
S21400E9C0F002001A400015E3EE02000A0130A0E350
S21400E9D00070A0E3B060D2E1042082E218208DE54A
S21400E9E00020A0E30040A0E33720CDE501007AE355
S21400E9F01E01000A072086E1000052E300005A03C9
S21400EA008020C5E304208DE59802001A000053E339
S21400EA109202001A013015E210308DE524808D0533
S21400EA203030A013B0208D124130621524208D1591
S21400EA3010309DE503005AE10A70A0A10370A0B152
S21400EA40000054E30170871204309DE5023013E2A3
S21400EA5020308DE504309DE502708712846013E255
S21400EA608D01001A1C309DE5074043E0000054E38A
S21400EA70890100DA100054E3780300DA0BE0A0E125
S21400EA801050A0E307B0A0E10130A0E344209DE5CC
S21400EA9040C09DE514709DE5050000EA02108CE27A
S21400EAA000C0A0E108E08EE2104044E2100054E30B
S21400EAB00F0000DA01008CE2381E9FE5102082E28B
S21400EAC0070050E344208DE522008EE840008DE5E7
S21400EAD0F1FFFFDA000052E35B01001A104044E247
S21400EAE0100054E306C0A0E10310A0E108E0A0E196
S21400EAF0EFFFFFCA0B70A0E10EB0A0E1F43D9FE56A
S21400EB00070051E3022084E018008BE844208DE5DE
S21400EB1040108DE508B08BD2010081D2610100DA89
S21400EB20000052E35501001A3710DDE5000051E3FE
S21400EB30FB02000A0120A0E308B0A0E10200A0E169
S21400EB4037108DE274208DE570108DE50010A0E181
S21400EB5008B08BE2010080E220309DE5000053E320
S21400EB606A01000A0210A0E338308DE2012082E03C
S21400EB70070050E344208DE540008DE504108BE54A
S21400EB8000308BE55E0100DA000052E39202001AC4
S21400EB90800056E30100A0E30010A0E308B0A0E167
S21400EBA05C01001A1C309DE5074043E0000054E37A
S21400EBB0580100DA100054E33B0300DA0BE0A0E152
S21400EBC01050A0E307B0A0E10160A0E30470A0E14C
S21400EBD014409DE5050000EA02C081E20010A0E1B5
S21400EBE008E08EE2107047E2100057E30F0000DAEC
S21400EBF0010081E2003D9FE5102082E2070050E31D
S21400EC0044208DE528008EE840008DE5F1FFFFDA10
S21400EC10000052E30602001A107047E2100057E3A5
S21400EC2006C0A0E10010A0E308E0A0E1EFFFFFCAE5
S21400EC300740A0E10B70A0E10EB0A0E1B83C9FE554
S21400EC40042082E007005CE344208DE518008BE892
S21400EC5040C08DE56B0200CA08B08BE201008CE272
S21400EC600C10A0E12B0100EA1C008DE5200015E346
S21400EC708302001A18209DE5100015E30230A0E17B
S21400EC803A02001A400015E33802000AB060D2E1EA
S21400EC90042082E20030A0E318208DE50070A0E397
S21400ECA04EFFFFEA1C008DE5105085E3EEFFFFEAFD
S21400ECB01C008DE5105085E33BFFFFEA7830A0E3AB
S21400ECC03020A0E318109DE53930CDE5043081E210
S21400ECD018308DE5243C9FE51C008DE52C308DE535
S21400ECE0006091E5025085E33820CDE50070A0E392
S21400ECF00230A0E339FFFFEA205085E30030D9E573
S21400ED0097FEFFEA18309DE5002093E524208DE568
S21400ED10000052E30020A0E31C008DE53720CDE57F
S21400ED20044083E2D102000A01007AE3B802000A36
S21400ED3024609DE50A20A0E10010A0E30600A0E103
S21400ED402BE4FFEB000050E3D102000A063040E05F
S21400ED5018408DE510308DE504508DE53740DDE533
S21400ED6000A0A0E331FFFFEA0030D9E52A0053E314
S21400ED7001A089E2D502000A302043E2090052E3EE
S21400ED800A90A0E100A0A0E376FEFF8A0130D9E455
S21400ED900AA18AE08AA082E0302043E2090052E31A
S21400EDA0F9FFFF9A6FFEFFEA405085E30030D9E591
S21400EDB06BFEFFEA0030D9E56C0053E30130D9055D
S21400EDC020508503019089021050851364FEFFEAE7
S21400EDD00030D9E50E10A0E104C0A0E160FEFFEA15
S21400EDE0805085E30030D9E55DFEFFEA0000A0E331
S21400EDF0302043E20130D9E4000180E0800082E068
S21400EE00302043E2090052E3F9FFFF9A55FEFFEA7D
S21400EE10000051E31C008DE537C0CD15105085E38A
S21400EE20200015E3FF01001A100015E35A02001A2D
S21400EE30400015E34102000A18309DE5F060D3E17A
S21400EE40043083E2C67FA0E118308DE50620A0E1FD
S21400EE500730A0E1000052E30030D3E2290200BAF6
S21400EE6001007AE33740DDE50130A0E3E0FEFF1A5B
S21400EE70010053E38001000A020053E30810A011CA
S21400EE805301001A0820A0E12CC09DE52632A0E11F
S21400EE90073E83E12702A0E10F1006E20070A0E122
S21400EEA00360A0E10130DCE7071096E1013062E57F
S21400EEB0F5FFFF1A023048E024208DE504508DE56A
S21400EEC010308DE5D9FEFFEA000051E337C0CD15BE
S21400EED0200015E33D02001A100015E35300001A47
S21400EEE0400015E35100000A18209DE5003092E529
S21400EEF0042082E218208DE5B820DDE1B020C3E1D1
S21400EF00EEFDFFEA000051E31C008DE537C0CD158D
S21400EF10C2FFFFEAE8299FE5000051E31C008DE5EB
S21400EF2037C0CD152C208DE5200015E318209DE573
S21400EF30C501001A100015E31A02001A400015E376
S21400EF400070A0130070A003B060D211006092059C
S21400EF50042082120420820218208D1518208D05A8
S21400EF60010015E36E01000A072096E16C01000A15
S21400EF703020A0E33930CDE5025085E33820CDE5DA
S21400EF800230A0E395FEFFEA0170A0E30010A0E3C4
S21400EF9018209DE5003092E54830CDE5043082E249
S21400EFA018308DE548308DE21C008DE53710CDE534
S21400EFB010708DE524308DE504508DE500A0A0E3AB
S21400EFC0A0FEFFEA015085E30030D9E5E4FDFFEA44
S21400EFD028299FE5000051E31C008DE537C0CD15BC
S21400EFE02C208DE5CFFFFFEA00005CE30030D9E57A
S21400EFF00E10A00106C0A001D9FDFFEA000051E3F3
S21400F00037C0CD15000053E31C008DE5F701000A5C
S21400F0104830CDE50030A0E30170A0E33730CDE501
S21400F02048308DE210708DE524308DE5E1FFFFEA73
S21400F03018209DE5003092E5042082E218208DE538
S21400F04008209DE5002083E59CFDFFEA3C208DE23C
S21400F0500C109DE50700A0E128308DE537FDFFEB9D
S21400F060000050E31401001A40C09DE508E0A0E14E
S21400F07044209DE501108CE228309DE589FEFFEADC
S21400F0803C208DE20C109DE514009DE52BFDFFEB6A
S21400F090000050E30801001A08B0A0E140108DE21D
S21400F0A0060091E8010081E237C0DDE500005CE380
S21400F0B0A8FEFF0A0110A0E337C08DE2012082E01F
S21400F0C0070050E344208DE540008DE504108BE5F5
S21400F0D000C08BE59CFEFFDA000052E33301001A05
S21400F0E020309DE5000053E3A8FEFF0A0220A0E3BF
S21400F0F00100A0E108B0A0E138308DE274208DE573
S21400F10070308DE50010A0E108B08BE2010080E2CF
S21400F110800056E3A2FEFF0A10309DE503A04AE0F9
S21400F12000005AE3570000DA10005AE3190000DA2C
S21400F1301040A0E314509DE50C609DE5050000EA34
S21400F140020081E20310A0E108B08BE210A04AE2C0
S21400F15010005AE30F0000DA013081E298079FE5BD
S21400F160102082E2070053E344208DE511008BE86F
S21400F17040308DE5F1FFFFDA000052E32C00001A64
S21400F18010A04AE210005AE30100A0E30010A0E33A
S21400F19008B0A0E1EFFFFFCA5C379FE5070050E329
S21400F1A00A2082E008048BE840008DE544208DE5C7
S21400F1B008B08BD2010080D2320000DA000052E3A1
S21400F1C02600001A0130A0E308B0A0E110209DE55B
S21400F1D024109DE574208DE544208DE570108DE5A6
S21400F1E040308DE508B08BE204309DE5040013E363
S21400F1F00300000A1C309DE5074043E0000054E38E
S21400F200330000CA08309DE51C109DE5070051E15B
S21400F210013083A0073083B0000052E308308DE54C
S21400F2209F00001A0030A0E308B0A0E140308DE552
S21400F23022FDFFEA3C208DE20610A0E10500A0E1D9
S21400F240BEFCFFEB000050E3F400001A40108DE215
S21400F250060091E808B0A0E1010081E2BAFFFFEAEB
S21400F2603C208DE20C109DE514009DE5B3FCFFEB01
S21400F270000050E39000001A08B0A0E140008DE2C4
S21400F280050090E8010080E210309DE524109DE521
S21400F290022083E0070050E344208DE50A008BE857
S21400F2A040008DE5CEFFFFDA000052E39E00001A14
S21400F2B004309DE5040013E340208DE53100000A8C
S21400F2C01C309DE5074043E0000054E308B0A0C1B1
S21400F2D02C0000DA100054E340009DD5010080D2D7
S21400F2E01F0000DA0BC0A0E11050A0E304B0A0E1BC
S21400F2F00160A0E340109DE514A09DE50C409DE54F
S21400F300050000EA020081E20310A0E108C08CE2DA
S21400F31010B04BE210005BE30F0000DA013081E230
S21400F320D0059FE5102082E2070053E344208DE5D8
S21400F33021008CE840308DE5F1FFFFDA000052E353
S21400F3401700001A10B04BE210005BE30600A0E1C5
S21400F3500010A0E308C0A0E1EFFFFFCA0B40A0E149
S21400F3600CB0A0E18C359FE5042082E0070050E356
S21400F37044208DE518008BE840008DE5A0FFFFDAFD
S21400F380000052E3F500001A08309DE51C209DE5BC
S21400F390070052E1023083A0073083B008308DE5C5
S21400F3A09FFFFFEA3C208DE20410A0E10A00A0E1E6
S21400F3B062FCFFEB000050E31301001A40108DE2E0
S21400F3C0060091E808C0A0E1010081E2CFFFFFEA55
S21400F3D00210A0E1A621A0E1872E82E1A701A0E10C
S21400F3E0073006E20070A0E10260A0E1303083E260
S21400F3F0072096E1013041E5012041E2F3FFFF1AC4
S21400F400300053E30030A00301300512000053E340
S21400F410E900000A3030A0E3021041E224108DE536
S21400F420011048E004508DE510108DE5013042E5EE
S21400F4307EFDFFEA3C208DE20C109DE50400A0E175
S21400F4403EFCFFEB000050E31B00001A40108DE26C
S21400F450060091E808E0A0E101C081E2E0FDFFEAD5
S21400F4600030A0E324808DE510308DE56FFDFFEAC7
S21400F470010053E30250A0E17EFEFF1A000057E3AE
S21400F480090056038600008AB0208DE2306086E2CE
S21400F490416062E504508DE510308DE524208DE551
S21400F4A062FDFFEA3C208DE20C109DE514009DE510
S21400F4B022FCFFEB000050E359FFFF0A0CA09DE57D
S21400F4C064309AE5010013E3BC30DAE10100001A6B
S21400F4D0020C13E33100000A400013E321FDFF0A8B
S21400F4E00030E0E308308DE508009DE5B4D08DE2FD
S21400F4F0F04FBDE81EFF2FE164309AE5010013E3EC
S21400F500F6FFFF1ABC30DAE1020C13E3F3FFFF1A32
S21400F51058008AE28D0F00EB0030E0E308308DE5FE
S21400F52010FDFFEA0230A0E32CFDFFEA3C208DE24E
S21400F5300C109DE514009DE500FCFFEB000050E379
S21400F540DDFFFF1A08B0A0E144209DE525FFFFEA95
S21400F5503C208DE20C109DE514009DE5F7FBFFEBCB
S21400F560000050E3D4FFFF1A08B0A0E169FCFFEAF0
S21400F570042082E2006093E50070A0E30030A0E380
S21400F58018208DE515FDFFEA042082E2006093E571
S21400F5900070A0E30130A0E318208DE50FFDFFEA20
S21400F5A058008AE2690F00EBBC30DAE1C9FFFFEAD7
S21400F5B03C208DE20C109DE514009DE5DFFBFFEB83
S21400F5C0000050E3BCFFFF1A40108DE2060091E8F1
S21400F5D008B0A0E1010081E25EFDFFEA3C208DE27A
S21400F5E00C109DE514009DE5D4FBFFEB000050E3F6
S21400F5F0B1FFFF1A40108DE2060091E808B0A0E1C6
S21400F600010081E2C1FEFFEA000052E38800001A12
S21400F6100100A0E30010A0E308B0A0E1BDFEFFEAF1
S21400F62006A0A0E1A5FFFFEA18309DE5073083E2BB
S21400F6300710C3E30C0091E8081081E218108DE56E
S21400F6400260A0E10370A0E101FEFFEA072082E26B
S21400F6500720C2E3081082E218108DE5C00092E889
S21400F6603EFEFFEA18309DE5073083E20730C3E32D
S21400F670082083E2C00093E818208DE50130A0E35F
S21400F680D6FCFFEA18309DE5073083E20730C3E377
S21400F690082083E2C00093E818208DE50030A0E340
S21400F6A0CEFCFFEA04408DE50840A0E10600A0E19C
S21400F6B00710A0E10A20A0E30030A0E3BA0E00EB9A
S21400F6C0302082E2012064E50600A0E10710A0E1F8
S21400F6D00030A0E30A20A0E3B30E00EB0060A0E138
S21400F6E00170A0E1073096E1EFFFFF1A0430A0E1B9
S21400F6F0033048E024408DE510308DE504409DE55C
S21400F70004508DE5C9FCFFEA2D30A0E3006076E2E8
S21400F7103730CDE50340A0E10070E7E20130A0E31A
S21400F720B1FCFFEA20309DE5000053E31300001A09
S21400F7300010A0E30100A0E308B0A0E175FEFFEA18
S21400F74018109DE5006091E5041081E2C67FA0E1F7
S21400F7500620A0E10730A0E118108DE5BCFDFFEA09
S21400F7603C208DE20C109DE514009DE573FBFFEB3D
S21400F770000050E350FFFF1A44209DE5A0FEFFEA7C
S21400F7800220A0E338308DE274208DE570308DE5E0
S21400F7900100A0E308B0A0E159FEFFEA18309DE59D
S21400F7A0006093E5A5FDFFEA006092E5042082E292
S21400F7B018208DE50070A0E3E8FDFFEA023048E07F
S21400F7C004508DE510308DE524208DE597FCFFEA8A
S21400F7D018309DE508209DE5001093E5043083E28F
S21400F7E018308DE5C23FA0E10C0081E8B3FBFFEACC
S21400F7F044309DE5000053E30CA09DE52C00001A64
S21400F8000030A0E340308DE52CFFFFEA04A0A0E125
S21400F8102AFFFFEA24009DE518408DE504508DE59B
S21400F82090C3FFEB00A0A0E310008DE53740DDE5B8
S21400F8307EFCFFEA3C208DE20C109DE514009DE561
S21400F8403EFBFFEB000050E31BFFFF1A40108DE26B
S21400F850060091E808B0A0E1010081E22DFEFFEA73
S21400F86040108DE2060091E8011081E2A2FCFFEA5A
S21400F87006005AE30A30A0310630A02310308DE58A
S21400F8800370A0E17C309FE518408DE524308DE5BF
S21400F890C8FDFFEA10A08DE518408DE504508DE503
S21400F8A000A0A0E33740DDE560FCFFEA00C0A0E171
S21400F8B0E1FCFFEA14009DE53C208DE20A10A0E181
S21400F8C01EFBFFEB000050E3CCFFFF0AFBFEFFEA47
S21400F8D018209DE504A08DE500A092E5042082E2B4
S21400F8E007005AE10130D9E507A0A0B104909DE5D4
S21400F8F018208DE59AFBFFEAB83E0100C83E0100DD
S21400F900A03C01008C3C0100B43C010070402DE995
S21400F9100150A0E10260A0E10040A0E116DEFFEB8E
S21400F9200630A0E10520A0E10410A0E17040BDE88B
S21400F93034FBFFEAF0412DE90140A0E101CBA0E352
S21400F94000E0A0E30260A0E10070A0E10380A0E177
S21400F95046DE4DE2BE30D4E108D04DE2BC10D1E127
S21400F960BE30CDE1643094E51C2094E50210C1E37E
S21400F97064308DE5243094E5BC10CDE158008DE26E
S21400F98068108DE208C08DE514C08DE51C208DE55D
S21400F99024308DE518E08DE500108DE510108DE51E
S21400F9A0660E00EB0620A0E10830A0E10D10A0E1F5
S21400F9B00700A0E113FBFFEB006050E2040000BA72
S21400F9C00D10A0E10700A0E170D9FFEB000050E3A6
S21400F9D00060E013BC30DDE1400013E3BC30D4111E
S21400F9E040308313BC30C41158008DE2550E00EB36
S21400F9F00600A0E146DE8DE208D08DE2F041BDE8CB
S21400FA001EFF2FE1F0412DE90370A0E10040A0E1C8
S21400FA100150A0E10260A0E1D7DDFFEB34C090E525
S21400FA2024309FE500005CE303C0A001E0E09CE515
S21400FA300730A0E10620A0E10510A0E10400A0E147
S21400FA400EC0A0E1F041BDE81CFF2FE1B04501006B
S21400FA50000051E30500000AFF0052E38A30A0834D
S21400FA600020C1950010E0830110A093003080852F
S21400FA700100A0E11EFF2FE170402DE901E0A0E1AA
S21400FA8000C0A0E330409FE50210A0E10050A0E1D6
S21400FA900320A0E10E00A0E100C084E5140F00EBF7
S21400FAA0010070E30200001A003094E5000053E302
S21400FAB0003085157040BDE81EFF2FE1A04B010009
S21400FAC010402DE9920101E071DEFFEB004050E2AC
S21400FAD01800000A042014E50320C2E3042042E2D2
S21400FAE0240052E31600008A130052E30420A0917B
S21400FAF00C00009A0030A0E31B0052E3003084E5BF
S21400FB00043084E5082084920600009A240052E31C
S21400FB10083084E50C3084E5103084051430840504
S21400FB2010208412182084020030A0E3003082E502
S21400FB30043082E5083082E50400A0E11040BDE80C
S21400FB401EFF2FE10010A0E384E1FFEB0400A0E11C
S21400FB501040BDE81EFF2FE10030A0E370402DE905
S21400FB6028409FE50050A0E10100A0E1003084E5B8
S21400FB702C0E00EB010070E30200001A003094E542
S21400FB80000053E3003085157040BDE81EFF2FE1EE
S21400FB90A04B0100F0412DE9004051E23B00000A75
S21400FBA0000050E30060A0E10200000A383090E553
S21400FBB0000053E33900000A643094E5010013E3C3
S21400FBC02F00001ABC30D4E1020C13E33C00000AFC
S21400FBD0587084E20410A0E10600A0E15CD8FFEBB8
S21400FBE02C3094E5000053E30050A0E10500000A25
S21400FBF01C1094E50600A0E10FE0A0E113FF2FE142
S21400FC00000050E30050E0B3BC30D4E1800013E3C2
S21400FC102400001A301094E5000051E30500000AA5
S21400FC20403084E2030051E10600A0111FDBFF1BF9
S21400FC300030A0E3303084E5441094E5000051E342
S21400FC400300000A0600A0E118DBFFEB0030A0E38B
S21400FC50443084E5D0D9FFEB0030A0E3642094E57F
S21400FC60010012E3BC30C4E11200000A0700A0E164
S21400FC70B40D00EBCED9FFEB0500A0E1F041BDE8E6
S21400FC801EFF2FE1FC30D4E1000053E3CFFFFF1A44
S21400FC900050A0E30500A0E1F041BDE81EFF2FE103
S21400FCA050D9FFEBC3FFFFEA101094E50600A0E171
S21400FCB0FEDAFFEBD6FFFFEA0700A0E1A30D00EB9C
S21400FCC0E9FFFFEA587084E20700A0E1A10D00EB0F
S21400FCD0FC30D4E1000053E3BDFFFF1A645094E506
S21400FCE0015015E2E9FFFF1A0700A0E1970D00EBAF
S21400FCF00500A0E1F041BDE81EFF2FE110402DE910
S21400FD000040A0E11CDDFFEB0410A0E11040BDE8C0
S21400FD109FFFFFEAF0432DE90CD04DE20080A0E102
S21400FD200170A0E10240A0E146DDFFEB010050E3D8
S21400FD303000000A5C3084E20720A0E104108DE267
S21400FD400800A0E1060900EB010070E30060A0E1F6
S21400FD502200000A000050E30410DD152C00000A03
S21400FD600050A0E304908DE2070000EA003094E51E
S21400FD70012083E2002084E50010C3E5015085E2FF
S21400FD80050056E12200009A0910D5E7083094E5F0
S21400FD90013043E2000053E3083084E5F2FFFFAA97
S21400FDA0182094E5020053E10030A0B30130A0A370
S21400FDB00A0051E30030A003000053E3EAFFFF1AF5
S21400FDC00420A0E10800A0E1900800EB010070E329
S21400FDD0E9FFFF1A0CD08DE2F043BDE81EFF2FE1CD
S21400FDE0BC30D4E1403083E3BC30C4E10CD08DE2BB
S21400FDF0F043BDE81EFF2FE1013047E2FE0053E36B
S21400FE00CBFFFF8AFF1007E20060A0E10410CDE5FB
S21400FE10D2FFFFEA0700A0E10CD08DE2F043BDE878
S21400FE201EFF2FE130402DE9643092E50240A0E14C
S21400FE30FC20D2E1010013E30238A0E10CD04DE231
S21400FE400050A0E12338A0110200001A020413E3B8
S21400FE502338A0E11900000A020A13E3643094056F
S21400FE60022A8203023A8303BC20C401643084055C
S21400FE700500A0E10420A0E1A5FFFFEB643094E5B7
S21400FE80010013E30050A0E10200001ABC30D4E1E8
S21400FE90020C13E30300000A0500A0E10CD08DE27B
S21400FEA03040BDE81EFF2FE1580084E2270D00EB2E
S21400FEB00500A0E10CD08DE23040BDE81EFF2FE12A
S21400FEC0580084E204108DE5220D00EBFC20D4E1FE
S21400FED00238A0E12338A0E104109DE5DDFFFFEA2B
S21400FEE070402DE90050A0E10160A0E1A2DCFFEB2C
S21400FEF0004050E20200000A383094E5000053E368
S21400FF00B8D8FF0B0620A0E10510A0E10400A0E190
S21400FF107040BDE8C2FFFFEA01C0A0E10030A0E3E8
S21400FF2070402DE92C409FE50050A0E10210A0E1B2
S21400FF300C00A0E1003084E5660D00EB010070E3E4
S21400FF400200001A003094E5000053E300308515E7
S21400FF507040BDE81EFF2FE1A04B0100F0402DE9E8
S21400FF6010E090E5C132A0E10E0053E1220000AAA5
S21400FF70145080E21F1011E20EE185E0034185E097
S21400FF802300000A033195E7042084E202005EE1C4
S21400FF903331A0E1207061E22B00009A0560A0E1F9
S21400FFA000C092E51C3783E1043086E4043092E416
S21400FFB002005EE13331A0E1F8FFFF8A04204EE044
S21400FFC0052042E20320C2E3042082E2022085E00C
S21400FFD0000053E3003082E5043082120530420010
S21400FFE0053043104331A0E1000053E3103080E5B4
S21400FFF00300000AF040BDE81EFF2FE10030A0E33A
S214010000103080E50030A0E3F040BDE8143080E514
S2140100101EFF2FE104005EE10430A08110208082E3
S214010020F5FFFF9A041093E403005EE10410A2E5D5
S214010030FBFFFF8A0430E0E10E3083E00330C3E3C8
S214010040043083E24331A0E1E6FFFFEA0520A0E1A8
S214010050DEFFFFEAF04F2DE934D04DE21C008DE5BE
S21401006060009DE50180A0E114208DE528308DE536
S2140100708EDCFFEB003090E50300A0E10340A0E139
S21401008010308DE577C1FFEB003098E50220D3E50F
S214010090001084E0300052E308008DE50070A0E314
S2140100A001B051E54E01001A033083E20340A0E19E
S2140100B00120D3E4300052E3017087E2FAFFFF0A21
S2140100C08C679FE50230D6E7000053E39700000AED
S2140100D00030A0E30350A0E104308DE50030D4E504
S2140100E00330D6E7000053E30490A0E10300000AC2
S2140100F00130F9E50330D6E7000053E3FBFFFF1AB2
S21401010008209DE510109DE50900A0E1030300EB22
S214010110000050E37400000A000055E30030D9E502
S2140101200C508D050200000A095045E00521A0E1AA
S2140101300C208DE5500053E38E00000A700053E357
S2140101408C00000A0950A0E104309DE5000053E34D
S214010150009088E56E00001A043045E0013043E265
S214010160070053E304109DE5030000DAC330A0E165
S214010170070053E3011081E2FBFFFFCA1C009DE567
S2140101804DE0FFEB050054E1143080E218008DE5E8
S21401019024308DE56D01002A0390A0E108309DE52D
S2140101A0013063E204709DE50080A0E320308DE518
S2140101B00A0000EA200057E30720A0110470871206
S2140101C04D00000A013055E50A50A0E10330D6E79C
S2140101D0040055E10F3003E2138288E11200009A11
S2140101E0013055E50B0053E101A045E2F0FFFF1A8F
S2140101F020309DE503308AE0040053E1ECFFFF3A2E
S2140102000300A0E108209DE510109DE52C308DE54A
S214010210C20200EB2C309DE5000050E30350A00124
S214010220E3FFFF1A040055E1ECFFFF8A048089E42E
S21401023024309DE5039049E018309DE54991A0E101
S214010240109083E50800A0E1B8E0FFEB14309DE5CF
S2140102508992A0E1004093E5000049E0040050E1E6
S214010260B50000CA0060A0A3D00000BA14309DE516
S2140102700C209DE5083093E5030052E17E0000CA9C
S21401028014109DE50C209DE5043091E5030052E134
S214010290970000BA0170A0E3000056E30800000AC8
S2140102A014309DE50C3093E5020053E3F400000A98
S2140102B0030053E3F500000A010053E31B01000AA3
S2140102C0107087E30700A0E158309DE518209DE5F2
S2140102D0002083E528309DE50C209DE5002083E580
S2140102E034D08DE2F04FBDE81EFF2FE1000055E34C
S2140102F0D700000A0030D9E58AFFFFEA0470A0E3C0
S214010300008089E504209DE50080A0E3079089E050
S214010310ABFFFFEA000057E30670A0030070A013CE
S2140103200700A0E134D08DE2F04FBDE81EFF2FE1BB
S21401033008509DE510109DE50520A0E10400A0E110
S214010340760200EB000050E35600000A0490A0E19C
S2140103500020D4E5500052E30200000A700052E388
S21401036000908815EAFFFF1A0030A0E30C308DE5F7
S2140103700130A0E304308DE50130D9E52B0053E3CD
S2140103801F00000A2D0053E301C0A00301108912CB
S21401039000C0A0131B00000A0330D6E7012043E289
S2140103A0180052E366FFFF8A0120D1E50220D6E756
S2140103B0010042E2180050E3103043E2011081E2EE
S2140103C00700008A0100F1E5033183E0833082E013
S2140103D00020D6E7010042E2180050E3103043E265
S2140103E0F7FFFF9A0C209DE500005CE300306312E6
S2140103F0033082E00950A0E10C308DE50190A0E1C8
S21401040050FFFFEA00C0A0E30230D9E5021089E2FE
S214010410E0FFFFEA18309DE5083093E5030055E15B
S214010420F50000AA0520A0E124309DE50100A0E327
S21401043018C09DE5001082E0020057E302218CE01F
S21401044010108CE5140082E5D500000A010055E184
S214010450FD0000AA0110A0E318009DE5BEFEFFEB1B
S21401046014309DE50C209DE5083093E5012082E2DD
S214010470030052E10C208DE59C0000DAA370A0E396
S2140104801C009DE518109DE5AEDFFFEB0030A0E3F4
S2140104900700A0E158209DE5003082E534D08DE2CA
S2140104A0F04FBDE81EFF2FE10520D4E70230D6E766
S2140104B0000053E30510A0E1059084E0A4FFFF0AC5
S2140104C0300052E30940A0E10300001A0130F4E5D0
S2140104D0300053E3FCFFFF0A0330D6E7012073E246
S2140104E00020A0330950A0E104208DE50170A0E3AF
S2140104F0FBFEFFEA025043E0050054E13A0000CA61
S2140105000C2091E5020052E3A100000A030052E329
S2140105107800000A010052E39100000A18109DE5D8
S2140105201C009DE587DFFFEB0030A0E358209DE52A
S2140105305070A0E3003082E578FFFFEA045040E007
S2140105400510A0E118009DE5A1E2FFEB006050E276
S2140105500F00000A0160A0E3013045E224109DE58A
S214010560C322A0E1022191E71F1003E2162112E047
S2140105700700000A060053E1770000DA021045E2A0
S21401058018009DE592E2FFEB000050E37200000ABE
S2140105900360A0E30C309DE50510A0E1053083E083
S2140105A018009DE50C308DE56BFEFFEB2EFFFFEA94
S2140105B0005044E00520A0E118109DE51C009DE5D3
S2140105C0D6E0FFEB0C209DE5143080E2052042E0EA
S2140105D018008DE50C208DE524308DE50060A0E344
S2140105E021FFFFEA024083E2B4FEFFEA000056E381
S2140105F0017045E20160A0130500001A000057E3F0
S2140106000300000A0710A0E118009DE570E2FFEB69
S2140106100060A0E10120A0E324109DE5C732A0E11F
S214010620033191E71F7007E2123713E00510A0E1CE
S21401063018009DE50260861347FEFFEB14309DE52A
S214010640043093E5054044E00270A0E30C308DE5EC
S21401065010FFFFEA08109DE50130D9E70320D6E731
S214010660015089E0000052E30590A0E1ADFEFF0ACB
S2140106700130F9E50320D6E7000052E3FBFFFF1A3D
S214010680A8FEFFEA5C309DE5013063E25C308DE553
S2140106905C309DE5000053E308FFFF0A18009DE566
S2140106A0105090E524209DE50561A0E10210A0E12F
S2140106B00230A0E100C0A0E3060082E0020000EAEA
S2140106C004C083E4030050E151FFFF9A002093E544
S2140106D0010072E3F9FFFF0A012082E2020057E3FC
S2140106E0002083E52F00000A1F4014E23B00001A99
S2140106F02170A0E3F2FEFFEA5C209DE5000052E3D4
S21401070085FFFF0A0120A0E328109DE5003081E562
S21401071018309DE524109DE5102083E5002081E535
S21401072058209DE56270A0E3003082E5FBFEFFEAFB
S214010730020016E3E1FEFF0A24309DE5003093E552
S214010740036086E1010016E3D3FFFF1ADBFEFFEA32
S21401075024909DE50080A0E3B3FEFFEA0260A0E3DB
S2140107608BFFFFEA050054E16BFFFF1A010054E31B
S214010770E3FFFFDA011044E218009DE514E2FFEB07
S214010780000050E364FFFF0A14309DE5043093E552
S214010790DBFFFFEA5C209DE5000052E3D8FFFF0A7D
S2140107A05DFFFFEA0310A0E114309DE5003093E5FC
S2140107B0013043E2030054E12270A013C0FEFF1A89
S2140107C00120A0E3C432A0E1033191E71F4004E217
S2140107D0123413E02170A0132270A003B8FEFFEAC2
S2140107E0063081E0040013E550DFFFEB204064E2B1
S2140107F0040050E1BDFFFFAA15FFFFEA18909DE532
S2140108001CA09DE5041099E50A00A0E1011081E213
S214010810A9DEFFEB0080A0E1102099E5022082E22C
S2140108200221A0E10C1089E20C0080E2B4DDFFEBAE
S2140108300910A0E10A00A0E1C2DEFFEB18808DE5F9
S214010840143088E2102098E5F7FEFFEA0310A0E1D5
S214010850A4FFFFEADC3F01000120D1E4000052E3DF
S21401086000C090E51200000A04E02DE5020000EA4F
S2140108700120D1E4000052E30800000A0130FCE543
S21401088041E043E219005EE320308392020053E127
S214010890F6FFFF0A0000A0E304E09DE41EFF2FE13F
S2140108A001C08CE200C080E504E09DE40100A0E305
S2140108B01EFF2FE101C08CE200C080E50100A0E32D
S2140108C01EFF2FE1F04F2DE9003091E514D04DE2E7
S2140108D0C312A0E11F3013E20C308DE5013182E036
S2140108E004308DE50430831204308D150030A0E30A
S2140108F008008DE504009DE50310A0E1043000E545
S21401090003B0A0E10370A0E108309DE500C093E5C7
S214010910048040E20100DCE5000050E30850A0E15D
S21401092008E0A0E104A29FE501408CE22700000A4E
S2140109300030DAE7000053E35000001A200050E3CD
S2140109405D00008A0B0057E11B0000DA05005EE13E
S2140109500030A0230130A033070051E30030A0C3CC
S214010960000053E30B00000A0E30A0E1081061E21C
S2140109700161A0E100109EE5209066E2040093E587
S21401098010C981E13016A0E100C083E50410A3E59B
S214010990030055E1F8FFFF8A02005EE10810A0930C
S2140109A00500009A0030A0E304504EE204300EE544
S2140109B007B0A0E105E0A0E10310A0E104C0A0E1BA
S2140109C00100DCE5000050E301408CE2D7FFFF1A8E
S2140109D0000057E33A00000A05005EE10030A0235C
S2140109E00130A033070051E30030A0C3000053E3F9
S2140109F00B00000A0E00A0E1083061E20331A0E11D
S214010A0000109EE5206063E204C090E51C4681E18B
S214010A103C13A0E1004080E50410A0E5000055E18C
S214010A20F8FFFF8A02005EE12900009A0230A0E189
S214010A3004109EE40E0058E1041083E4FBFFFF2A35
S214010A400010A0E3041083E4030058E1FCFFFF2A32
S214010A5004309DE5043013E5020000EA080052E187
S214010A602600000A043038E5000053E3FAFFFF0AC7
S214010A700500A0E314D08DE2F04FBDE81EFF2FE184
S214010A80011081E2080051E3017087E2050000DAF7
S214010A9002005EE1C8FFFF9A0000A0E30110A0E398
S214010AA004000EE504E04EE200009EE50F3003E28E
S214010AB0003283E100308EE5BFFFFFEA290050E3F4
S214010AC01400000A0400A0E314D08DE2F04FBDE844
S214010AD01EFF2FE10C309DE5000053E3DBFFFF0A0C
S214010AE00000E0E304C09DE50C309DE504101CE524
S214010AF0203063E2303301E004300CE5D9FFFFEA31
S214010B000130A0E30500A0E3003082E514D08DE2B9
S214010B10F04FBDE81EFF2FE108309DE502C08CE2D4
S214010B20000057E300C083E5AAFFFF1AE4FFFFEACF
S214010B30DC3F01000030A0E370402DE928409FE52E
S214010B400050A0E10100A0E1003084E5810A00EB3D
S214010B50010070E30200001A003094E5000053E340
S214010B60003085157040BDE81EFF2FE1A04B010047
S214010B7070402DE901E0A0E100C0A0E330409FE510
S214010B800210A0E10050A0E10320A0E10E00A0E1C8
S214010B9000C084E5830A00EB010070E30200001A3E
S214010BA0003094E5000053E3003085157040BDE841
S214010BB01EFF2FE1A04B010070402DE901E0A0E1EE
S214010BC000C0A0E330409FE50210A0E10050A0E184
S214010BD00320A0E10E00A0E100C084E5AC0A00EB12
S214010BE0010070E30200001A003094E5000053E3B0
S214010BF0003085157040BDE81EFF2FE1A04B0100B7
S214010C0070402DE90140A0E1001091E5000051E39C
S214010C100050A0E1F9FFFF1B0410A0E10500A0E1D0
S214010C2022D7FFEB7040BDE81EFF2FE1E8309FE5BD
S214010C30003093E5000053E11EFF2F014C3090E594
S214010C40000053E370402DE90050A0E10F00000AB8
S214010C500060A0E3061093E7000051E30500000AD8
S214010C60004091E50500A0E110D7FFEB001054E22B
S214010C70FAFFFF1A4C3095E5046086E2800056E3E1
S214010C80F3FFFF1A0310A0E10500A0E107D7FFEB71
S214010C90401095E5000051E30500A01103D7FF1BA6
S214010CA0481195E5000051E30800000A536F85E2FC
S214010CB0060051E10500000A004091E50500A0E1AB
S214010CC0FAD6FFEB040056E10410A0E1F9FFFF1A83
S214010CD0541095E5000051E30500A011F3D6FF1B63
S214010CE0383095E5000053E30100001A7040BDE876
S214010CF01EFF2FE13C3095E50500A0E10FE0A0E1E5
S214010D0013FF2FE1E01295E5000051E3F6FFFF0A1D
S214010D100500A0E17040BDE8B8FFFFEA8041010090
S214010D20000052E33700000A013080E1033013E28D
S214010D30F0402DE91F00001A030052E31D00009A3F
S214010D4000C090E500E091E50E005CE11900001A94
S214010D50042052E22D00000AC8509FE5C8609FE5B6
S214010D6005E08CE00CC0CEE106001CE10400800228
S214010D70041081020B00000A240000EA043090E40B
S214010D80004091E505C083E0040053E103C0CCE1D7
S214010D90041081E22000001A042052E21B00000A1F
S214010DA006001CE11900001A030052E30070A0E1DE
S214010DB001E0A0E1F0FFFF8A0030D0E500C0D1E5F8
S214010DC003005CE1012042E20B00001A000052E33E
S214010DD000005C130300001A0C0000EA000052E356
S214010DE0000053130900000A0130F0E501C0F1E5E7
S214010DF00C0053E1012042E2F7FFFF0A0C0043E03A
S214010E00F040BDE81EFF2FE10200A0E11EFF2FE12A
S214010E100000A0E3F040BDE81EFF2FE10E10A0E1A8
S214010E200700A0E1E3FFFFEAFFFEFEFE8080808070
S214010E30F04F2DE9083092E5000053E30CD04DE267
S214010E400280A0E15800000A00A0A0E10140A0E154
S214010E50007092E5085091E5000091E5330000EA44
S214010E60BC30D4E1120D13E32200000A101084E214
S214010E70060091E801B040E0822082E001508BE25A
S214010E80A22F82E0065085E0C220A0E1020055E1D3
S214010E900250A0910520A081010B13E32F00000A48
S214010EA00210A0E10A00A0E179D9FFEB003050E280
S214010EB03100000A0B20A0E1101094E504308DE506
S214010EC00FDCFFEBBC20D4E1122DC2E3802082E3CD
S214010ED0BC20C4E104309DE50B0083E00BB045E087
S214010EE008B084E5145084E506B0A0E10650A0E100
S214010EF0103084E5000084E50B20A0E10910A0E194
S214010F0044DCFFEB083098E5082094E5000094E502
S214010F10066043E0055042E00B0080E0000056E327
S214010F20085084E5000084E5086088E51E00000A94
S214010F30046097E5000056E30730A0E1087087E2F9
S214010F40FAFFFF0A050056E1009093E505B0A0E11F
S214010F50C2FFFF2A0650A0E106B0A0E1E5FFFFEAC6
S214010F600A00A0E13AE0FFEB003050E2D9FFFF1A99
S214010F70101094E50A00A0E14CD6FFEB0C30A0E37C
S214010F800020A0E30000E0E300308AE5BC30D4E1B5
S214010F90403083E3BC30C4E1082088E5042088E5BE
S214010FA00CD08DE2F04FBDE81EFF2FE10000A0E35C
S214010FB0040088E50CD08DE2F04FBDE81EFF2FE15E
S214010FC0F04F2DE9B4D04DE201C0A0E10C108DE543
S214010FD0BC10D1E1800011E31C308DE514008DE5D5
S214010FE00200000A10309CE5000053E3D303000A18
S214010FF00030A0E30280A0E170A08DE2BCBF9FE5B7
S21401100028308DE504308DE544308DE540308DE5A2
S2140110103CA08DE510908BE20030D8E5000053E34C
S214011020250053130840A0E11300000A0130F4E53F
S214011030000053E325005313FBFFFF1A085054E04A
S2140110400D00000A40309DE544209DE5013083E215
S214011050070053E3052082E000808AE504508AE514
S21401106040308DE544208DE508A08AD25A0300CA97
S21401107004309DE5053083E004308DE50030D4E58D
S214011080000053E3D002000A0010A0E30030A0E302
S214011090018084E23730CDE50070E0E30130D4E52D
S2140110A001C0A0E10100A0E10160A0E101E0A0E330
S2140110B02B40A0E32050A0E3018088E2202043E2F9
S2140110C0580052E302F19F978B0200EA5813010081
S2140110D0FC1A0100FC1A01004C130100FC1A010065
S2140110E0FC1A0100FC1A0100FC1A0100FC1A01009E
S2140110F0FC1A0100301201003C130100FC1A010029
S2140111004C120100D8180100FC1A0100CC1801008D
S214011110A8180100A8180100A8180100A8180100C5
S214011120A8180100A8180100A8180100A8180100B5
S214011130A8180100FC1A0100FC1A0100FC1A0100A3
S214011140FC1A0100FC1A0100FC1A0100FC1A01003D
S214011150FC1A0100FC1A0100FC1A0100E01701004C
S214011160FC1A0100FC1A0100FC1A0100FC1A01001D
S214011170FC1A0100FC1A0100FC1A0100FC1A01000D
S214011180FC1A0100FC1A0100B0170100FC1A01004C
S214011190FC1A0100FC1A0100FC1A0100FC1A0100ED
S2140111A080170100FC1A0100FC1A01003C1701001F
S2140111B0FC1A0100FC1A0100FC1A0100FC1A0100CD
S2140111C0FC1A0100FC1A0100FC1A0100FC1A0100BD
S2140111D0FC1A0100FC1A01006C1301007C190100C5
S2140111E0FC1A0100FC1A0100FC1A0100701901002A
S2140111F07C190100FC1A0100FC1A010054190100B7
S214011200FC1A010018190100901201004C1A010085
S214011210401A0100FC1A0100D8190100FC1A01004D
S21401122058120100FC1A0100FC1A0100C812010044
S2140112301C309DE5000093E5043083E2000050E396
S2140112401C308DE5010000AA000060E2046086E320
S2140112500030D8E597FFFFEA200016E318008DE579
S2140112601C309DE54A01001A100016E33002001AF0
S214011270400016E32E02000AB040D3E1043083E2B8
S2140112800120A0E31C308DE50050A0E3FC0100EA3C
S214011290200016E318008DE51C309DE54801001A74
S2140112A0100016E32802001A400016E32602000A80
S2140112B0B040D3E1043083E20020A0E31C308DE58A
S2140112C00050A0E3EE0100EA000051E3F02C9FE598
S2140112D037C0CD15200016E328208DE518008DE5D2
S2140112E01C209DE51C01001A100016E30B03001AD2
S2140112F0400016E30050A0130050A003B040D211E6
S2140113000040920504208212042082021C208D15C2
S2140113101C208D05010016E31601000A052094E144
S2140113201401000A3020A0E33930CDE53820CDE5A0
S214011330026086E30220A0E3D10100EA0030D8E58E
S2140113400E10A0E104C0A0E15AFFFFEA016086E3A7
S2140113500030D8E557FFFFEA00005CE30030D8E52F
S2140113600E10A00105C0A00152FFFFEA0130A0E364
S21401137018008DE50320A0E10000A0E31C109DE508
S21401138000308DE5003091E54830CDE5043081E24E
S2140113901C308DE548308DE23700CDE510208DE517
S2140113A024308DE50070A0E308608DE508309DE5EA
S2140113B0025013E200309D150230831200308D1565
S2140113C008309DE5843013E220308DE53E00001A9A
S2140113D018309DE500209DE5024043E0000054E3FF
S2140113E0390000DA100054E3E10200DA40309DE5EE
S2140113F02C708DE50A00A0E10470A0E105A0A0E133
S2140114001060A0E344209DE50310A0E114409DE593
S2140114100C509DE5020000EA107047E2100057E309
S214011420140000DA011081E2070051E3102082E285
S21401143000B080E5046080E540108DE544208DE530
S214011440080080D2F3FFFFDA3C208DE20510A0E110
S2140114500400A0E175FEFFEB000050E3E001001A76
S214011460107047E240108DE2100057E370008DE2E5
S214011470060091E8EAFFFFCA0A50A0E10130A0E1A8
S21401148000A0A0E10740A0E12C709DE5013083E2B9
S214011490070053E3022084E000B08AE504408AE5B1
S2140114A040308DE544208DE508A08AD2080000DA98
S2140114B03C208DE20C109DE514009DE55BFEFFEBE4
S2140114C0000050E3C601001A70A08DE244209DE59D
S2140114D040309DE53710DDE5000051E30A00000AC3
S2140114E00100A0E3003083E0070053E3002082E020
S2140114F037108DE204008AE500108AE540308DE55C
S21401150044208DE508A08AD2450200CA000055E3B2
S2140115100A00000A0200A0E3013083E2070053E359
S214011520002082E038108DE204008AE500108AE58A
S21401153040308DE544208DE508A08AD22E0200CAEF
S21401154020109DE5800051E3AF01000A10109DE5D3
S214011550017047E0000057E32F0000DA100057E360
S2140115601B0000DA1050A0E314409DE50C609DE5D9
S214011570020000EA107047E2100057E3140000DA98
S214011580013083E2070053E3102082E200908AE5EF
S21401159004508AE540308DE544208DE508A08AD2C6
S2140115A0F3FFFFDA3C208DE20610A0E10400A0E183
S2140115B01EFEFFEB000050E38901001A107047E29F
S2140115C0100057E370A08DE244209DE540309DE574
S2140115D0EAFFFFCA013083E2070053E3072082E0F7
S2140115E000908AE504708AE540308DE544208DE55B
S2140115F008A08AD2080000DA3C208DE20C109DE596
S21401160014009DE509FEFFEB000050E37401001A8B
S21401161044209DE540309DE570A08DE2013083E2D7
S21401162010109DE5070053E340308DE524309DE51D
S214011630022081E000308AE504108AE544208DE529
S21401164008A08AD2AA0100CA08309DE5040013E367
S2140116502C00000A18309DE500109DE5014043E08E
S214011660000054E3270000DA100054E340309DD513
S2140116701C0000DA1050A0E340309DE514609DE5A3
S2140116800C709DE5020000EA104044E2100054E3AD
S214011690140000DA013083E2070053E3102082E2EF
S2140116A000B08AE504508AE540308DE544208DE59A
S2140116B008A08AD2F3FFFFDA3C208DE20710A0E1F2
S2140116C00600A0E1D9FDFFEB000050E34401001A3B
S2140116D0104044E2100054E370A08DE244209DE5E2
S2140116E040309DE5EAFFFFCA013083E2042082E034
S2140116F0070053E340308DE544208DE500B08AE5D0
S21401170004408AE5D00100CA04309DE518109DE525
S21401171000009DE5000051E1013083A0003083B058
S214011720000052E304308DE57A01001A0030A0E390
S21401173070A08DE240308DE536FEFFEA000051E3F1
S21401174080289FE537C0CD15200016E328208DE5BB
S21401175018008DE51C209DE5E2FEFF0A072082E2C7
S2140117600720C2E3081082E2010016E31C108DE593
S214011770300092E8E8FEFF1A0220A0E3C00000EA6B
S214011780106086E3200016E318008DE51C309DE509
S214011790B4FEFF0A073083E20730C3E3082083E282
S2140117A01C208DE5300093E80120A0E3B40000EA98
S2140117B0106086E3200016E318008DE51C309DE5D9
S2140117C0B6FEFF0A073083E20730C3E3082083E250
S2140117D01C208DE5300093E80020A0E3A80000EA75
S2140117E0000051E3106086E337C0CD15200016E3F4
S2140117F018008DE56500001A100016E3CC01001AEA
S214011800400016E39F01001A1C109DE5004091E57B
S214011810C45FA0E10420A0E10530A0E1041081E24C
S2140118201C108DE5000052E30030D3E2620000BADE
S2140118303730DDE5010077E320308DE50120A0E3B8
S2140118409400001A010052E34101000A020052E32B
S21401185070108D12C300001A70308DE20320A0E1D3
S21401186028C09DE52432A0E1053E83E12502A0E1E2
S2140118700F1004E20050A0E10340A0E10130DCE7D4
S214011880051094E1013062E5F5FFFF1A0230A0E190
S21401189024208DE570208DE2033042E008608DE55E
S2140118A010308DE58B0000EA0000A0E3302043E213
S2140118B00130D8E4000180E0800082E0302043E27D
S2140118C0090052E3F9FFFF9AFBFDFFEA806086E319
S2140118D00030D8E5F7FDFFEA0030D8E52A0053E3EB
S2140118E0017088E2B901000A302043E2090052E3A0
S2140118F00780A0E10070A0E3EFFDFF8A0130D8E485
S214011900077187E0877082E0302043E2090052E3E6
S214011910F9FFFF9AE8FDFFEA000051E337C0CD1555
S214011920200016E36501001A100016E37401001A80
S214011930400016E37201000A1C209DE5003092E586
S214011940042082E21C208DE5B420DDE1B020C3E155
S214011950B0FDFFEA0030D8E56C0053E30130D8054E
S214011960206086030180880210608613D1FDFFEA9D
S214011970406086E30030D8E5CEFDFFEA000051E383
S21401198037C0CD15200016E318008DE599FFFF0A34
S2140119901C309DE5073083E20710C3E30C0091E895
S2140119A0000052E3081081E20350A0E10030D3E2C8
S2140119B01C108DE50240A0E19CFFFFAA2D30A0E39C
S2140119C0004074E20050E5E23730CDE520308DE589
S2140119D00120A0E32D0000EA1C309DE5002093E5E0
S2140119E024208DE5000052E30020A0E318008DE5D9
S2140119F03720CDE5044083E26001000A010077E369
S214011A003601000A24509DE50720A0E10010A0E35E
S214011A100500A0E1F6D8FFEB000050E36001000AE4
S214011A20053040E010308DE53730DDE51C408DE5B2
S214011A3008608DE520308DE50070A0E3250000EA02
S214011A40206086E30030D8E59AFDFFEA3020A0E367
S214011A507830A0E33820CDE50050A0E30220A0E3D3
S214011A601C109DE53930CDE5043081E21C308DE552
S214011A704C359FE518008DE5004091E528308DE551
S214011A80026086E30030A0E320308DE53730CDE5F7
S214011A90010077E36AFFFF0A053084E1000053E3A3
S214011AA0000057038030C6E308308DE5A500001A14
S214011AB0000052E39E00001A013016E210308DE558
S214011AC070308D0224308D053030A013B0208D1279
S214011AD04130621524208D1510309DE5030057E135
S214011AE00730A0A120209DE5000052E300308DE5DF
S214011AF00130831200308D152BFEFFEA000051E302
S214011B0037C0CD15000053E318008DE52E00000AFE
S214011B104830CDE50030A0E30120A0E33730CDE525
S214011B2048308DE200208DE510208DE524308DE5CE
S214011B301BFEFFEA004093E5043083E20120A0E3A8
S214011B401C308DE50050A0E3CDFFFFEA004093E591
S214011B50043083E20020A0E31C308DE50050A0E3B2
S214011B60C7FFFFEA0210A0E1A421A0E1852E82E1D1
S214011B70A501A0E1073004E20050A0E10240A0E187
S214011B80303083E2052094E1013041E5012041E255
S214011B90F3FFFF1A300053E30030A00301300612B2
S214011BA0000053E3BF00000A3030A0E3021041E218
S214011BB070008DE224108DE5011040E008608DE58F
S214011BC010108DE5013042E5C2FFFFEA44309DE585
S214011BD0000053E314009D153C208D120C109D153A
S214011BE092FCFF1B0C309DE5BC30D3E1400013E3B3
S214011BF004309DE50030E01304308DE504009DE5DA
S214011C00B4D08DE2F04FBDE81EFF2FE118109DE520
S214011C1000009DE5004041E0000054E34AFEFFDA83
S214011C20100054E31F0000DA0A10A0E11050A0E3F0
S214011C3004A0A0E114609DE50C409DE5020000EAC9
S214011C4010A04AE210005AE3140000DA013083E2E1
S214011C50070053E3102082E2009081E5045081E5FD
S214011C6040308DE544208DE5081081D2F3FFFFDA80
S214011C703C208DE20410A0E10600A0E16BFCFFEB26
S214011C80000050E3D6FFFF1A10A04AE210005AE304
S214011C9070108DE244209DE540309DE5EAFFFFCAC5
S214011CA00A40A0E101A0A0E1013083E2070053E36E
S214011CB0042082E000908AE504408AE540308DE504
S214011CC044208DE508A08AD21FFEFFDA3C208DE273
S214011CD00C109DE514009DE554FCFFEB000050E35D
S214011CE0BFFFFF1A70A08DE244209DE540309DE5C0
S214011CF015FEFFEA3C208DE20C109DE514009DE5E3
S214011D004AFCFFEB000050E3B5FFFF1A70A08DE21E
S214011D1044209DE54BFEFFEA3C208DE20C109DE53C
S214011D2014009DE541FCFFEB000050E37EFEFF0A38
S214011D30ABFFFFEA0030A0E310308DE570308DE296
S214011D4024308DE563FFFFEA010052E30360A0E162
S214011D50BDFEFF1A000055E3090054034200009A35
S214011D6070308DE200A08DE507A0A0E10670A0E12D
S214011D700360A0E10400A0E10510A0E10A20A0E3B1
S214011D800030A0E3080500EB302082E2012066E582
S214011D900400A0E10510A0E10030A0E30A20A0E3C2
S214011DA0010500EB0040A0E10150A0E1053094E1FF
S214011DB0EFFFFF1A0630A0E124608DE50760A0E181
S214011DC070208DE2033042E00A70A0E108608DE5E4
S214011DD000A09DE510308DE53EFFFFEA3C208DE238
S214011DE00C109DE514009DE510FCFFEB000050E390
S214011DF07BFFFF1A70A08DE29CFCFFEA3C208DE27F
S214011E000C109DE514009DE508FCFFEB000050E377
S214011E1073FFFF1A70A08DE244209DE540309DE5DA
S214011E20C6FDFFEA3C208DE20C109DE514009DE501
S214011E30FEFBFFEB000050E369FFFF1A70A08DE286
S214011E4044209DE540309DE5AFFDFFEA3C208DE254
S214011E500C109DE514009DE5F4FBFFEB000050E33C
S214011E605FFFFF1A44209DE526FEFFEAB0308DE2B3
S214011E70304084E2414063E508608DE510208DE541
S214011E8024308DE513FFFFEA1C309DE5F040D3E1D9
S214011E90043083E2C45FA0E11C308DE50420A0E19C
S214011EA00530A0E15EFEFFEA70308DE2023043E0CD
S214011EB008608DE510308DE524208DE505FFFFEAED
S214011EC01C309DE504209DE5001093E5043083E277
S214011ED01C308DE5C23FA0E10C0081E84DFCFFEA15
S214011EE024009DE51C408DE508608DE5DDB9FFEB1E
S214011EF03730DDE510008DE520308DE50070A0E37C
S214011F00F4FEFFEA1C209DE5003092E5042082E203
S214011F101C208DE504209DE5002083E53DFCFFEABD
S214011F20004092E5042082E21C208DE50050A0E3EB
S214011F30F7FCFFEA1C309DE5004093E5D3FFFFEA7E
S214011F404010A0E300208DE551D5FFEB0C309DE558
S214011F50000050E3000083E5100083E500209DE5C6
S214011F602400000A4030A0E30C109DE5143081E502
S214011F701EFCFFEA44209DE540309DE542FDFFEA58
S214011F80060057E30730A0310630A02310308DE558
S214011F9000308DE530309FE51C408DE524308DE521
S214011FA0FFFCFFEA3730DDE510708DE51C408DE55E
S214011FB008608DE50070A0E320308DE5C5FEFFEAE0
S214011FC0DC400100A03C01008C3C0100B43C010057
S214011FD01C209DE500708DE5007092E5042082E2EC
S214011FE0010077E30130D8E50070E0B300809DE59D
S214011FF01C208DE52FFCFFEA0020E0E30C30A0E377
S21401200004208DE514209DE5003082E5FAFEFFEA06
S214012010F0412DE9006050E20150A0E10240A0E14C
S2140120200200000A383096E5000053E34200000A39
S214012030FC10D4E1180094E50138A0E1020713E38F
S2140120402328A0E1080084E52200000A103094E568
S214012050000053E31F00000A020A12E364209405FD
S214012060022AC203021A810364208405002094E533
S214012070BC10C401141094E5033042E0FF5005E2A1
S214012080010053E10570A0E1013083B2220000AAED
S214012090081094E5010082E2011041E2081084E58F
S2140120A0000084E50050C2E5142094E5030052E1E7
S2140120B01200000ABC30D4E10A0055E30050A01318
S2140120C001500302000055E30C00001A0700A0E1CE
S2140120D0F041BDE81EFF2FE10410A0E10600A0E1DB
S2140120E00EC8FFEB000050E30900001AFC10D4E113
S2140120F00128A0E1103094E52228A0E1D5FFFFEAEF
S2140121000410A0E10600A0E1A0CFFFEB000050E321
S214012110EDFFFF0A0070E0E3EBFFFFEA0410A0E129
S2140121200600A0E199CFFFEB000050E3F8FFFF1A8D
S2140121300130A0E3002094E5D4FFFFEA29D0FFEBAD
S214012140BAFFFFEA70402DE90150A0E10040A0E18E
S21401215009D4FFEB0520A0E10410A0E17040BDE822
S214012160AAFFFFEAF0402DE9006051E214D04DE2EB
S2140121700040A0E10350A0E11400000A0270A0E1B3
S214012180FDD3FFEB343090E574209FE5000053E368
S2140121900230A0010610A0E10720A0E1E06093E56F
S2140121A00400A0E10530A0E10FE0A0E116FF2FE159
S2140121B0010070E30020A0038A30A00300208505FB
S2140121C00030840514D08DE2F040BDE81EFF2FE1FB
S2140121D0E9D3FFEB343090E524209FE5000053E37C
S2140121E00230A00104108DE20620A0E10400A0E167
S2140121F0E06093E50530A0E10FE0A0E116FF2FE1D6
S214012200EAFFFFEAB0450100F0402DE90040A0E1F9
S21401221014D04DE20170A0E10260A0E1D6D3FFEB3D
S214012220000054E30050A0E11300000AD2D3FFEBF4
S214012230343090E574209FE5000053E30230A0019E
S2140122400410A0E10720A0E1E04093E50500A0E12D
S2140122500630A0E10FE0A0E114FF2FE1010070E3DA
S2140122600020A0038A30A0030020860500308505E3
S21401227014D08DE2F040BDE81EFF2FE1BED3FFEB88
S214012280343090E524209FE5000053E30230A0019E
S21401229004108DE20420A0E10500A0E1E04093E5F2
S2140122A00630A0E10FE0A0E114FF2FE1EAFFFFEA0C
S2140122B0B0450100012051E21EFF2F013600003A11
S2140122C0010050E12200009A020011E12300000AF9
S2140122D00E0211E38111A0010830A0030130A01302
S2140122E0010251E3000051310112A0310332A03145
S2140122F0FAFFFF3A020151E3000051318110A0318B
S2140123008330A031FAFFFF3A0020A0E3010050E13C
S2140123100100402003208221A10050E1A1004020BD
S214012320A3208221210150E1210140202321822185
S214012330A10150E1A1014020A3218221000050E328
S2140123402332B0112112A011EFFFFF1A0200A0E103
S2140123501EFF2FE10100A0030000A0131EFF2FE1C6
S214012360010851E32118A0211020A0230020A0334A
S214012370010C51E32114A02108208222100051E310
S2140123802112A02104208222040051E3032082822C
S214012390A12082903002A0E11EFF2FE1000050E351
S2140123A00000E013590000EA000051E3FAFFFF0ABB
S2140123B003402DE9BEFFFFEB0640BDE8920003E0B7
S2140123C0031041E01EFF2FE1000051E34300000A25
S2140123D001C020E000106142012051E22700000AFE
S2140123E00030B0E100306042010053E12600009A5F
S2140123F0020011E12800000A0E0211E38111A0017A
S2140124000820A0030120A013010251E3030051316B
S2140124100112A0310222A031FAFFFF3A020151E374
S214012420030051318110A0318220A031FAFFFF3A1A
S2140124300000A0E3010053E10130432002008021A7
S214012440A10053E1A1304320A2008021210153E1E4
S2140124502131432022018021A10153E1A1314320F2
S214012460A2018021000053E32222B0112112A01103
S214012470EFFFFF1A00005CE3000060421EFF2FE141
S21401248000003CE1000060421EFF2FE10000A03387
S214012490CC0FA001010080031EFF2FE1010851E3CC
S2140124A02118A0211020A0230020A033010C51E305
S2140124B02114A02108208222100051E32112A0211C
S2140124C004208222040051E303208282A12082900C
S2140124D000005CE33302A0E1000060421EFF2FE132
S2140124E0000050E30201E0C30201A0B3070000EAC6
S2140124F0000051E3F9FFFF0A03402DE9B3FFFFEBAC
S2140125000640BDE8920003E0031041E01EFF2FE104
S2140125101EFF2FE1021121E2000000EA023123E250
S21401252030402DE98140A0E18350A0E1050034E16F
S2140125300200300100C0941102C09511C4CAF01106
S214012540C5CAF0118C00000AA44AA0E1A55A74E09D
S214012550005065B2060000DA054084E0022020E063
S214012560033021E0000022E0011023E0022020E0F9
S214012570033021E0360055E33040BD881EFF2F8131
S214012580020111E30116A0E101C6A0E321168CE1C8
S2140125900100000A000070E20010E1E2020113E30C
S2140125A00336A0E123368CE10100000A002072E226
S2140125B00030E3E2050034E16900000A014044E22C
S2140125C020E075E2050000BA12CEA0E1320590E0E7
S2140125D00010A1E2130E90E05315B1E0060000EAE8
S2140125E0205045E220E08EE2010052E313CEA0E146
S2140125F002C08C23530590E0C31FB1E0025101E2F3
S2140126000200005A00C07CE20000F0E20010E1E2A5
S214012610010651E30F00003A020651E30600003AB4
S214012620A110B0E16000B0E16CC0A0E1014084E21D
S214012630842AA0E1010572E36B00002A02015CE333
S214012640A0C0B0010000B0E2041AA1E0051081E1CB
S2140126503040BDE81EFF2FE18CC0B0E10000B0E0C5
S2140126600110A1E0010611E3014044E2F2FFFF1A66
S214012670000031E31430A0133430A0030010A00191
S2140126800000A0030120A0E1010852E32228A021B6
S21401269010304322010C52E32224A02108304322A9
S2140126A0100052E32222A02104304322040052E308
S2140126B002304322A2304330A23143E0202053E2CD
S2140126C0070000AA0C2092E2040000DA14C082E29D
S2140126D00C2062E2110CA0E13112A0E1040000EA34
S2140126E0142082E220C062D21112A0E1301C81D1F6
S2140126F01002A0D1034054E0041A81A0051081A164
S2140127003040BDA81EFF2FA10440E0E11F4054E267
S2140127100F0000AA0C4094E2060000CA144084E2AE
S214012720202064E23004A0E1110280E1311485E149
S2140127303040BDE81EFF2FE10C4064E2202064E239
S2140127403002A0E1110480E10510A0E13040BDE8AF
S2140127501EFF2FE13104A0E10510A0E13040BDE8E5
S2140127601EFF2FE1000034E3013623E201162102A9
S21401277001408402015045128FFFFFEAC4CAF0E10E
S214012780C5CAF0111D00000A050034E1020030013F
S2140127900400000A00C094E10310A0010200A00199
S2140127A03040BDE81EFF2FE1030031E10010A01309
S2140127B00000A0133040BD181EFF2F11A4CAB0E1BF
S2140127C00400001A8000B0E10110B1E0021181237B
S2140127D03040BDE81EFF2FE1014594E2011681322B
S2140127E03040BD381EFF2F31025101E27F1485E3D0
S2140127F00F1681E30000A0E33040BDE81EFF2FE185
S214012800C4CAF0E10310A0110200A011C5CAF0016C
S2140128100130A0110020A011014690E1035692015B
S21401282003003101021781133040BDE81EFF2FE17E
S214012830000030E30010A0031EFF2F0130402DE9F9
S214012840014BA0E3324084E20050A0E30010A0E375
S21401285086FFFFEA000030E30010A0031EFF2F01F1
S21401286030402DE9014BA0E3324084E2025110E2F0
S214012870000060420010A0E37CFFFFEA8020B0E188
S214012880C211A0E16110A0E1020EA0E1FF34121214
S214012890FF0433130E1321121EFF2F11000032E323
S2140128A0FF0433131EFF2F0130402DE90E4DA0E328
S2140128B0025101E20211C1E36CFFFFEA012090E13F
S2140128C01EFF2F0130402DE90050A0E3060000EA6C
S2140128D0012090E11EFF2F0130402DE9025111E247
S2140128E00100005A000070E20010E1E2014BA0E393
S2140128F0324084E221CBB0E144FFFF0A0320A0E38B
S214012900ACC1B0E103208212ACC1B0E10320821257
S214012910AC2182E0203062E210C3A0E13002A0E1E7
S214012920110380E13112A0E1024084E037FFFFEAA3
S21401293070402DE9FFC0A0E307CC8CE3214A1CE0E0
S214012940235A1C100C0034110C0035117500000BB5
S214012950054084E0036021E08C1AC1E18C3AC3E1B2
S214012960015690E103569211011681E3013683E385
S2140129701D00000A90C28EE00050A0E391E2A5E09F
S214012980022106E290E3A5E00060A0E39153A6E0F1
S21401299000003CE301E08E13FF4044E2020C56E3E4
S2140129A0034CC4E20200002A8EE0B0E10550B5E017
S2140129B00660A6E0861582E1A51A81E18505A0E1FB
S2140129C0AE0A80E18EE5A0E1FDC054E2070C5C830F
S2140129D01100008A02015EE3A0E0B0010000B0E24F
S2140129E0041AA1E07040BDE81EFF2FE1026106E275
S2140129F0011086E1020080E1031021E0AC4054E0C2
S214012A000C5074C0041A81C17040BDC81EFF2FC18E
S214012A10011681E300E0A0E3014054E25D0000CA34
S214012A20360074E30000A0D3021101D27040BDD875
S214012A301EFF2FD1004064E2204054E21A0000AA93
S214012A400C4094E20C0000CA144084E2205064E278
S214012A501035A0E13004A0E1110580E1022101E278
S214012A600211C1E3A30F90E03114A2E083E09EE1DE
S214012A70A30FC0017040BDE81EFF2FE10C4064E2C9
S214012A80205064E21034A0E13005A0E1110480E199
S214012A90021101E2A30F90E00010A1E283E09EE1A3
S214012AA0A30FC0017040BDE81EFF2FE1205064E275
S214012AB010E58EE13034A0E1113583E13104A0E167
S214012AC0021101E23104C0E1A30F80E083E09EE140
S214012AD0A30FC0017040BDE81EFF2FE1000034E3E4
S214012AE00800001A026101E28000B0E10110A1E0D5
S214012AF0010611E301404402FAFFFF0A061081E1D4
S214012B00000035E31EFF2F11026103E28220B0E1CF
S214012B100330A3E0010613E301504502FAFFFF0A62
S214012B20063083E11EFF2FE10C0034E1235A0CE04E
S214012B300C0035110700000A816090E18360921154
S214012B40E5FFFF1A031021E0021101E20000A0E3F5
S214012B507040BDE81EFF2FE1816090E10200A001F8
S214012B600310A001836092111000000A0C0034E1EA
S214012B700100001A016690E10C00001A0C0035E114
S214012B800300001A036692E10200A0110310A011CF
S214012B900600001A031021E0021101E27F1481E30E
S214012BA00F1681E30000A0E37040BDE81EFF2FE191
S214012BB07F1481E33E1781E37040BDE81EFF2FE1DD
S214012BC070402DE9FFC0A0E307CC8CE3214A1CE04E
S214012BD0235A1C100C0034110C0035115E00000B3A
S214012BE0054044E003E021E0035692E10116A0E12E
S214012BF04C00000A0336A0E10152A0E3233285E12E
S214012C00223C83E10224A0E1215285E1205C85E19A
S214012C100064A0E102110EE2030055E10200560134
S214012C20FD40A4E2034C84E20100002AA330B0E197
S214012C306220A0E1026056E00350C5E0A330B0E197
S214012C406220A0E10106A0E302C7A0E302E056E08D
S214012C5003E0D5E0026046200E50A0210C00802142
S214012C60A330B0E16220A0E102E056E003E0D5E047
S214012C70026046200E50A021AC008021A330B0E1B6
S214012C806220A0E102E056E003E0D5E002604620C3
S214012C900E50A0212C018021A330B0E16220A0E1DA
S214012CA002E056E003E0D5E0026046200E50A02187
S214012CB0AC01802106E095E10D00000A0552A0E175
S214012CC0265E85E10662A0E18331A0E1A23E83E1B2
S214012CD08221A0E12CC2B0E1DBFFFF1A010611E35D
S214012CE00600001A001081E10000A0E302C1A0E383
S214012CF0D5FFFFEA010611E3001081010000A003E1
S214012D00FDC054E2070C5C8343FFFF8A03C055E015
S214012D1002C05600A0C0B0010000B0E2041AA1E053
S214012D207040BDE81EFF2FE102E10EE221168EE1A2
S214012D30AC4094E00C5074C0041A81C17040BDC808
S214012D401EFF2FC1011681E300E0A0E3014054E21B
S214012D5031FFFFEA06E085E12FFFFFEA235A0CE088
S214012D600C0034E10C00350190FFFF0A0C0034E141
S214012D700600001A014690E18CFFFF1A0C0035E1AF
S214012D8083FFFF1A0200A0E10310A0E187FFFFEA1C
S214012D900C0035E10400001A035692E168FFFF0AB1
S214012DA00200A0E10310A0E180FFFFEA816090E14C
S214012DB08360921148FFFF1A814090E174FFFF1A69
S214012DC0835092E15EFFFF1A78FFFFEA00C0E0E35E
S214012DD0020000EA01C0A0E3000000EA01C0A0E38F
S214012DE004C02DE581C0A0E1CCCAF0E183C0A0E11A
S214012DF0CCCAF0110E00000A04D08DE281C090E129
S214012E0083C0920103003111020030010000A003CB
S214012E101EFF2F01000070E3030031E10300515152
S214012E2002005001C30FA021C30FE031010080E36F
S214012E301EFF2FE181C0A0E1CCCAF0E10100001A1B
S214012E4001C690E10400001A83C0A0E1CCCAF0E1FB
S214012E50E8FFFF1A03C692E1E6FFFF0A04009DE4BD
S214012E601EFF2FE100C0A0E10200A0E10C20A0E1BE
S214012E7001C0A0E10310A0E10C30A0E1FFFFFFEAD2
S214012E8001402DE9D4FFFFEB000050E30000704342
S214012E900140BDE81EFF2FE108E02DE5F7FFFFEB3F
S214012EA00100A0030000A01308E09DE41EFF2FE12F
S214012EB008E02DE5F1FFFFEB0100A0330000A023A1
S214012EC008E09DE41EFF2FE108E02DE5EBFFFFEB98
S214012ED00100A0930000A08308E09DE41EFF2FE1FF
S214012EE008E02DE5DEFFFFEB0100A0930000A083C4
S214012EF008E09DE41EFF2FE108E02DE5D8FFFFEB7B
S214012F000100A0330000A02308E09DE41EFF2FE18E
S214012F1081C0A0E1CCCAF0E10100001A01C690E12F
S214012F200600001A83C0A0E1CCCAF0E10100001A35
S214012F3003C692E10100001A0000A0E31EFF2FE184
S214012F400100A0E31EFF2FE18120A0E1022692E20C
S214012F500C00002A0900005A3E3EE0E3C22A53E074
S214012F600A00009A8135A0E1023183E3A03A83E1A9
S214012F70020111E33302A0E1000060121EFF2FE1FF
S214012F800000A0E31EFF2FE1010690E10200001AF7
S214012F90020111E20201E0031EFF2FE10000A0E39F
S214012FA01EFF2FE18120B0E10A00002A022692E2EC
S214012FB00A00002A0700005A3E3EE0E3C22A53E018
S214012FC00800004A8135A0E1023183E3A03A83E19B
S214012FD03302A0E11EFF2FE10000A0E31EFF2FE158
S214012FE0010690E10100001A0000E0E31EFF2FE158
S214012FF00000A0E31EFF2FE18120A0E1073252E28C
S21401300002C653227FC57C220600009A02C101E255
S2140130108021A0E1A00E8CE1020152E30301A0E0B1
S2140130200100C0031EFF2FE1010111E30F00001A8A
S2140130302E2693E2020101B21EFF2FB1011681E393
S214013040A22AA0E1182062E220C062E2103CB0E1B0
S2140130503002A0E1010080138135A0E1A335A0E193
S214013060130C80E13332A0E18330A0E1E6FFFFEAF2
S214013070C23AF0E10300001A013690E17F04A01382
S214013080030580131EFF2F11020101E27F0480E376
S214013090020580E31EFF2FE100C0E0E3020000EA24
S2140130A001C0A0E3000000EA01C0A0E304C02DE5D2
S2140130B08020A0E18130A0E142CCF0E143CCF011C8
S2140130C00700000A04D08DE2A3C092E1010030118E
S2140130D003005250C10FA081C10FE03101008013DF
S2140130E01EFF2FE142CCF0E10100001A80C4B0E1DE
S2140130F00300001A43CCF0E1F1FFFF1A81C4B0E1EE
S214013100EFFFFF0A04009DE41EFF2FE100C0A0E1CF
S2140131100100A0E10C10A0E1FFFFFFEA0F402DE93E
S214013120E0FFFFEB000050E3000070430F40BDE8F6
S2140131301EFF2FE108E02DE5F7FFFFEB0100A003DE
S2140131400000A01308E09DE41EFF2FE108E02DE536
S214013150F1FFFFEB0100A0330000A02308E09DE48F
S2140131601EFF2FE108E02DE5EBFFFFEB0100A0932A
S2140131700000A08308E09DE41EFF2FE108E02DE596
S214013180E1FFFFEB0100A0930000A08308E09DE4AF
S2140131901EFF2FE108E02DE5DBFFFFEB0100A0336A
S2140131A00000A02308E09DE41EFF2FE1000053E38A
S2140131B0000052030400001A000051E3000050030F
S2140131C00010E0130000E013D0FCFFEA08D04DE247
S2140131D000602DE9030000EB04E09DE508D08DE2D8
S2140131E00C00BDE81EFF2FE1030051E1F84F2DE969
S2140131F0020050010040A0E10150A0E128A09DE599
S2140132000000A0330010A0333D00003A0200A0E108
S2140132100310A0E10280A0E10390A0E1520000EBC0
S2140132200510A0E100B0A0E10400A0E14E0000EB13
S21401323000B04BE020204BE2197BA0E1187287E139
S21401324020C06BE2387C87E1070055E1186BA0E1EE
S214013250060054010000A0330010A0330500003A18
S21401326001E0A0E3064054E01E12A0E13E1C81E10D
S2140132700750C5E01E0BA0E100005BE32000000A3A
S214013280A770B0E16660A0E10BE0A0E1070000EAEC
S214013290064054E00750C5E0044094E00550A5E020
S2140132A0014094E20050A5E201E05EE20600000A59
S2140132B0070055E106005401F4FFFF2A044094E09C
S2140132C00550A5E001E05EE2F8FFFF1A34EBA0E14D
S2140132D015EC8EE135E28EE1046090E00E40A0E14F
S2140132E00570A1E0351BA0E10150A0E1111BA0E192
S2140132F01E1281E11E0BA0E13E1C81E1000056E09A
S2140133000110C7E000005AE330008A18F84FBDE804
S2140133101EFF2FE10000A0E31EFF2FE10000E0E307
S2140133201EFF2FE1FCFFFFEA0000E0E31EFF2FE196
S2140133300000A0E31EFF2FE10000E0E31EFF2FE1E7
S2140133401EFF2FE1FDFFFFEA0000A0E31EFF2FE1B5
S214013350FCFFFFEAFBFFFFEAFAFFFFEAF9FFFFEADD
S214013360F8FFFFEAF7FFFFEAF6FFFFEA10402DE954
S214013370000051E30200001A050000EB200080E285
S214013380010000EA0100A0E1010000EB1040BDE8E9
S2140133901EFF2FE11C10A0E3010850E32008A02126
S2140133A010104122010C50E32004A02108104122F4
S2140133B0100050E32002A0210410412208208FE2D1
S2140133C00000D2E7010080E01EFF2FE104030202A5
S2140133D001010101000000000000000010402DE97D
S2140133E0E40100EB30309FE5000053E30000931545
S2140133F00300A00124309FE5000053E3001093155D
S2140134000310A0010020A0E3B8B3FFEB10309FE546
S214013410000053E305B4FF1BFEFFFFEA4C4C01001E
S214013420484C01003004000070402DE90050A0E136
S2140134301B0100EB004050E21D00000A78309FE5BA
S214013440000053E30200000A003094E5020053E353
S214013450120000DA013045E2010053E30800009A49
S2140134600200A0E30410A0E1563412EF000050E37E
S2140134700030E003003084053D0100EB7040BDE8FC
S2140134801EFF2FE1010055E30830A0030730E013CB
S214013490002094E5033094E7030052E1EFFFFF1AA2
S2140134A00030E0E30000A0E3003084E57040BDE8B2
S2140134B01EFF2FE10000E0E3EFFFFFEA000000003F
S2140134C004E02DE51800A0E304109FE5563412EF42
S2140134D0FEFFFFEA2600020070402DE90140A0E150
S2140134E0EF0000EB005050E21700000A3C20A0E37A
S2140134F00010A0E30400A0E118D3FFEB022AA0E32A
S214013500013BA0E348109FE5000051E3042084E559
S2140135102C3084E50300000A003095E5020053E3F1
S2140135200000A0D3060000DA0510A0E10C00A0E31D
S214013530563412EF010070E3100084150000A0134A
S2140135400B0100EB7040BDE81EFF2FE10000E0E339
S214013550FBFFFFEA0000000010402DE9D00000EB61
S214013560001050E20B00000A34309FE5000053E3E0
S2140135700300000A003091E5020053E30100A0D3E6
S214013580020000DA0900A0E3563412EFF80000EB5F
S2140135901040BDE81EFF2FE10100A0E11040BDE88C
S2140135A01EFF2FE10000000070402DE908D04DE21B
S2140135B00140A0E10250A0E1B90000EB006050E23A
S2140135C03000000A010055E32600000A020055E318
S2140135D00900000A000055E30D00000A610100EB36
S2140135E01620A0E30030E0E3002080E50300A0E120
S2140135F008D08DE27040BDE81EFF2FE10C00A0E36D
S2140136000610A0E1563412EF010070E30F00000A25
S214013610004084E074309FE5000053E3003096E5F7
S2140136200100000A020053E3110000DA000054E32F
S21401363018008DE8E8FFFFBA0A00A0E30D10A0E12C
S214013640563412EF010070E30400A0110440861501
S214013650C70000EB0030A0E10300A0E108D08DE236
S2140136607040BDE81EFF2FE1043096E5034084E07C
S214013670E7FFFFEA3B0100EB0920A0E30030E0E3AF
S214013680002080E5D8FFFFEA0030E0E3D6FFFFEA3E
S2140136900000000070402DE910D04DE20160A0E16D
S2140136A00250A0E17E0000EB004050E20E00000A4E
S2140136B0003094E50600A0E348008DE90C508DE546
S2140136C004108DE2563412EF010070E304309415B5
S2140136D0000045100030831004308415A40000EB70
S2140136E010D08DE27040BDE81EFF2FE10000E0E340
S2140136F0FAFFFFEA70402DE910D04DE20160A0E12B
S2140137000250A0E1660000EB004050E20E00000A05
S214013710003094E50500A0E348008DE90C508DE5E6
S21401372004108DE2563412EF010070E30430941554
S2140137300000451000308310043084158C0000EB27
S21401374010D08DE27040BDE81EFF2FE10000E0E3DF
S214013750FAFFFFEA64109FE564209FE5003091E5DB
S214013760002092E5000083E0000052E300005211C1
S21401377010402DE90A00003A0D20A0E1020053E1B5
S2140137800300009A000081E51040BDE80300A0E1B7
S2140137901EFF2FE10DC0A0E1012C80E202005CE1DA
S2140137A0F7FFFF2AEF0000EB0C20A0E30030E0E378
S2140137B0002080E51040BDE80300A0E11EFF2FE1D8
S2140137C0304B01002C4B01000030A0E30020E0E369
S2140137D070402DE9BC409FE510D04DE2832184E77F
S2140137E0013083E2140053E3FBFFFF1AA8309FE584
S2140137F0000053E30A00000A0010A0E30120A0E342
S2140138000230A0E3001084E5082084E5103084E54A
S2140138100130A0E3A03084E510D08DE27040BDE811
S2140138201EFF2FE10350A0E370609FE508308DE591
S2140138300C508DE504608DE504108DE20100A0E3D7
S214013840563412EF0430A0E3000084E504608DE5F1
S2140138500C508DE508308DE503108DE00100A0E3E6
S214013860563412EF0830A0E3080084E504608DE5C5
S2140138700C508DE504108DE208308DE50100A0E3C3
S214013880563412EF010070E308309405100084E509
S21401389010308405DDFFFFEAA44B010000000000A4
S2140138A0FC40010070402DE94C409FE5A03094E5B6
S2140138B0000053E30050A0E10800000A130055E39E
S2140138C00800008A853194E7010073E3854184107E
S2140138D00400000A0400A0E17040BDE81EFF2FE1CD
S2140138E0B8FFFFEBF4FFFFEA9E0000EB0930A0E310
S2140138F00040A0E3003080E5F5FFFFEAA44B01009D
S21401390070402DE964409FE5A03094E5000053E344
S2140139100050A0E11300000A0030A0E3832194E7E1
S214013920010072E38321A0E10900000A013083E26D
S214013930140053E3F8FFFF1A8A0000EB0040A0E3EF
S2140139401830A0E3003080E50400A0E17040BDE837
S2140139501EFF2FE1024084E00400A0E1003085E56F
S2140139607040BDE81EFF2FE196FFFFEBE9FFFFEA7F
S214013970A44B0100010070E370402DE90040A0E176
S2140139800200000A0400A0E17040BDE81EFF2FE11E
S214013990740000EB0010A0E30050A0E11300A0E3C8
S2140139A0563412EF000085E50400A0E17040BDE842
S2140139B01EFF2FE1F0412DE998419FE5000054E3F9
S2140139C008D04DE20200000A08D08DE2F041BDE8C1
S2140139D01EFF2FE1010CA0E35DFFFFEB010070E38A
S2140139E00050A0E1F7FFFF0A013CA0E30040C0E55C
S2140139F00D10A0E11500A0E300508DE504308DE523
S214013A00563412EF0180A0E30860A0E10400A0E1B3
S214013A100470A0E140419FE50520A0E10510A0E16A
S214013A200030A0E3007084E500C0D1E500005CE34F
S214013A302F00000A000053E3011081E20500001A7E
S214013A40000050E32800000A003094E5032180E7D7
S214013A50013083E2003084E520005CE31500000AB3
S214013A6027005CE322005C130E00001A0030D1E54B
S214013A70000053E30600001A1D0000EA000050E3B0
S214013A800030C2150130F1E501208212000053E337
S214013A901700000A0C0053E1F7FFFF1A011081E23C
S214013AA00630A0E1DFFFFFEA000050E300C0C215C8
S214013AB001208212F9FFFFEA000050E30600000A27
S214013AC00070C2E500C0D1E500005CE3012082E29F
S214013AD00700000A011081E2D8FFFFEA00C0D1E525
S214013AE000005CE30200000A011081E2003094E568
S214013AF0D6FFFFEA010058E30800000A020058E377
S214013B001200001A0030A0E30030C2E54C209FE509
S214013B10001094E5013180E7000082E5A9FFFFEA85
S214013B20050041E0100080E20F00C0E3010C40E216
S214013B3007FFFFEB000094E5040080E20300C0E30A
S214013B400001A0E102FFFFEB010070E39DFFFF0A09
S214013B50018088E2AFFFFFEA000000004C4C010044
S214013B60484C0100FEFFFFEA10402DE982CDFFEB35
S214013B701040BDE81EFF2FE170402DE964609FE50F
S214013B8064509FE5056046E04661B0E10040A01341
S214013B900500000A014084E2043095E40FE0A0E14C
S214013BA013FF2FE1040056E1F9FFFF1A3C609FE581
S214013BB03C509FE5056046E0500100EB4661B0E1F0
S214013BC00040A0130500000A014084E2043095E499
S214013BD00FE0A0E113FF2FE1040056E1F9FFFF1A01
S214013BE07040BDE81EFF2FE1184101001841010099
S20C013BF03441010018410100F7
S208013BF800000000C3
S20C013BFCECF5FF7F010000005B
S214013C080A50726F6772616D207374617274732ED5
S214013C182E2E0000496E7365727420412076616C01
S214013C2875653A200000000025640000496E73653A
S214013C38727420422076616C75653A200000000097
S214013C48526573756C74203D2025640A0A000000CD
S214013C58884101002020202020202020202020200C
S214013C682020202030303030303030303030303086
S214013C7830303030494E4600696E66004E414E007F
S214013C886E616E0030313233343536373839414259
S214013C984344454600000000303132333435363768
S214013CA8383961626364656600000000286E756CC9
S214013CB86C290000300000000A0001000200030021
S214013CC80400050006000700080009000A000B00AA
S214013CD80C000D000E000F001000000065256C6436
S214013CE800000000496E66696E697479000000007C
S214013CF84E614E0043000000504F534958000000E3
S214013D082E00000000000000050000001900000059
S214013D187D00000000000000000000000000F03FE9
S214013D280000000000002440000000000000594088
S214013D380000000000408F40000000000088C340DB
S214013D4800000000006AF8400000000080842E4150
S214013D5800000000D01263410000000084D797419C
S214013D680000000065CDCD41000000205FA00242A2
S214013D78000000E876483742000000A2941A6D4217
S214013D88000040E59C30A2420000901EC4BCD6420A
S214013D9800003426F56B0C430080E03779C34143B5
S214013DA800A0D8855734764300C84E676DC1AB432B
S214013DB8003D9160E458E143408CB5781DAF154449
S214013DC850EFE2D6E41A4B4492D54D06CFF0804424
S214013DD8F64AE1C7022DB544B49DD9794378EA4439
S214013DE8BC89D897B2D29C3C33A7A8D523F64939C3
S214013DF83DA7F444FD0FA5329D978CCF08BA5B25E5
S214013E08436FAC642806C80A0080E03779C341438B
S214013E18176E05B5B5B89346F5F93FE9034F384D22
S214013E28321D30F94877825A3CBF737FDD4F1575CE
S214013E3835000000CEFBFFFFCB03000001000000A9
S214013E480000000034000000CEFBFFFFCB0300009B
S214013E580100000000000000BC89D897B2D29C3C43
S214013E6833A7A8D523F649393DA7F444FD0FA53253
S214013E789D978CCF08BA5B25436FAC6428066811FA
S214013E886E660000696E697479000000616E000054
S214013E982020202020202020202020202020202014
S214013EA83030303030303030303030303030303004
S214013EB820202020202020202020202020202020F4
S214013EC830303030303030303030303030303030E4
S214013ED800202020202020202020282828282820CC
S214013EE820202020202020202020202020202020C4
S214013EF8208810101010101010101010101010102C
S214013F08100404040404040404040410101010101B
S214013F1810104141414141410101010101010101E5
S214013F280101010101010101010101011010101037
S214013F3810104242424242420202020202020202B7
S214013F48020202020202020202020202101010100B
S214013F582000000000000000000000000000000033
S214013F680000000000000000000000000000000043
S214013F780000000000000000000000000000000033
S214013F880000000000000000000000000000000023
S214013F980000000000000000000000000000000013
S214013FA80000000000000000000000000000000003
S214013FB800000000000000000000000000000000F3
S214013FC800000000000000000000000000000000E3
S214013FD800000000000000000000000000000000D3
S214013FE800000000000000000000000000000000C3
S214013FF800000000000000000000000000000000B3
S21401400800000000101112131415161718190000D5
S21401401800000000001A1B1C1D1E1F0000000000E7
S2140140280000000000000000000000000000000082
S21401403800000000001A1B1C1D1E1F0000000000C7
S2140140480000000000000000000000000000000062
S2140140580000000000000000000000000000000052
S2140140680000000000000000000000000000000042
S2140140780000000000000000000000000000000032
S2140140880000000000000000000000000000000022
S2140140980000000000000000000000000000000012
S2140140A80000000000000000000000000000000002
S2140140B800000000000000000000000000000000F2
S2140140C800000000000000000000000000000000E2
S2140140D80000000020202020202020202020202052
S2140140E82020202030303030303030303030303002
S2140140F8303030303A7474000DC0A0E1F8DF2DE995
S21401410804B04CE228D04BE2F06F9DE81EFF2FE189
S214014118F84400004C64000064640000A4820000B7
S21401412810450000D8010000B43901000DC0A0E117
S214014138F8DF2DE904B04CE228D04BE2F06F9DE899
S2140141481EFF2FE19401000000000000400000005F
S21401415840000000F84A01001801000000000000B5
S21401416800000000000000000C0020FF000020FFF7
S214014178040020FF080020FF88410100000000001D
S2140141880000000074440100DC44010044450100BD
S2140141980000000000000000000000000000000011
S2140141A80000000000000000000000000000000001
S2140141B800000000000000000000000000000000F1
S2140141C800000000000000000000000000000000E1
S2140141D800000000000000000000000000000000D1
S2140141E800000000000000000000000000000000C1
S2140141F800000000000000000000000000000000B1
S21401420800000000000000000000000000000000A0
S2140142180000000000000000000000000000000090
S214014228000000000000000001000000000000007F
S2140142380E33CDAB34126DE6ECDE05000B00000044
S2140142480000000000000000000000000000000060
S2140142580000000000000000000000000000000050
S2140142680000000000000000000000000000000040
S2140142780000000000000000000000000000000030
S2140142880000000000000000000000000000000020
S2140142980000000000000000000000000000000010
S2140142A80000000000000000000000000000000000
S2140142B800000000000000000000000000000000F0
S2140142C800000000000000000000000000000000E0
S2140142D800000000000000000000000000000000D0
S2140142E800000000000000000000000000000000C0
S2140142F800000000000000000000000000000000B0
S214014308000000000000000000000000000000009F
S214014318000000000000000000000000000000008F
S214014328000000000000000000000000000000007F
S214014338000000000000000000000000000000006F
S214014348000000000000000000000000000000005F
S214014358000000000000000000000000000000004F
S214014368000000000000000000000000000000003F
S214014378000000000000000000000000000000002F
S214014388000000000000000000000000000000001F
S214014398000000000000000000000000000000000F
S2140143A800000000000000000000000000000000FF
S2140143B800000000000000000000000000000000EF
S2140143C800000000000000000000000000000000DF
S2140143D800000000000000000000000000000000CF
S2140143E800000000000000000000000000000000BF
S2140143F800000000000000000000000000000000AF
S214014408000000000000000000000000000000009E
S214014418000000000000000000000000000000008E
S214014428000000000000000000000000000000007E
S214014438000000000000000000000000000000006E
S214014448000000000000000000000000000000005E
S214014458000000000000000000000000000000004E
S214014468000000000000000000000000000000003E
S214014478000000000000000000000000000000002E
S214014488000000000000000000000000000000001E
S214014498000000000000000000000000000000000E
S2140144A800000000000000000000000000000000FE
S2140144B800000000000000000000000000000000EE
S2140144C800000000000000000000000000000000DE
S2140144D800000000000000000000000000000000CE
S2140144E800000000000000000000000000000000BE
S2140144F800000000000000000000000000000000AE
S214014508000000000000000000000000000000009D
S214014518000000000000000000000000000000008D
S214014528000000000000000000000000000000007D
S214014538000000000000000000000000000000006D
S214014548000000000000000000000000000000005D
S214014558000000000000000000000000000000004D
S214014568000000000000000000000000000000003D
S214014578000000000000000000000000000000002D
S214014588000000000000000000000000000000001D
S214014598000000000000000000000000000000000D
S2140145A800000000000000004300000000000000BA
S2140145B800000000000000000000000000000000ED
S2140145C8000000000000000043000000000000009A
S2140145D800000000000000000000000000000000CD
S2140145E8000000000000000043000000000000007A
S2140145F800000000000000000000000000000000AD
S2140146080000000000000000430000000000000059
S214014618000000000000000000000000000000008C
S2140146280000000000000000430000000000000039
S214014638000000000000000000000000000000006C
S2140146480000000000000000430000000000000019
S214014658000000000000000000000000000000004C
S21401466800000000000000004300000000000000F9
S214014678000000000000000000000000000000002C
S214014688000000000000000050FA0000A87D0000AD
S21401469800000000D83E0100083D01002C3C010046
S2140146A82C3C01002C3C01002C3C01002C3C010058
S2140146B82C3C01002C3C01002C3C01002C3C010048
S2140146C8FFFFFFFFFFFFFFFFFFFFFFFFFFFF0000EA
S2140146D80100415343494900000000000000000062
S2140146E800000000000000000000000000000000BC
S2140146F80000415343494900000000000000000043
S214014708000000000000000000000000000000009B
S2140147180000000000000000000000001C47010027
S2140147281C47010024470100244701002C470100CB
S2140147382C47010034470100344701003C4701007B
S2140147483C47010044470100444701004C4701002B
S2140147584C47010054470100544701005C470100DB
S2140147685C47010064470100644701006C4701008B
S2140147786C47010074470100744701007C4701003B
S2140147887C47010084470100844701008C470100EB
S2140147988C47010094470100944701009C4701009B
S2140147A89C470100A4470100A4470100AC4701004B
S2140147B8AC470100B4470100B4470100BC470100FB
S2140147C8BC470100C4470100C4470100CC470100AB
S2140147D8CC470100D4470100D4470100DC4701005B
S2140147E8DC470100E4470100E4470100EC4701000B
S2140147F8EC470100F4470100F4470100FC470100BB
S214014808FC47010004480100044801000C48010067
S2140148180C48010014480100144801001C48010016
S2140148281C48010024480100244801002C480100C6
S2140148382C48010034480100344801003C48010076
S2140148483C48010044480100444801004C48010026
S2140148584C48010054480100544801005C480100D6
S2140148685C48010064480100644801006C48010086
S2140148786C48010074480100744801007C48010036
S2140148887C48010084480100844801008C480100E6
S2140148988C48010094480100944801009C48010096
S2140148A89C480100A4480100A4480100AC48010046
S2140148B8AC480100B4480100B4480100BC480100F6
S2140148C8BC480100C4480100C4480100CC480100A6
S2140148D8CC480100D4480100D4480100DC48010056
S2140148E8DC480100E4480100E4480100EC48010006
S2140148F8EC480100F4480100F4480100FC480100B6
S214014908FC48010004490100044901000C49010062
S2140149180C49010014490100144901001C49010011
S2140149281C49010024490100244901002C490100C1
S2140149382C49010034490100344901003C49010071
S2140149483C49010044490100444901004C49010021
S2140149584C49010054490100544901005C490100D1
S2140149685C49010064490100644901006C49010081
S2140149786C49010074490100744901007C49010031
S2140149887C49010084490100844901008C490100E1
S2140149988C49010094490100944901009C49010091
S2140149A89C490100A4490100A4490100AC49010041
S2140149B8AC490100B4490100B4490100BC490100F1
S2140149C8BC490100C4490100C4490100CC490100A1
S2140149D8CC490100D4490100D4490100DC49010051
S2140149E8DC490100E4490100E4490100EC49010001
S2140149F8EC490100F4490100F4490100FC490100B1
S214014A08FC490100044A0100044A01000C4A01005D
S214014A180C4A0100144A0100144A01001C4A01000C
S214014A281C4A0100244A0100244A01002C4A0100BC
S214014A382C4A0100344A0100344A01003C4A01006C
S214014A483C4A0100444A0100444A01004C4A01001C
S214014A584C4A0100544A0100544A01005C4A0100CC
S214014A685C4A0100644A0100644A01006C4A01007C
S214014A786C4A0100744A0100744A01007C4A01002C
S214014A887C4A0100844A0100844A01008C4A0100DC
S214014A988C4A0100944A0100944A01009C4A01008C
S214014AA89C4A0100A44A0100A44A0100AC4A01003C
S214014AB8AC4A0100B44A0100B44A0100BC4A0100EC
S214014AC8BC4A0100C44A0100C44A0100CC4A01009C
S214014AD8CC4A0100D44A0100D44A0100DC4A01004C
S214014AE8DC4A0100E44A0100E44A0100EC4A0100FC
S214014AF8EC4A0100F44A0100F44A0100FC4A0100AC
S214014B08FC4A0100044B0100044B01000C4B010058
S214014B180C4B0100144B0100144B0100FFFFFFFF73
S214014B2800000200F8FFFF3F504C010000000000A3
S804000120DA
