-- Catapult Ultra Synthesis: Report                                              
-- ------------------------- ---------------------------------------------------
-- Version:                  2021.1/950854 Production Release                    
-- Build Date:               Mon Aug  2 21:36:02 PDT 2021                        
                                                                                 
-- Generated by:             andreu.roca.montserrat@c5c4                         
-- Generated date:           Thu Nov 21 17:53:03 CET 2024                        

Solution Settings: mult_add_pipeline.v3
  Current state: extract
  Project: Catapult
  
  Design Input Files Specified
    $PROJECT_HOME/src/mult_add_pipeline.cpp
      $PROJECT_HOME/src/mult_add_pipeline.h
        $MGC_HOME/shared/include/ac_fixed.h
          $MGC_HOME/shared/include/ac_int.h
        $MGC_HOME/shared/include/ac_channel.h
      $MGC_HOME/shared/include/mc_scverify.h
    $PROJECT_HOME/src/mult_add_pipeline_ref.cpp
    $PROJECT_HOME/src/tb.cpp
  
  Processes/Blocks in Design
    Process                 Real Operation(s) count Latency Throughput Reset Length II Comments 
    ----------------------- ----------------------- ------- ---------- ------------ -- --------
    /mult_add_pipeline/core                      12       5          1            1  0          
    Design Total:                                12       5          1            1  1          
    
  Bill Of Materials (Datapath)
    Component Name                     Area Score Area(DSP) Area(LUTs) Delay Post Alloc Post Assign 
    ---------------------------------- ---------- --------- ---------- ----- ---------- -----------
    [Lib: ccs_ioport]                                                                               
    ccs_ctrl_in_buf_wait(1,11,1,0,0,1)      0.000     0.000      0.000 0.000          1           1 
    ccs_ctrl_in_buf_wait(2,14,1,0,0,1)      0.000     0.000      0.000 0.000          1           1 
    ccs_ctrl_in_buf_wait(3,25,1,0,0,1)      0.000     0.000      0.000 0.000          1           1 
    ccs_in(4,10)                            0.000     0.000      0.000 0.000          1           1 
    ccs_in(5,1)                             0.000     0.000      0.000 0.000          1           1 
    ccs_out_buf_wait(6,30,1,0,0,1,0)        0.000     0.000      0.000 0.000          1           1 
    [Lib: mgc_Altera-Cyclone-V-6_beh]                                                               
    mgc_add(25,0,25,0,26)                  14.500     0.000     14.500 2.454          1           1 
    mgc_and(1,2)                            1.000     0.000      1.000 1.279          0          20 
    mgc_and(1,3)                            1.000     0.000      1.000 1.279          0           6 
    mgc_and(1,4)                            1.000     0.000      1.000 1.279          0           1 
    mgc_mul(10,1,26,0,34)                 310.000     1.000      0.000 4.600          1           1 
    mgc_mul(11,0,14,0,25)                 310.000     1.000      0.000 4.600          1           1 
    mgc_mux(1,1,2)                          1.000     0.000      1.000 1.312          0           1 
    mgc_mux(11,1,2)                        11.000     0.000     11.000 1.312          0           1 
    mgc_mux(14,1,2)                        14.000     0.000     14.000 1.312          0           1 
    mgc_mux(25,1,2)                        25.000     0.000     25.000 1.312          0           1 
    mgc_mux(26,1,2)                        26.000     0.000     26.000 1.312          1           1 
    mgc_nand(1,4)                           1.000     0.000      1.000 1.279          0           1 
    mgc_nor(1,2)                            1.000     0.000      1.000 1.268          0           8 
    mgc_not(1)                              0.000     0.000      0.000 0.000          0          28 
    mgc_or(1,2)                             1.000     0.000      1.000 1.268          0           1 
    mgc_or(1,3)                             1.000     0.000      1.000 1.268          0           8 
    mgc_reg_pos(1,0,0,1,1,0,0)              0.000     0.000      0.000 0.300          0          11 
    mgc_reg_pos(1,0,0,1,1,1,1)              0.000     0.000      0.000 0.300          0           9 
    mgc_reg_pos(10,0,0,1,1,1,1)             0.000     0.000      0.000 0.300          0           3 
    mgc_reg_pos(11,0,0,1,1,1,1)             0.000     0.000      0.000 0.300          0           2 
    mgc_reg_pos(14,0,0,1,1,1,1)             0.000     0.000      0.000 0.300          0           2 
    mgc_reg_pos(25,0,0,1,1,1,1)             0.000     0.000      0.000 0.300          0           4 
    mgc_reg_pos(26,0,0,1,1,1,1)             0.000     0.000      0.000 0.300          0           4 
    [Lib: mgc_ioport]                                                                               
    mgc_io_sync(0)                          0.000     0.000      0.000 0.000          2           2 
                                                                                                    
    TOTAL AREA (After Assignment):        756.500     2.000    137.000                              
    
  Area Scores
                      Post-Scheduling  Post-DP & FSM Post-Assignment 
    ----------------- --------------- -------------- ---------------
    Total Area Score:    660.5          757.1           757.5        
    Total Reg:             0.0            0.0             0.0        
                                                                     
    DataPath:            660.5 (100%)   756.1 (100%)    756.5 (100%) 
      MUX:                26.0   (4%)    80.6  (11%)     77.0  (10%) 
      FUNC:              634.5  (96%)   634.5  (84%)    634.5  (84%) 
      LOGIC:               0.0           41.0   (5%)     45.0   (6%) 
      BUFFER:              0.0            0.0             0.0        
      MEM:                 0.0            0.0             0.0        
      ROM:                 0.0            0.0             0.0        
      REG:                 0.0            0.0             0.0        
                                                                     
    
    FSM:                   0.0            1.0   (0%)      1.0   (0%) 
      FSM-REG:             0.0            0.0             0.0        
      FSM-COMB:            0.0            1.0 (100%)      1.0 (100%) 
                                                                     
    
  Register-to-Variable Mappings
    Register                                                                 Size(bits) Gated Register CG Opt Done Variables                                                                
    ------------------------------------------------------------------------ ---------- -------------- ----------- ------------------------------------------------------------------------
    operator*<10,2,true,AC_TRN,AC_WRAP,26,false>:mul:cmp.z.oreg:pconst(33:8)         26         Y                  operator*<10,2,true,AC_TRN,AC_WRAP,26,false>:mul:cmp.z.oreg:pconst(33:8) 
    reg(operator*<10,2,true,AC_TRN,AC_WRAP,26,false>:mul:cmp.b).cse                  26         Y                  reg(operator*<10,2,true,AC_TRN,AC_WRAP,26,false>:mul:cmp.b).cse          
    result:rsci.idat(29:4)                                                           26         Y           Y      result:rsci.idat(29:4)                                                   
    sum.sva.2                                                                        26         Y           Y      sum.sva.2                                                                
    c:rsci.idat.bfwt                                                                 25         Y           Y      c:rsci.idat.bfwt                                                         
    product:mul:cmp.z.oreg                                                           25         Y                  product:mul:cmp.z.oreg                                                   
    sum:c.tmp.sva.1                                                                  25         Y                  sum:c.tmp.sva.1                                                          
    sum:c.tmp.sva.2                                                                  25         Y           Y      sum:c.tmp.sva.2                                                          
    b:rsci.idat.bfwt                                                                 14         Y           Y      b:rsci.idat.bfwt                                                         
    product:mul:cmp.b                                                                14         Y                  product:mul:cmp.b                                                        
    a:rsci.idat.bfwt                                                                 11         Y           Y      a:rsci.idat.bfwt                                                         
    product:mul:cmp.a                                                                11         Y                  product:mul:cmp.a                                                        
    gain.sva.1                                                                       10         Y           Y      gain.sva.1                                                               
    gain.sva.2                                                                       10         Y           Y      gain.sva.2                                                               
    operator*<10,2,true,AC_TRN,AC_WRAP,26,false>:mul:cmp.a                           10         Y                  operator*<10,2,true,AC_TRN,AC_WRAP,26,false>:mul:cmp.a                   
    CHECK:io_read(gain_adjust:rsc.@).svs.4                                            1         Y           Y      CHECK:io_read(gain_adjust:rsc.@).svs.4                                   
    CHECK:io_read(gain_adjust:rsc.@).svs.st.1                                         1         Y                  CHECK:io_read(gain_adjust:rsc.@).svs.st.1                                
    CHECK:io_read(gain_adjust:rsc.@).svs.st.2                                         1         Y           Y      CHECK:io_read(gain_adjust:rsc.@).svs.st.2                                
    CHECK:io_read(gain_adjust:rsc.@).svs.st.3                                         1         Y           Y      CHECK:io_read(gain_adjust:rsc.@).svs.st.3                                
    a:rsci.bcwt.reg                                                                   1                            a:rsci.bcwt.reg                                                          
    a:rsci.ivld.oreg.rneg                                                             1                            a:rsci.ivld.oreg.rneg                                                    
    b:rsci.bcwt.reg                                                                   1                            b:rsci.bcwt.reg                                                          
    b:rsci.ivld.oreg.rneg                                                             1                            b:rsci.ivld.oreg.rneg                                                    
    c:rsci.bcwt.reg                                                                   1                            c:rsci.bcwt.reg                                                          
    c:rsci.ivld.oreg.rneg                                                             1                            c:rsci.ivld.oreg.rneg                                                    
    core.wen                                                                          1                            core.wen                                                                 
    core.wten                                                                         1                            core.wten                                                                
    main.stage_0.3                                                                    1         Y                  main.stage_0.3                                                           
    main.stage_0.4                                                                    1         Y                  main.stage_0.4                                                           
    main.stage_0.5                                                                    1         Y                  main.stage_0.5                                                           
    reg(c:rsci.iswt0).tmp                                                             1                            reg(c:rsci.iswt0).tmp                                                    
    reg(gain_adjust:rsc.triosy:obj.iswt0).cse                                         1         Y                  reg(gain_adjust:rsc.triosy:obj.iswt0).cse                                
    reg(result:rsci.iswt0).tmp                                                        1         Y           Y      reg(result:rsci.iswt0).tmp                                               
    result:rsci.bcwt.reg                                                              1                            result:rsci.bcwt.reg                                                     
    result:rsci.irdy.oreg.rneg                                                        1                            result:rsci.irdy.oreg.rneg                                               
                                                                                                                                                                                            
    Total:                                                                          304            293         151 (Total Gating Ratio: 0.96, CG Opt Gating Ratio: 0.50)                    
    
  Timing Report
    Critical Path
      Max Delay:  9.219655000000001
      Slack:      -4.219655000000001
      
      Path                                                                          Startpoint                                                              Endpoint                                Delay  Slack   
      ----------------------------------------------------------------------------- ----------------------------------------------------------------------- --------------------------------------- ------ -------
      1                                                                             mult_add_pipeline:core/reg(c:rsci.iswt0)                                mult_add_pipeline:core/reg(core.wen)    9.2197 -4.2197 
                                                                                                                                                                                                                   
        Instance                                                                    Component                                                                                                       Delta  Delay   
        --------                                                                    ---------                                                                                                       -----  -----   
        mult_add_pipeline:core/reg(c:rsci.iswt0)                                    mgc_reg_pos_1_0_0_1_1_0_0                                                                                       0.3001 0.3001  
        mult_add_pipeline:core/reg(c:rsci.iswt0).tmp                                                                                                                                                0.0000 0.3001  
        mult_add_pipeline:core:a:rsci/a:rsci.oswt                                                                                                                                                   0.0000 0.3001  
        mult_add_pipeline:core:a:rsci:a:wait_ctrl/a:rsci.oswt                                                                                                                                       0.0000 0.3001  
        mult_add_pipeline:core:a:rsci:a:wait_ctrl/product:and#3                     mgc_and_1_2                                                                                                     1.2790 1.5791  
        mult_add_pipeline:core:a:rsci:a:wait_ctrl/a:rsci.ogwt                                                                                                                                       0.0000 1.5791  
        mult_add_pipeline:core:a:rsci:a:wait_ctrl/product:and#1                     mgc_and_1_2                                                                                                     1.2790 2.8580  
        mult_add_pipeline:core:a:rsci:a:wait_ctrl/a:rsci.biwt                                                                                                                                       0.0000 2.8580  
        mult_add_pipeline:core:a:rsci/a:rsci.biwt                                                                                                                                                   0.0000 2.8580  
        mult_add_pipeline:core:a:rsci:a:wait_dp/a:rsci.biwt                                                                                                                                         0.0000 2.8580  
        mult_add_pipeline:core:a:rsci:a:wait_dp/product:nor#1                       mgc_nor_1_2                                                                                                     1.2679 4.1259  
        mult_add_pipeline:core:a:rsci:a:wait_dp/product:nor#1.itm                                                                                                                                   0.0000 4.1259  
        mult_add_pipeline:core:a:rsci:a:wait_dp/product:nor                         mgc_nor_1_2                                                                                                     1.2679 5.3938  
        mult_add_pipeline:core:a:rsci:a:wait_dp/product:nor.rmff                                                                                                                                    0.0000 5.3938  
        mult_add_pipeline:core:a:rsci:a:wait_dp/product:asn(a:rsci.bcwt.pff)                                                                                                                        0.0000 5.3938  
        mult_add_pipeline:core:a:rsci:a:wait_dp/a:rsci.bcwt.pff                                                                                                                                     0.0000 5.3938  
        mult_add_pipeline:core:a:rsci/a:rsci.bcwt.iff                                                                                                                                               0.0000 5.3938  
        mult_add_pipeline:core:a:rsci:a:wait_ctrl/a:rsci.bcwt.pff                                                                                                                                   0.0000 5.3938  
        mult_add_pipeline:core:a:rsci:a:wait_ctrl/product:not#2                     mgc_not_1                                                                                                       0.0000 5.3938  
        mult_add_pipeline:core:a:rsci:a:wait_ctrl/product:not#2.itm                                                                                                                                 0.0000 5.3938  
        mult_add_pipeline:core:a:rsci:a:wait_ctrl/product:and#5                     mgc_and_1_3                                                                                                     1.2790 6.6728  
        mult_add_pipeline:core:a:rsci:a:wait_ctrl/a:rsci.biwt.pff                                                                                                                                   0.0000 6.6728  
        mult_add_pipeline:core:a:rsci/a:rsci.biwt.iff                                                                                                                                               0.0000 6.6728  
        mult_add_pipeline:core:a:rsci:a:wait_dp/a:rsci.biwt.pff                                                                                                                                     0.0000 6.6728  
        mult_add_pipeline:core:a:rsci:a:wait_dp/product:or#2                        mgc_or_1_3                                                                                                      1.2679 7.9407  
        mult_add_pipeline:core:a:rsci:a:wait_dp/a:rsci.wen_comp.pff                                                                                                                                 0.0000 7.9407  
        mult_add_pipeline:core:a:rsci/a:rsci.wen_comp.iff                                                                                                                                           0.0000 7.9407  
        mult_add_pipeline:core:a:rsci/asn(a:rsci.wen_comp.pff)                                                                                                                                      0.0000 7.9407  
        mult_add_pipeline:core:a:rsci/a:rsci.wen_comp.pff                                                                                                                                           0.0000 7.9407  
        mult_add_pipeline:core/a:rsci.wen_comp.iff                                                                                                                                                  0.0000 7.9407  
        mult_add_pipeline:core:staller/a:rsci.wen_comp.pff                                                                                                                                          0.0000 7.9407  
        mult_add_pipeline:core:staller/and#5                                        mgc_and_1_4                                                                                                     1.2790 9.2197  
        mult_add_pipeline:core:staller/core.wen                                                                                                                                                     0.0000 9.2197  
        mult_add_pipeline:core/core.wen:rtff                                                                                                                                                        0.0000 9.2197  
        mult_add_pipeline:core/reg(core.wen)                                        mgc_reg_pos_1_0_0_1_1_0_0                                                                                       0.0000 9.2197  
                                                                                                                                                                                                                   
      2                                                                             mult_add_pipeline:core/reg(c:rsci.iswt0)                                mult_add_pipeline:core:staller/core.wen 9.2197 -4.2197 
                                                                                                                                                                                                                   
        Instance                                                                    Component                                                                                                       Delta  Delay   
        --------                                                                    ---------                                                                                                       -----  -----   
        mult_add_pipeline:core/reg(c:rsci.iswt0)                                    mgc_reg_pos_1_0_0_1_1_0_0                                                                                       0.3001 0.3001  
        mult_add_pipeline:core/reg(c:rsci.iswt0).tmp                                                                                                                                                0.0000 0.3001  
        mult_add_pipeline:core:a:rsci/a:rsci.oswt                                                                                                                                                   0.0000 0.3001  
        mult_add_pipeline:core:a:rsci:a:wait_ctrl/a:rsci.oswt                                                                                                                                       0.0000 0.3001  
        mult_add_pipeline:core:a:rsci:a:wait_ctrl/product:and#3                     mgc_and_1_2                                                                                                     1.2790 1.5791  
        mult_add_pipeline:core:a:rsci:a:wait_ctrl/a:rsci.ogwt                                                                                                                                       0.0000 1.5791  
        mult_add_pipeline:core:a:rsci:a:wait_ctrl/product:and#1                     mgc_and_1_2                                                                                                     1.2790 2.8580  
        mult_add_pipeline:core:a:rsci:a:wait_ctrl/a:rsci.biwt                                                                                                                                       0.0000 2.8580  
        mult_add_pipeline:core:a:rsci/a:rsci.biwt                                                                                                                                                   0.0000 2.8580  
        mult_add_pipeline:core:a:rsci:a:wait_dp/a:rsci.biwt                                                                                                                                         0.0000 2.8580  
        mult_add_pipeline:core:a:rsci:a:wait_dp/product:nor#1                       mgc_nor_1_2                                                                                                     1.2679 4.1259  
        mult_add_pipeline:core:a:rsci:a:wait_dp/product:nor#1.itm                                                                                                                                   0.0000 4.1259  
        mult_add_pipeline:core:a:rsci:a:wait_dp/product:nor                         mgc_nor_1_2                                                                                                     1.2679 5.3938  
        mult_add_pipeline:core:a:rsci:a:wait_dp/product:nor.rmff                                                                                                                                    0.0000 5.3938  
        mult_add_pipeline:core:a:rsci:a:wait_dp/product:asn(a:rsci.bcwt.pff)                                                                                                                        0.0000 5.3938  
        mult_add_pipeline:core:a:rsci:a:wait_dp/a:rsci.bcwt.pff                                                                                                                                     0.0000 5.3938  
        mult_add_pipeline:core:a:rsci/a:rsci.bcwt.iff                                                                                                                                               0.0000 5.3938  
        mult_add_pipeline:core:a:rsci:a:wait_ctrl/a:rsci.bcwt.pff                                                                                                                                   0.0000 5.3938  
        mult_add_pipeline:core:a:rsci:a:wait_ctrl/product:not#2                     mgc_not_1                                                                                                       0.0000 5.3938  
        mult_add_pipeline:core:a:rsci:a:wait_ctrl/product:not#2.itm                                                                                                                                 0.0000 5.3938  
        mult_add_pipeline:core:a:rsci:a:wait_ctrl/product:and#5                     mgc_and_1_3                                                                                                     1.2790 6.6728  
        mult_add_pipeline:core:a:rsci:a:wait_ctrl/a:rsci.biwt.pff                                                                                                                                   0.0000 6.6728  
        mult_add_pipeline:core:a:rsci/a:rsci.biwt.iff                                                                                                                                               0.0000 6.6728  
        mult_add_pipeline:core:a:rsci:a:wait_dp/a:rsci.biwt.pff                                                                                                                                     0.0000 6.6728  
        mult_add_pipeline:core:a:rsci:a:wait_dp/product:or#2                        mgc_or_1_3                                                                                                      1.2679 7.9407  
        mult_add_pipeline:core:a:rsci:a:wait_dp/a:rsci.wen_comp.pff                                                                                                                                 0.0000 7.9407  
        mult_add_pipeline:core:a:rsci/a:rsci.wen_comp.iff                                                                                                                                           0.0000 7.9407  
        mult_add_pipeline:core:a:rsci/asn(a:rsci.wen_comp.pff)                                                                                                                                      0.0000 7.9407  
        mult_add_pipeline:core:a:rsci/a:rsci.wen_comp.pff                                                                                                                                           0.0000 7.9407  
        mult_add_pipeline:core/a:rsci.wen_comp.iff                                                                                                                                                  0.0000 7.9407  
        mult_add_pipeline:core:staller/a:rsci.wen_comp.pff                                                                                                                                          0.0000 7.9407  
        mult_add_pipeline:core:staller/and#5                                        mgc_and_1_4                                                                                                     1.2790 9.2197  
        mult_add_pipeline:core:staller/core.wen                                                                                                                                                     0.0000 9.2197  
                                                                                                                                                                                                                   
      3                                                                             mult_add_pipeline:core:a:rsci:a:wait_dp/reg(a:rsci.bcwt)                mult_add_pipeline:core:staller/core.wen 9.2197 -4.2197 
                                                                                                                                                                                                                   
        Instance                                                                    Component                                                                                                       Delta  Delay   
        --------                                                                    ---------                                                                                                       -----  -----   
        mult_add_pipeline:core:a:rsci:a:wait_dp/reg(a:rsci.bcwt)                    mgc_reg_pos_1_0_0_1_1_0_0                                                                                       0.3001 0.3001  
        mult_add_pipeline:core:a:rsci:a:wait_dp/a:rsci.bcwt.reg                                                                                                                                     0.0000 0.3001  
        mult_add_pipeline:core:a:rsci:a:wait_dp/product:asn(a:rsci.bcwt)                                                                                                                            0.0000 0.3001  
        mult_add_pipeline:core:a:rsci:a:wait_dp/a:rsci.bcwt                                                                                                                                         0.0000 0.3001  
        mult_add_pipeline:core:a:rsci/a:rsci.bcwt                                                                                                                                                   0.0000 0.3001  
        mult_add_pipeline:core:a:rsci:a:wait_ctrl/a:rsci.bcwt                                                                                                                                       0.0000 0.3001  
        mult_add_pipeline:core:a:rsci:a:wait_ctrl/product:not#1                     mgc_not_1                                                                                                       0.0000 0.3001  
        mult_add_pipeline:core:a:rsci:a:wait_ctrl/product:not#1.itm                                                                                                                                 0.0000 0.3001  
        mult_add_pipeline:core:a:rsci:a:wait_ctrl/product:and#3                     mgc_and_1_2                                                                                                     1.2790 1.5791  
        mult_add_pipeline:core:a:rsci:a:wait_ctrl/a:rsci.ogwt                                                                                                                                       0.0000 1.5791  
        mult_add_pipeline:core:a:rsci:a:wait_ctrl/product:and#1                     mgc_and_1_2                                                                                                     1.2790 2.8580  
        mult_add_pipeline:core:a:rsci:a:wait_ctrl/a:rsci.biwt                                                                                                                                       0.0000 2.8580  
        mult_add_pipeline:core:a:rsci/a:rsci.biwt                                                                                                                                                   0.0000 2.8580  
        mult_add_pipeline:core:a:rsci:a:wait_dp/a:rsci.biwt                                                                                                                                         0.0000 2.8580  
        mult_add_pipeline:core:a:rsci:a:wait_dp/product:nor#1                       mgc_nor_1_2                                                                                                     1.2679 4.1259  
        mult_add_pipeline:core:a:rsci:a:wait_dp/product:nor#1.itm                                                                                                                                   0.0000 4.1259  
        mult_add_pipeline:core:a:rsci:a:wait_dp/product:nor                         mgc_nor_1_2                                                                                                     1.2679 5.3938  
        mult_add_pipeline:core:a:rsci:a:wait_dp/product:nor.rmff                                                                                                                                    0.0000 5.3938  
        mult_add_pipeline:core:a:rsci:a:wait_dp/product:asn(a:rsci.bcwt.pff)                                                                                                                        0.0000 5.3938  
        mult_add_pipeline:core:a:rsci:a:wait_dp/a:rsci.bcwt.pff                                                                                                                                     0.0000 5.3938  
        mult_add_pipeline:core:a:rsci/a:rsci.bcwt.iff                                                                                                                                               0.0000 5.3938  
        mult_add_pipeline:core:a:rsci:a:wait_ctrl/a:rsci.bcwt.pff                                                                                                                                   0.0000 5.3938  
        mult_add_pipeline:core:a:rsci:a:wait_ctrl/product:not#2                     mgc_not_1                                                                                                       0.0000 5.3938  
        mult_add_pipeline:core:a:rsci:a:wait_ctrl/product:not#2.itm                                                                                                                                 0.0000 5.3938  
        mult_add_pipeline:core:a:rsci:a:wait_ctrl/product:and#5                     mgc_and_1_3                                                                                                     1.2790 6.6728  
        mult_add_pipeline:core:a:rsci:a:wait_ctrl/a:rsci.biwt.pff                                                                                                                                   0.0000 6.6728  
        mult_add_pipeline:core:a:rsci/a:rsci.biwt.iff                                                                                                                                               0.0000 6.6728  
        mult_add_pipeline:core:a:rsci:a:wait_dp/a:rsci.biwt.pff                                                                                                                                     0.0000 6.6728  
        mult_add_pipeline:core:a:rsci:a:wait_dp/product:or#2                        mgc_or_1_3                                                                                                      1.2679 7.9407  
        mult_add_pipeline:core:a:rsci:a:wait_dp/a:rsci.wen_comp.pff                                                                                                                                 0.0000 7.9407  
        mult_add_pipeline:core:a:rsci/a:rsci.wen_comp.iff                                                                                                                                           0.0000 7.9407  
        mult_add_pipeline:core:a:rsci/asn(a:rsci.wen_comp.pff)                                                                                                                                      0.0000 7.9407  
        mult_add_pipeline:core:a:rsci/a:rsci.wen_comp.pff                                                                                                                                           0.0000 7.9407  
        mult_add_pipeline:core/a:rsci.wen_comp.iff                                                                                                                                                  0.0000 7.9407  
        mult_add_pipeline:core:staller/a:rsci.wen_comp.pff                                                                                                                                          0.0000 7.9407  
        mult_add_pipeline:core:staller/and#5                                        mgc_and_1_4                                                                                                     1.2790 9.2197  
        mult_add_pipeline:core:staller/core.wen                                                                                                                                                     0.0000 9.2197  
                                                                                                                                                                                                                   
      4                                                                             mult_add_pipeline:core/reg(result:rsci.iswt0)                           mult_add_pipeline:core:staller/core.wen 9.2197 -4.2197 
                                                                                                                                                                                                                   
        Instance                                                                    Component                                                                                                       Delta  Delay   
        --------                                                                    ---------                                                                                                       -----  -----   
        mult_add_pipeline:core/reg(result:rsci.iswt0)                               mgc_reg_pos_1_0_0_1_1_1_1                                                                                       0.3001 0.3001  
        mult_add_pipeline:core/reg(result:rsci.iswt0).tmp                                                                                                                                           0.0000 0.3001  
        mult_add_pipeline:core:result:rsci/result:rsci.oswt                                                                                                                                         0.0000 0.3001  
        mult_add_pipeline:core:result:rsci:result:wait_ctrl/result:rsci.oswt                                                                                                                        0.0000 0.3001  
        mult_add_pipeline:core:result:rsci:result:wait_ctrl/and#3                   mgc_and_1_2                                                                                                     1.2790 1.5791  
        mult_add_pipeline:core:result:rsci:result:wait_ctrl/result:rsci.ogwt                                                                                                                        0.0000 1.5791  
        mult_add_pipeline:core:result:rsci:result:wait_ctrl/and#1                   mgc_and_1_2                                                                                                     1.2790 2.8580  
        mult_add_pipeline:core:result:rsci:result:wait_ctrl/result:rsci.biwt                                                                                                                        0.0000 2.8580  
        mult_add_pipeline:core:result:rsci/result:rsci.biwt                                                                                                                                         0.0000 2.8580  
        mult_add_pipeline:core:result:rsci:result:wait_dp/result:rsci.biwt                                                                                                                          0.0000 2.8580  
        mult_add_pipeline:core:result:rsci:result:wait_dp/nor#1                     mgc_nor_1_2                                                                                                     1.2679 4.1259  
        mult_add_pipeline:core:result:rsci:result:wait_dp/nor#1.itm                                                                                                                                 0.0000 4.1259  
        mult_add_pipeline:core:result:rsci:result:wait_dp/nor                       mgc_nor_1_2                                                                                                     1.2679 5.3938  
        mult_add_pipeline:core:result:rsci:result:wait_dp/nor.rmff                                                                                                                                  0.0000 5.3938  
        mult_add_pipeline:core:result:rsci:result:wait_dp/asn(result:rsci.bcwt.pff)                                                                                                                 0.0000 5.3938  
        mult_add_pipeline:core:result:rsci:result:wait_dp/result:rsci.bcwt.pff                                                                                                                      0.0000 5.3938  
        mult_add_pipeline:core:result:rsci/result:rsci.bcwt.iff                                                                                                                                     0.0000 5.3938  
        mult_add_pipeline:core:result:rsci:result:wait_ctrl/result:rsci.bcwt.pff                                                                                                                    0.0000 5.3938  
        mult_add_pipeline:core:result:rsci:result:wait_ctrl/not#2                   mgc_not_1                                                                                                       0.0000 5.3938  
        mult_add_pipeline:core:result:rsci:result:wait_ctrl/not#2.itm                                                                                                                               0.0000 5.3938  
        mult_add_pipeline:core:result:rsci:result:wait_ctrl/and#5                   mgc_and_1_3                                                                                                     1.2790 6.6728  
        mult_add_pipeline:core:result:rsci:result:wait_ctrl/result:rsci.biwt.pff                                                                                                                    0.0000 6.6728  
        mult_add_pipeline:core:result:rsci/result:rsci.biwt.iff                                                                                                                                     0.0000 6.6728  
        mult_add_pipeline:core:result:rsci:result:wait_dp/result:rsci.biwt.pff                                                                                                                      0.0000 6.6728  
        mult_add_pipeline:core:result:rsci:result:wait_dp/or#2                      mgc_or_1_3                                                                                                      1.2679 7.9407  
        mult_add_pipeline:core:result:rsci:result:wait_dp/result:rsci.wen_comp.pff                                                                                                                  0.0000 7.9407  
        mult_add_pipeline:core:result:rsci/result:rsci.wen_comp.iff                                                                                                                                 0.0000 7.9407  
        mult_add_pipeline:core:result:rsci/asn(result:rsci.wen_comp.pff)                                                                                                                            0.0000 7.9407  
        mult_add_pipeline:core:result:rsci/result:rsci.wen_comp.pff                                                                                                                                 0.0000 7.9407  
        mult_add_pipeline:core/result:rsci.wen_comp.iff                                                                                                                                             0.0000 7.9407  
        mult_add_pipeline:core:staller/result:rsci.wen_comp.pff                                                                                                                                     0.0000 7.9407  
        mult_add_pipeline:core:staller/and#5                                        mgc_and_1_4                                                                                                     1.2790 9.2197  
        mult_add_pipeline:core:staller/core.wen                                                                                                                                                     0.0000 9.2197  
                                                                                                                                                                                                                   
      5                                                                             mult_add_pipeline:core/reg(c:rsci.iswt0)                                mult_add_pipeline:core:staller/core.wen 9.2197 -4.2197 
                                                                                                                                                                                                                   
        Instance                                                                    Component                                                                                                       Delta  Delay   
        --------                                                                    ---------                                                                                                       -----  -----   
        mult_add_pipeline:core/reg(c:rsci.iswt0)                                    mgc_reg_pos_1_0_0_1_1_0_0                                                                                       0.3001 0.3001  
        mult_add_pipeline:core/reg(c:rsci.iswt0).tmp                                                                                                                                                0.0000 0.3001  
        mult_add_pipeline:core:b:rsci/b:rsci.oswt                                                                                                                                                   0.0000 0.3001  
        mult_add_pipeline:core:b:rsci:b:wait_ctrl/b:rsci.oswt                                                                                                                                       0.0000 0.3001  
        mult_add_pipeline:core:b:rsci:b:wait_ctrl/product:and#7                     mgc_and_1_2                                                                                                     1.2790 1.5791  
        mult_add_pipeline:core:b:rsci:b:wait_ctrl/b:rsci.ogwt                                                                                                                                       0.0000 1.5791  
        mult_add_pipeline:core:b:rsci:b:wait_ctrl/product:and#5                     mgc_and_1_2                                                                                                     1.2790 2.8580  
        mult_add_pipeline:core:b:rsci:b:wait_ctrl/b:rsci.biwt                                                                                                                                       0.0000 2.8580  
        mult_add_pipeline:core:b:rsci/b:rsci.biwt                                                                                                                                                   0.0000 2.8580  
        mult_add_pipeline:core:b:rsci:b:wait_dp/b:rsci.biwt                                                                                                                                         0.0000 2.8580  
        mult_add_pipeline:core:b:rsci:b:wait_dp/product:nor#3                       mgc_nor_1_2                                                                                                     1.2679 4.1259  
        mult_add_pipeline:core:b:rsci:b:wait_dp/product:nor#3.itm                                                                                                                                   0.0000 4.1259  
        mult_add_pipeline:core:b:rsci:b:wait_dp/product:nor#2                       mgc_nor_1_2                                                                                                     1.2679 5.3938  
        mult_add_pipeline:core:b:rsci:b:wait_dp/product:nor#2.rmff                                                                                                                                  0.0000 5.3938  
        mult_add_pipeline:core:b:rsci:b:wait_dp/product:asn(b:rsci.bcwt.pff)                                                                                                                        0.0000 5.3938  
        mult_add_pipeline:core:b:rsci:b:wait_dp/b:rsci.bcwt.pff                                                                                                                                     0.0000 5.3938  
        mult_add_pipeline:core:b:rsci/b:rsci.bcwt.iff                                                                                                                                               0.0000 5.3938  
        mult_add_pipeline:core:b:rsci:b:wait_ctrl/b:rsci.bcwt.pff                                                                                                                                   0.0000 5.3938  
        mult_add_pipeline:core:b:rsci:b:wait_ctrl/product:not#7                     mgc_not_1                                                                                                       0.0000 5.3938  
        mult_add_pipeline:core:b:rsci:b:wait_ctrl/product:not#7.itm                                                                                                                                 0.0000 5.3938  
        mult_add_pipeline:core:b:rsci:b:wait_ctrl/product:and#9                     mgc_and_1_3                                                                                                     1.2790 6.6728  
        mult_add_pipeline:core:b:rsci:b:wait_ctrl/b:rsci.biwt.pff                                                                                                                                   0.0000 6.6728  
        mult_add_pipeline:core:b:rsci/b:rsci.biwt.iff                                                                                                                                               0.0000 6.6728  
        mult_add_pipeline:core:b:rsci:b:wait_dp/b:rsci.biwt.pff                                                                                                                                     0.0000 6.6728  
        mult_add_pipeline:core:b:rsci:b:wait_dp/product:or#4                        mgc_or_1_3                                                                                                      1.2679 7.9407  
        mult_add_pipeline:core:b:rsci:b:wait_dp/b:rsci.wen_comp.pff                                                                                                                                 0.0000 7.9407  
        mult_add_pipeline:core:b:rsci/b:rsci.wen_comp.iff                                                                                                                                           0.0000 7.9407  
        mult_add_pipeline:core:b:rsci/asn(b:rsci.wen_comp.pff)                                                                                                                                      0.0000 7.9407  
        mult_add_pipeline:core:b:rsci/b:rsci.wen_comp.pff                                                                                                                                           0.0000 7.9407  
        mult_add_pipeline:core/b:rsci.wen_comp.iff                                                                                                                                                  0.0000 7.9407  
        mult_add_pipeline:core:staller/b:rsci.wen_comp.pff                                                                                                                                          0.0000 7.9407  
        mult_add_pipeline:core:staller/and#5                                        mgc_and_1_4                                                                                                     1.2790 9.2197  
        mult_add_pipeline:core:staller/core.wen                                                                                                                                                     0.0000 9.2197  
                                                                                                                                                                                                                   
      6                                                                             mult_add_pipeline:core:result:rsci:result:wait_dp/reg(result:rsci.bcwt) mult_add_pipeline:core:staller/core.wen 9.2197 -4.2197 
                                                                                                                                                                                                                   
        Instance                                                                    Component                                                                                                       Delta  Delay   
        --------                                                                    ---------                                                                                                       -----  -----   
        mult_add_pipeline:core:result:rsci:result:wait_dp/reg(result:rsci.bcwt)     mgc_reg_pos_1_0_0_1_1_0_0                                                                                       0.3001 0.3001  
        mult_add_pipeline:core:result:rsci:result:wait_dp/result:rsci.bcwt.reg                                                                                                                      0.0000 0.3001  
        mult_add_pipeline:core:result:rsci:result:wait_dp/asn(result:rsci.bcwt)                                                                                                                     0.0000 0.3001  
        mult_add_pipeline:core:result:rsci:result:wait_dp/result:rsci.bcwt                                                                                                                          0.0000 0.3001  
        mult_add_pipeline:core:result:rsci/result:rsci.bcwt                                                                                                                                         0.0000 0.3001  
        mult_add_pipeline:core:result:rsci:result:wait_ctrl/result:rsci.bcwt                                                                                                                        0.0000 0.3001  
        mult_add_pipeline:core:result:rsci:result:wait_ctrl/not#1                   mgc_not_1                                                                                                       0.0000 0.3001  
        mult_add_pipeline:core:result:rsci:result:wait_ctrl/not#1.itm                                                                                                                               0.0000 0.3001  
        mult_add_pipeline:core:result:rsci:result:wait_ctrl/and#3                   mgc_and_1_2                                                                                                     1.2790 1.5791  
        mult_add_pipeline:core:result:rsci:result:wait_ctrl/result:rsci.ogwt                                                                                                                        0.0000 1.5791  
        mult_add_pipeline:core:result:rsci:result:wait_ctrl/and#1                   mgc_and_1_2                                                                                                     1.2790 2.8580  
        mult_add_pipeline:core:result:rsci:result:wait_ctrl/result:rsci.biwt                                                                                                                        0.0000 2.8580  
        mult_add_pipeline:core:result:rsci/result:rsci.biwt                                                                                                                                         0.0000 2.8580  
        mult_add_pipeline:core:result:rsci:result:wait_dp/result:rsci.biwt                                                                                                                          0.0000 2.8580  
        mult_add_pipeline:core:result:rsci:result:wait_dp/nor#1                     mgc_nor_1_2                                                                                                     1.2679 4.1259  
        mult_add_pipeline:core:result:rsci:result:wait_dp/nor#1.itm                                                                                                                                 0.0000 4.1259  
        mult_add_pipeline:core:result:rsci:result:wait_dp/nor                       mgc_nor_1_2                                                                                                     1.2679 5.3938  
        mult_add_pipeline:core:result:rsci:result:wait_dp/nor.rmff                                                                                                                                  0.0000 5.3938  
        mult_add_pipeline:core:result:rsci:result:wait_dp/asn(result:rsci.bcwt.pff)                                                                                                                 0.0000 5.3938  
        mult_add_pipeline:core:result:rsci:result:wait_dp/result:rsci.bcwt.pff                                                                                                                      0.0000 5.3938  
        mult_add_pipeline:core:result:rsci/result:rsci.bcwt.iff                                                                                                                                     0.0000 5.3938  
        mult_add_pipeline:core:result:rsci:result:wait_ctrl/result:rsci.bcwt.pff                                                                                                                    0.0000 5.3938  
        mult_add_pipeline:core:result:rsci:result:wait_ctrl/not#2                   mgc_not_1                                                                                                       0.0000 5.3938  
        mult_add_pipeline:core:result:rsci:result:wait_ctrl/not#2.itm                                                                                                                               0.0000 5.3938  
        mult_add_pipeline:core:result:rsci:result:wait_ctrl/and#5                   mgc_and_1_3                                                                                                     1.2790 6.6728  
        mult_add_pipeline:core:result:rsci:result:wait_ctrl/result:rsci.biwt.pff                                                                                                                    0.0000 6.6728  
        mult_add_pipeline:core:result:rsci/result:rsci.biwt.iff                                                                                                                                     0.0000 6.6728  
        mult_add_pipeline:core:result:rsci:result:wait_dp/result:rsci.biwt.pff                                                                                                                      0.0000 6.6728  
        mult_add_pipeline:core:result:rsci:result:wait_dp/or#2                      mgc_or_1_3                                                                                                      1.2679 7.9407  
        mult_add_pipeline:core:result:rsci:result:wait_dp/result:rsci.wen_comp.pff                                                                                                                  0.0000 7.9407  
        mult_add_pipeline:core:result:rsci/result:rsci.wen_comp.iff                                                                                                                                 0.0000 7.9407  
        mult_add_pipeline:core:result:rsci/asn(result:rsci.wen_comp.pff)                                                                                                                            0.0000 7.9407  
        mult_add_pipeline:core:result:rsci/result:rsci.wen_comp.pff                                                                                                                                 0.0000 7.9407  
        mult_add_pipeline:core/result:rsci.wen_comp.iff                                                                                                                                             0.0000 7.9407  
        mult_add_pipeline:core:staller/result:rsci.wen_comp.pff                                                                                                                                     0.0000 7.9407  
        mult_add_pipeline:core:staller/and#5                                        mgc_and_1_4                                                                                                     1.2790 9.2197  
        mult_add_pipeline:core:staller/core.wen                                                                                                                                                     0.0000 9.2197  
                                                                                                                                                                                                                   
      7                                                                             mult_add_pipeline:core/reg(c:rsci.iswt0)                                mult_add_pipeline:core:staller/core.wen 9.2197 -4.2197 
                                                                                                                                                                                                                   
        Instance                                                                    Component                                                                                                       Delta  Delay   
        --------                                                                    ---------                                                                                                       -----  -----   
        mult_add_pipeline:core/reg(c:rsci.iswt0)                                    mgc_reg_pos_1_0_0_1_1_0_0                                                                                       0.3001 0.3001  
        mult_add_pipeline:core/reg(c:rsci.iswt0).tmp                                                                                                                                                0.0000 0.3001  
        mult_add_pipeline:core:c:rsci/c:rsci.oswt                                                                                                                                                   0.0000 0.3001  
        mult_add_pipeline:core:c:rsci:c:wait_ctrl/c:rsci.oswt                                                                                                                                       0.0000 0.3001  
        mult_add_pipeline:core:c:rsci:c:wait_ctrl/sum:and#3                         mgc_and_1_2                                                                                                     1.2790 1.5791  
        mult_add_pipeline:core:c:rsci:c:wait_ctrl/c:rsci.ogwt                                                                                                                                       0.0000 1.5791  
        mult_add_pipeline:core:c:rsci:c:wait_ctrl/sum:and#1                         mgc_and_1_2                                                                                                     1.2790 2.8580  
        mult_add_pipeline:core:c:rsci:c:wait_ctrl/c:rsci.biwt                                                                                                                                       0.0000 2.8580  
        mult_add_pipeline:core:c:rsci/c:rsci.biwt                                                                                                                                                   0.0000 2.8580  
        mult_add_pipeline:core:c:rsci:c:wait_dp/c:rsci.biwt                                                                                                                                         0.0000 2.8580  
        mult_add_pipeline:core:c:rsci:c:wait_dp/sum:nor#1                           mgc_nor_1_2                                                                                                     1.2679 4.1259  
        mult_add_pipeline:core:c:rsci:c:wait_dp/sum:nor#1.itm                                                                                                                                       0.0000 4.1259  
        mult_add_pipeline:core:c:rsci:c:wait_dp/sum:nor                             mgc_nor_1_2                                                                                                     1.2679 5.3938  
        mult_add_pipeline:core:c:rsci:c:wait_dp/sum:nor.rmff                                                                                                                                        0.0000 5.3938  
        mult_add_pipeline:core:c:rsci:c:wait_dp/sum:asn(c:rsci.bcwt.pff)                                                                                                                            0.0000 5.3938  
        mult_add_pipeline:core:c:rsci:c:wait_dp/c:rsci.bcwt.pff                                                                                                                                     0.0000 5.3938  
        mult_add_pipeline:core:c:rsci/c:rsci.bcwt.iff                                                                                                                                               0.0000 5.3938  
        mult_add_pipeline:core:c:rsci:c:wait_ctrl/c:rsci.bcwt.pff                                                                                                                                   0.0000 5.3938  
        mult_add_pipeline:core:c:rsci:c:wait_ctrl/sum:not#2                         mgc_not_1                                                                                                       0.0000 5.3938  
        mult_add_pipeline:core:c:rsci:c:wait_ctrl/sum:not#2.itm                                                                                                                                     0.0000 5.3938  
        mult_add_pipeline:core:c:rsci:c:wait_ctrl/sum:and#5                         mgc_and_1_3                                                                                                     1.2790 6.6728  
        mult_add_pipeline:core:c:rsci:c:wait_ctrl/c:rsci.biwt.pff                                                                                                                                   0.0000 6.6728  
        mult_add_pipeline:core:c:rsci/c:rsci.biwt.iff                                                                                                                                               0.0000 6.6728  
        mult_add_pipeline:core:c:rsci:c:wait_dp/c:rsci.biwt.pff                                                                                                                                     0.0000 6.6728  
        mult_add_pipeline:core:c:rsci:c:wait_dp/sum:or#2                            mgc_or_1_3                                                                                                      1.2679 7.9407  
        mult_add_pipeline:core:c:rsci:c:wait_dp/c:rsci.wen_comp.pff                                                                                                                                 0.0000 7.9407  
        mult_add_pipeline:core:c:rsci/c:rsci.wen_comp.iff                                                                                                                                           0.0000 7.9407  
        mult_add_pipeline:core:c:rsci/asn(c:rsci.wen_comp.pff)                                                                                                                                      0.0000 7.9407  
        mult_add_pipeline:core:c:rsci/c:rsci.wen_comp.pff                                                                                                                                           0.0000 7.9407  
        mult_add_pipeline:core/c:rsci.wen_comp.iff                                                                                                                                                  0.0000 7.9407  
        mult_add_pipeline:core:staller/c:rsci.wen_comp.pff                                                                                                                                          0.0000 7.9407  
        mult_add_pipeline:core:staller/and#5                                        mgc_and_1_4                                                                                                     1.2790 9.2197  
        mult_add_pipeline:core:staller/core.wen                                                                                                                                                     0.0000 9.2197  
                                                                                                                                                                                                                   
      8                                                                             mult_add_pipeline:core:b:rsci:b:wait_dp/reg(b:rsci.bcwt)                mult_add_pipeline:core:staller/core.wen 9.2197 -4.2197 
                                                                                                                                                                                                                   
        Instance                                                                    Component                                                                                                       Delta  Delay   
        --------                                                                    ---------                                                                                                       -----  -----   
        mult_add_pipeline:core:b:rsci:b:wait_dp/reg(b:rsci.bcwt)                    mgc_reg_pos_1_0_0_1_1_0_0                                                                                       0.3001 0.3001  
        mult_add_pipeline:core:b:rsci:b:wait_dp/b:rsci.bcwt.reg                                                                                                                                     0.0000 0.3001  
        mult_add_pipeline:core:b:rsci:b:wait_dp/product:asn(b:rsci.bcwt)                                                                                                                            0.0000 0.3001  
        mult_add_pipeline:core:b:rsci:b:wait_dp/b:rsci.bcwt                                                                                                                                         0.0000 0.3001  
        mult_add_pipeline:core:b:rsci/b:rsci.bcwt                                                                                                                                                   0.0000 0.3001  
        mult_add_pipeline:core:b:rsci:b:wait_ctrl/b:rsci.bcwt                                                                                                                                       0.0000 0.3001  
        mult_add_pipeline:core:b:rsci:b:wait_ctrl/product:not#6                     mgc_not_1                                                                                                       0.0000 0.3001  
        mult_add_pipeline:core:b:rsci:b:wait_ctrl/product:not#6.itm                                                                                                                                 0.0000 0.3001  
        mult_add_pipeline:core:b:rsci:b:wait_ctrl/product:and#7                     mgc_and_1_2                                                                                                     1.2790 1.5791  
        mult_add_pipeline:core:b:rsci:b:wait_ctrl/b:rsci.ogwt                                                                                                                                       0.0000 1.5791  
        mult_add_pipeline:core:b:rsci:b:wait_ctrl/product:and#5                     mgc_and_1_2                                                                                                     1.2790 2.8580  
        mult_add_pipeline:core:b:rsci:b:wait_ctrl/b:rsci.biwt                                                                                                                                       0.0000 2.8580  
        mult_add_pipeline:core:b:rsci/b:rsci.biwt                                                                                                                                                   0.0000 2.8580  
        mult_add_pipeline:core:b:rsci:b:wait_dp/b:rsci.biwt                                                                                                                                         0.0000 2.8580  
        mult_add_pipeline:core:b:rsci:b:wait_dp/product:nor#3                       mgc_nor_1_2                                                                                                     1.2679 4.1259  
        mult_add_pipeline:core:b:rsci:b:wait_dp/product:nor#3.itm                                                                                                                                   0.0000 4.1259  
        mult_add_pipeline:core:b:rsci:b:wait_dp/product:nor#2                       mgc_nor_1_2                                                                                                     1.2679 5.3938  
        mult_add_pipeline:core:b:rsci:b:wait_dp/product:nor#2.rmff                                                                                                                                  0.0000 5.3938  
        mult_add_pipeline:core:b:rsci:b:wait_dp/product:asn(b:rsci.bcwt.pff)                                                                                                                        0.0000 5.3938  
        mult_add_pipeline:core:b:rsci:b:wait_dp/b:rsci.bcwt.pff                                                                                                                                     0.0000 5.3938  
        mult_add_pipeline:core:b:rsci/b:rsci.bcwt.iff                                                                                                                                               0.0000 5.3938  
        mult_add_pipeline:core:b:rsci:b:wait_ctrl/b:rsci.bcwt.pff                                                                                                                                   0.0000 5.3938  
        mult_add_pipeline:core:b:rsci:b:wait_ctrl/product:not#7                     mgc_not_1                                                                                                       0.0000 5.3938  
        mult_add_pipeline:core:b:rsci:b:wait_ctrl/product:not#7.itm                                                                                                                                 0.0000 5.3938  
        mult_add_pipeline:core:b:rsci:b:wait_ctrl/product:and#9                     mgc_and_1_3                                                                                                     1.2790 6.6728  
        mult_add_pipeline:core:b:rsci:b:wait_ctrl/b:rsci.biwt.pff                                                                                                                                   0.0000 6.6728  
        mult_add_pipeline:core:b:rsci/b:rsci.biwt.iff                                                                                                                                               0.0000 6.6728  
        mult_add_pipeline:core:b:rsci:b:wait_dp/b:rsci.biwt.pff                                                                                                                                     0.0000 6.6728  
        mult_add_pipeline:core:b:rsci:b:wait_dp/product:or#4                        mgc_or_1_3                                                                                                      1.2679 7.9407  
        mult_add_pipeline:core:b:rsci:b:wait_dp/b:rsci.wen_comp.pff                                                                                                                                 0.0000 7.9407  
        mult_add_pipeline:core:b:rsci/b:rsci.wen_comp.iff                                                                                                                                           0.0000 7.9407  
        mult_add_pipeline:core:b:rsci/asn(b:rsci.wen_comp.pff)                                                                                                                                      0.0000 7.9407  
        mult_add_pipeline:core:b:rsci/b:rsci.wen_comp.pff                                                                                                                                           0.0000 7.9407  
        mult_add_pipeline:core/b:rsci.wen_comp.iff                                                                                                                                                  0.0000 7.9407  
        mult_add_pipeline:core:staller/b:rsci.wen_comp.pff                                                                                                                                          0.0000 7.9407  
        mult_add_pipeline:core:staller/and#5                                        mgc_and_1_4                                                                                                     1.2790 9.2197  
        mult_add_pipeline:core:staller/core.wen                                                                                                                                                     0.0000 9.2197  
                                                                                                                                                                                                                   
      9                                                                             mult_add_pipeline:core:c:rsci:c:wait_dp/reg(c:rsci.bcwt)                mult_add_pipeline:core:staller/core.wen 9.2197 -4.2197 
                                                                                                                                                                                                                   
        Instance                                                                    Component                                                                                                       Delta  Delay   
        --------                                                                    ---------                                                                                                       -----  -----   
        mult_add_pipeline:core:c:rsci:c:wait_dp/reg(c:rsci.bcwt)                    mgc_reg_pos_1_0_0_1_1_0_0                                                                                       0.3001 0.3001  
        mult_add_pipeline:core:c:rsci:c:wait_dp/c:rsci.bcwt.reg                                                                                                                                     0.0000 0.3001  
        mult_add_pipeline:core:c:rsci:c:wait_dp/sum:asn(c:rsci.bcwt)                                                                                                                                0.0000 0.3001  
        mult_add_pipeline:core:c:rsci:c:wait_dp/c:rsci.bcwt                                                                                                                                         0.0000 0.3001  
        mult_add_pipeline:core:c:rsci/c:rsci.bcwt                                                                                                                                                   0.0000 0.3001  
        mult_add_pipeline:core:c:rsci:c:wait_ctrl/c:rsci.bcwt                                                                                                                                       0.0000 0.3001  
        mult_add_pipeline:core:c:rsci:c:wait_ctrl/sum:not#1                         mgc_not_1                                                                                                       0.0000 0.3001  
        mult_add_pipeline:core:c:rsci:c:wait_ctrl/sum:not#1.itm                                                                                                                                     0.0000 0.3001  
        mult_add_pipeline:core:c:rsci:c:wait_ctrl/sum:and#3                         mgc_and_1_2                                                                                                     1.2790 1.5791  
        mult_add_pipeline:core:c:rsci:c:wait_ctrl/c:rsci.ogwt                                                                                                                                       0.0000 1.5791  
        mult_add_pipeline:core:c:rsci:c:wait_ctrl/sum:and#1                         mgc_and_1_2                                                                                                     1.2790 2.8580  
        mult_add_pipeline:core:c:rsci:c:wait_ctrl/c:rsci.biwt                                                                                                                                       0.0000 2.8580  
        mult_add_pipeline:core:c:rsci/c:rsci.biwt                                                                                                                                                   0.0000 2.8580  
        mult_add_pipeline:core:c:rsci:c:wait_dp/c:rsci.biwt                                                                                                                                         0.0000 2.8580  
        mult_add_pipeline:core:c:rsci:c:wait_dp/sum:nor#1                           mgc_nor_1_2                                                                                                     1.2679 4.1259  
        mult_add_pipeline:core:c:rsci:c:wait_dp/sum:nor#1.itm                                                                                                                                       0.0000 4.1259  
        mult_add_pipeline:core:c:rsci:c:wait_dp/sum:nor                             mgc_nor_1_2                                                                                                     1.2679 5.3938  
        mult_add_pipeline:core:c:rsci:c:wait_dp/sum:nor.rmff                                                                                                                                        0.0000 5.3938  
        mult_add_pipeline:core:c:rsci:c:wait_dp/sum:asn(c:rsci.bcwt.pff)                                                                                                                            0.0000 5.3938  
        mult_add_pipeline:core:c:rsci:c:wait_dp/c:rsci.bcwt.pff                                                                                                                                     0.0000 5.3938  
        mult_add_pipeline:core:c:rsci/c:rsci.bcwt.iff                                                                                                                                               0.0000 5.3938  
        mult_add_pipeline:core:c:rsci:c:wait_ctrl/c:rsci.bcwt.pff                                                                                                                                   0.0000 5.3938  
        mult_add_pipeline:core:c:rsci:c:wait_ctrl/sum:not#2                         mgc_not_1                                                                                                       0.0000 5.3938  
        mult_add_pipeline:core:c:rsci:c:wait_ctrl/sum:not#2.itm                                                                                                                                     0.0000 5.3938  
        mult_add_pipeline:core:c:rsci:c:wait_ctrl/sum:and#5                         mgc_and_1_3                                                                                                     1.2790 6.6728  
        mult_add_pipeline:core:c:rsci:c:wait_ctrl/c:rsci.biwt.pff                                                                                                                                   0.0000 6.6728  
        mult_add_pipeline:core:c:rsci/c:rsci.biwt.iff                                                                                                                                               0.0000 6.6728  
        mult_add_pipeline:core:c:rsci:c:wait_dp/c:rsci.biwt.pff                                                                                                                                     0.0000 6.6728  
        mult_add_pipeline:core:c:rsci:c:wait_dp/sum:or#2                            mgc_or_1_3                                                                                                      1.2679 7.9407  
        mult_add_pipeline:core:c:rsci:c:wait_dp/c:rsci.wen_comp.pff                                                                                                                                 0.0000 7.9407  
        mult_add_pipeline:core:c:rsci/c:rsci.wen_comp.iff                                                                                                                                           0.0000 7.9407  
        mult_add_pipeline:core:c:rsci/asn(c:rsci.wen_comp.pff)                                                                                                                                      0.0000 7.9407  
        mult_add_pipeline:core:c:rsci/c:rsci.wen_comp.pff                                                                                                                                           0.0000 7.9407  
        mult_add_pipeline:core/c:rsci.wen_comp.iff                                                                                                                                                  0.0000 7.9407  
        mult_add_pipeline:core:staller/c:rsci.wen_comp.pff                                                                                                                                          0.0000 7.9407  
        mult_add_pipeline:core:staller/and#5                                        mgc_and_1_4                                                                                                     1.2790 9.2197  
        mult_add_pipeline:core:staller/core.wen                                                                                                                                                     0.0000 9.2197  
                                                                                                                                                                                                                   
      10                                                                            mult_add_pipeline:core:wait_dp/reg(a:rsci.ivld.oreg.rneg)               mult_add_pipeline:core:staller/core.wen 7.9407 -2.9407 
                                                                                                                                                                                                                   
        Instance                                                                    Component                                                                                                       Delta  Delay   
        --------                                                                    ---------                                                                                                       -----  -----   
        mult_add_pipeline:core:wait_dp/reg(a:rsci.ivld.oreg.rneg)                   mgc_reg_pos_1_0_0_1_1_0_0                                                                                       0.3001 0.3001  
        mult_add_pipeline:core:wait_dp/a:rsci.ivld.oreg.rneg                                                                                                                                        0.0000 0.3001  
        mult_add_pipeline:core:wait_dp/product:not#3                                mgc_not_1                                                                                                       0.0000 0.3001  
        mult_add_pipeline:core:wait_dp/a:rsci.ivld.oreg                                                                                                                                             0.0000 0.3001  
        mult_add_pipeline:core/a:rsci.ivld.oreg                                                                                                                                                     0.0000 0.3001  
        mult_add_pipeline:core:a:rsci/a:rsci.ivld.oreg                                                                                                                                              0.0000 0.3001  
        mult_add_pipeline:core:a:rsci:a:wait_ctrl/a:rsci.ivld.oreg                                                                                                                                  0.0000 0.3001  
        mult_add_pipeline:core:a:rsci:a:wait_ctrl/product:and#1                     mgc_and_1_2                                                                                                     1.2790 1.5791  
        mult_add_pipeline:core:a:rsci:a:wait_ctrl/a:rsci.biwt                                                                                                                                       0.0000 1.5791  
        mult_add_pipeline:core:a:rsci/a:rsci.biwt                                                                                                                                                   0.0000 1.5791  
        mult_add_pipeline:core:a:rsci:a:wait_dp/a:rsci.biwt                                                                                                                                         0.0000 1.5791  
        mult_add_pipeline:core:a:rsci:a:wait_dp/product:nor#1                       mgc_nor_1_2                                                                                                     1.2679 2.8470  
        mult_add_pipeline:core:a:rsci:a:wait_dp/product:nor#1.itm                                                                                                                                   0.0000 2.8470  
        mult_add_pipeline:core:a:rsci:a:wait_dp/product:nor                         mgc_nor_1_2                                                                                                     1.2679 4.1149  
        mult_add_pipeline:core:a:rsci:a:wait_dp/product:nor.rmff                                                                                                                                    0.0000 4.1149  
        mult_add_pipeline:core:a:rsci:a:wait_dp/product:asn(a:rsci.bcwt.pff)                                                                                                                        0.0000 4.1149  
        mult_add_pipeline:core:a:rsci:a:wait_dp/a:rsci.bcwt.pff                                                                                                                                     0.0000 4.1149  
        mult_add_pipeline:core:a:rsci/a:rsci.bcwt.iff                                                                                                                                               0.0000 4.1149  
        mult_add_pipeline:core:a:rsci:a:wait_ctrl/a:rsci.bcwt.pff                                                                                                                                   0.0000 4.1149  
        mult_add_pipeline:core:a:rsci:a:wait_ctrl/product:not#2                     mgc_not_1                                                                                                       0.0000 4.1149  
        mult_add_pipeline:core:a:rsci:a:wait_ctrl/product:not#2.itm                                                                                                                                 0.0000 4.1149  
        mult_add_pipeline:core:a:rsci:a:wait_ctrl/product:and#5                     mgc_and_1_3                                                                                                     1.2790 5.3938  
        mult_add_pipeline:core:a:rsci:a:wait_ctrl/a:rsci.biwt.pff                                                                                                                                   0.0000 5.3938  
        mult_add_pipeline:core:a:rsci/a:rsci.biwt.iff                                                                                                                                               0.0000 5.3938  
        mult_add_pipeline:core:a:rsci:a:wait_dp/a:rsci.biwt.pff                                                                                                                                     0.0000 5.3938  
        mult_add_pipeline:core:a:rsci:a:wait_dp/product:or#2                        mgc_or_1_3                                                                                                      1.2679 6.6617  
        mult_add_pipeline:core:a:rsci:a:wait_dp/a:rsci.wen_comp.pff                                                                                                                                 0.0000 6.6617  
        mult_add_pipeline:core:a:rsci/a:rsci.wen_comp.iff                                                                                                                                           0.0000 6.6617  
        mult_add_pipeline:core:a:rsci/asn(a:rsci.wen_comp.pff)                                                                                                                                      0.0000 6.6617  
        mult_add_pipeline:core:a:rsci/a:rsci.wen_comp.pff                                                                                                                                           0.0000 6.6617  
        mult_add_pipeline:core/a:rsci.wen_comp.iff                                                                                                                                                  0.0000 6.6617  
        mult_add_pipeline:core:staller/a:rsci.wen_comp.pff                                                                                                                                          0.0000 6.6617  
        mult_add_pipeline:core:staller/and#5                                        mgc_and_1_4                                                                                                     1.2790 7.9407  
        mult_add_pipeline:core:staller/core.wen                                                                                                                                                     0.0000 7.9407  
                                                                                                                                                                                                                   
      
    Register Input and Register-to-Output Slack
      Clock period or pin-to-reg delay constraint (clk): 5.0
      Clock uncertainty constraint (clk)               : 0.0
      
      Instance                                                                                        Port                                                                                                                 Slack (Delay) Messages                
      ----------------------------------------------------------------------------------------------- ------------------------------------------------------------------------------------------------------------------ ------- ------- -----------------------
      mult_add_pipeline:core/reg(result:rsci.idat(29:4))                                              operator*<10,2,true,AC_TRN,AC_WRAP,26,false>:operator*<10,2,true,AC_TRN,AC_WRAP,26,false>:mux.itm                   2.1088  2.8912                         
      mult_add_pipeline:core/reg(gain_adjust:rsc.triosy:obj.iswt0)                                    slc(fsm_output)(1)#1.itm                                                                                            5.0000  0.0000                         
      mult_add_pipeline:core/reg(result:rsci.iswt0)                                                   mux.rmff                                                                                                           -0.4380  5.4380 (clock period exceeded) 
      mult_add_pipeline:core/reg(c:rsci.iswt0)                                                        sum:mux.rmff                                                                                                       -0.3938  5.3938 (clock period exceeded) 
      mult_add_pipeline:core/reg(product:mul:cmp.b)                                                   b:rsci.idat.mxwt                                                                                                    3.3878  1.6122                         
      mult_add_pipeline:core/reg(product:mul:cmp.a)                                                   a:rsci.idat.mxwt                                                                                                    3.3878  1.6122                         
      mult_add_pipeline:core/reg(operator*<10,2,true,AC_TRN,AC_WRAP,26,false>:mul:cmp.b)              sum:acc.itm                                                                                                         2.2458  2.7542                         
      mult_add_pipeline:core/reg(operator*<10,2,true,AC_TRN,AC_WRAP,26,false>:mul:cmp.a)              gain.sva.2                                                                                                          4.6999  0.3001                         
      mult_add_pipeline:core/reg(sum.sva.2)                                                           reg(operator*<10,2,true,AC_TRN,AC_WRAP,26,false>:mul:cmp.b).cse                                                     4.6999  0.3001                         
      mult_add_pipeline:core/reg(CHECK:io_read(gain_adjust:rsc.@).svs.4)                              CHECK:io_read(gain_adjust:rsc.@).svs.st.3                                                                           3.4209  1.5791                         
      mult_add_pipeline:core/reg(gain.sva.2)                                                          gain.sva.1                                                                                                          4.6999  0.3001                         
      mult_add_pipeline:core/reg(CHECK:io_read(gain_adjust:rsc.@).svs.st.2)                           CHECK:io_read(gain_adjust:rsc.@).svs.st.1                                                                           3.4209  1.5791                         
      mult_add_pipeline:core/reg(sum:c.tmp.sva.2)                                                     sum:c.tmp.sva.1                                                                                                     4.6999  0.3001                         
      mult_add_pipeline:core/reg(main.stage_0.3)                                                      reg(gain_adjust:rsc.triosy:obj.iswt0).cse                                                                           3.4209  1.5791                         
      mult_add_pipeline:core/reg(main.stage_0.5)                                                      main.stage_0.4                                                                                                      3.4209  1.5791                         
      mult_add_pipeline:core/reg(CHECK:io_read(gain_adjust:rsc.@).svs.st.1)                           gain_adjust:rsci.idat                                                                                               3.7210  1.2790                         
      mult_add_pipeline:core/reg(CHECK:io_read(gain_adjust:rsc.@).svs.st.3)                           CHECK:io_read(gain_adjust:rsc.@).svs.st.2                                                                           4.6999  0.3001                         
      mult_add_pipeline:core/reg(sum:c.tmp.sva.1)                                                     c:rsci.idat.mxwt                                                                                                    3.3878  1.6122                         
      mult_add_pipeline:core/reg(gain.sva.1)                                                          gain:rsci.idat                                                                                                      5.0000  0.0000                         
      mult_add_pipeline:core/reg(main.stage_0.4)                                                      main.stage_0.3                                                                                                      3.4209  1.5791                         
      mult_add_pipeline:core/reg(core.wen)                                                            core.wen:rtff                                                                                                      -4.2197  9.2197 (clock period exceeded) 
      mult_add_pipeline:core:a:rsci:a:wait_dp/reg(a:rsci.bcwt)                                        product:nor.rmff                                                                                                   -1.6617  6.6617 (clock period exceeded) 
      mult_add_pipeline:core:a:rsci:a:wait_dp/reg(a:rsci.idat.bfwt)                                   a:rsci.idat                                                                                                         3.6879  1.3121                         
      mult_add_pipeline:core:wait_dp/reg(a:rsci.ivld.oreg.rneg)                                       product:not#12.itm                                                                                                  5.0000  0.0000                         
      mult_add_pipeline:core:wait_dp/reg(b:rsci.ivld.oreg.rneg)                                       product:not#13.itm                                                                                                  5.0000  0.0000                         
      mult_add_pipeline:core:wait_dp/reg(c:rsci.ivld.oreg.rneg)                                       sum:not#6.itm                                                                                                       5.0000  0.0000                         
      mult_add_pipeline:core:wait_dp/reg(result:rsci.irdy.oreg.rneg)                                  not#6.itm                                                                                                           5.0000  0.0000                         
      mult_add_pipeline:core:wait_dp/reg(operator*<10,2,true,AC_TRN,AC_WRAP,26,false>:mul:cmp.z.oreg) operator*<10,2,true,AC_TRN,AC_WRAP,26,false>:slc(operator*<10,2,true,AC_TRN,AC_WRAP,26,false>:mul:cmp.z)(33-8).itm  0.0999  4.9001                         
      mult_add_pipeline:core:wait_dp/reg(product:mul:cmp.z.oreg)                                      product:mul:cmp.z                                                                                                   0.0999  4.9001                         
      mult_add_pipeline:core:b:rsci:b:wait_dp/reg(b:rsci.bcwt)                                        product:nor#2.rmff                                                                                                 -1.6617  6.6617 (clock period exceeded) 
      mult_add_pipeline:core:b:rsci:b:wait_dp/reg(b:rsci.idat.bfwt)                                   b:rsci.idat                                                                                                         3.6879  1.3121                         
      mult_add_pipeline:core:c:rsci:c:wait_dp/reg(c:rsci.bcwt)                                        sum:nor.rmff                                                                                                       -1.6617  6.6617 (clock period exceeded) 
      mult_add_pipeline:core:c:rsci:c:wait_dp/reg(c:rsci.idat.bfwt)                                   c:rsci.idat                                                                                                         3.6879  1.3121                         
      mult_add_pipeline:core:result:rsci:result:wait_dp/reg(result:rsci.bcwt)                         nor.rmff                                                                                                           -1.6617  6.6617 (clock period exceeded) 
      mult_add_pipeline:core:staller/reg(core.wten)                                                   nand.itm                                                                                                           -0.4049  5.4049 (clock period exceeded) 
      mult_add_pipeline                                                                               a:rsc.rdy                                                                                                           3.4209  1.5791                         
      mult_add_pipeline                                                                               b:rsc.rdy                                                                                                           3.4209  1.5791                         
      mult_add_pipeline                                                                               c:rsc.rdy                                                                                                           3.4209  1.5791                         
      mult_add_pipeline                                                                               gain:rsc.triosy.lz                                                                                                  3.4209  1.5791                         
      mult_add_pipeline                                                                               gain_adjust:rsc.triosy.lz                                                                                           3.4209  1.5791                         
      mult_add_pipeline                                                                               result:rsc.dat                                                                                                      3.4209  1.5791                         
      mult_add_pipeline                                                                               result:rsc.vld                                                                                                      3.4209  1.5791                         
      
  Operator Bitwidth Summary
    Operation  Size (bits) Count 
    ---------- ----------- -----
    add                          
    -                   26     1 
    and                          
    -                    1    27 
    mul                          
    -                   34     1 
    -                   25     1 
    mux                          
    -                   26     1 
    -                   25     1 
    -                   14     1 
    -                   11     1 
    -                    1     1 
    nand                         
    -                    1     1 
    nor                          
    -                    1     8 
    not                          
    -                    1    28 
    or                           
    -                    1     9 
    read_port                    
    -                   25     1 
    -                   14     1 
    -                   11     1 
    -                   10     1 
    -                    1     1 
    read_sync                    
    -                    0     2 
    reg                          
    -                   26     4 
    -                   25     4 
    -                   14     2 
    -                   11     2 
    -                   10     3 
    -                    1    20 
    write_port                   
    -                    0     1 
    
  End of Report
